"Latitude (decimal degrees):	52.524",,,,,
"Longitude (decimal degrees):	6.045",,,,,
"Elevation (m):	2",,,,,
"Radiation database:	PVGIS-SARAH3",,,,,
,,,,,
,,,,,
Slope: 20 deg. ,,,,,
Azimuth: 112 deg. ,,,,,
time,G(i),H_sun,T2m,WS10m,Int
20230101:0011,0,0,15.62,8.83,0
20230101:0111,0,0,15.32,8.41,0
20230101:0211,0,0,15.17,8.07,0
20230101:0311,0,0,14.88,8.14,0
20230101:0411,0,0,13.93,8.28,0
20230101:0511,0,0,13.13,8.41,0
20230101:0611,0,0,12.58,8.21,0
20230101:0711,0,0,13.16,7.52,0
20230101:0811,8.6,1.96,12.71,7.03,0
20230101:0911,48.73,7.86,12.05,6.9,0
20230101:1011,73.57,12.06,11.7,6.69,0
20230101:1111,101.28,14.22,12.22,6.69,0
20230101:1211,111.4,14.15,12.67,6.69,0
20230101:1311,87.29,11.86,12.75,6.55,0
20230101:1411,35.75,7.55,12.64,6,0
20230101:1511,1.95,1.56,12.21,4.76,0
20230101:1611,0,0,11.76,3.86,0
20230101:1711,0,0,11.39,3.59,0
20230101:1811,0,0,10.93,3.03,0
20230101:1911,0,0,10.58,4.34,0
20230101:2011,0,0,10.5,4.14,0
20230101:2111,0,0,10.5,3.59,0
20230101:2211,0,0,10.44,3.24,0
20230101:2311,0,0,10.48,3.66,0
20230102:0011,0,0,10.89,4.48,0
20230102:0111,0,0,11.62,5.31,0
20230102:0211,0,0,11.98,5.45,0
20230102:0311,0,0,12.14,5.72,0
20230102:0411,0,0,12.19,6,0
20230102:0511,0,0,11.95,5.66,0
20230102:0611,0,0,11.33,5.03,0
20230102:0711,0,0,10.64,4.83,0
20230102:0811,1.91,1.99,9.73,4.62,0
20230102:0911,46.82,7.9,9.15,4.07,0
20230102:1011,43,12.12,8.94,3.59,0
20230102:1111,110.38,14.29,8.96,3.45,0
20230102:1211,105.53,14.24,9.3,4,0
20230102:1311,62.38,11.97,9.41,4.21,0
20230102:1411,20.49,7.67,9.23,4.62,0
20230102:1511,0.98,1.68,8.63,4.62,0
20230102:1611,0,0,8.13,4.76,0
20230102:1711,0,0,7.79,4,0
20230102:1811,0,0,7.29,3.59,0
20230102:1911,0,0,6.61,3.31,0
20230102:2011,0,0,6.15,3.17,0
20230102:2111,0,0,5.62,2.9,0
20230102:2211,0,0,5.43,2.83,0
20230102:2311,0,0,5.09,2.83,0
20230103:0011,0,0,4.9,2.83,0
20230103:0111,0,0,4.54,2.62,0
20230103:0211,0,0,4.21,2.48,0
20230103:0311,0,0,3.94,2.48,0
20230103:0411,0,0,4.05,2.55,0
20230103:0511,0,0,4.4,2.62,0
20230103:0611,0,0,4.32,2.76,0
20230103:0711,0,0,3.14,2.76,0
20230103:0811,4.78,2.02,3.18,2.83,0
20230103:0911,49.69,7.95,3.92,3.1,0
20230103:1011,65.93,12.18,5.19,3.79,0
20230103:1111,59.52,14.38,6.2,5.17,0
20230103:1211,42.93,14.34,6.98,5.24,0
20230103:1311,51.71,12.08,7.56,5.03,0
20230103:1411,20.49,7.79,7.75,4.28,0
20230103:1511,3.9,1.81,7.76,4.41,0
20230103:1611,0,0,7.73,4.76,0
20230103:1711,0,0,7.63,5.17,0
20230103:1811,0,0,7.69,5.52,0
20230103:1911,0,0,7.58,5.93,0
20230103:2011,0,0,7.56,6.34,0
20230103:2111,0,0,7.69,6.83,0
20230103:2211,0,0,7.88,7.1,0
20230103:2311,0,0,8.25,7.59,0
20230104:0011,0,0,8.82,8,0
20230104:0111,0,0,9.21,8.41,0
20230104:0211,0,0,9.23,8.55,0
20230104:0311,0,0,9.22,8.41,0
20230104:0411,0,0,9.67,8.41,0
20230104:0511,0,0,10.14,8.55,0
20230104:0611,0,0,10.47,8.97,0
20230104:0711,0,0,10.97,8.62,0
20230104:0811,1.91,2.06,11.15,8.55,0
20230104:0911,35.35,8.01,11.22,8.55,0
20230104:1011,17.2,12.26,11.41,8.41,0
20230104:1111,66.35,14.47,11.78,8.55,0
20230104:1211,47.81,14.45,11.98,9.03,0
20230104:1311,40.98,12.2,12.18,9.86,0
20230104:1411,26.34,7.92,11.87,9.17,0
20230104:1511,3.9,1.95,11.69,8.69,0
20230104:1611,0,0,10.98,8.28,0
20230104:1711,0,0,10.6,8.28,0
20230104:1811,0,0,10.21,8.21,0
20230104:1911,0,0,10.26,8.14,0
20230104:2011,0,0,10.33,8.41,0
20230104:2111,0,0,10.12,8.28,0
20230104:2211,0,0,9.95,8.14,0
20230104:2311,0,0,9.77,7.45,0
20230105:0011,0,0,9.44,7.24,0
20230105:0111,0,0,9.3,7.03,0
20230105:0211,0,0,9.42,7.31,0
20230105:0311,0,0,9.31,7.38,0
20230105:0411,0,0,9.24,6.69,0
20230105:0511,0,0,9.1,6.28,0
20230105:0611,0,0,9.13,6,0
20230105:0711,0,0,9.39,6,0
20230105:0811,3.82,2.11,9.26,5.52,0
20230105:0911,47.78,8.07,9.2,5.1,0
20230105:1011,62.11,12.34,9.42,4.83,0
20230105:1111,74.31,14.57,9.65,4.76,0
20230105:1211,107.98,14.57,10.06,4.34,0
20230105:1311,92.08,12.33,10.2,4.21,0
20230105:1411,32.2,8.06,10.2,3.72,0
20230105:1511,4.88,2.09,9.9,3.17,0
20230105:1611,0,0,9.57,2.83,0
20230105:1711,0,0,9.4,2.83,0
20230105:1811,0,0,9.37,3.1,0
20230105:1911,0,0,9.4,3.86,0
20230105:2011,0,0,9.82,4.48,0
20230105:2111,0,0,10.11,4.9,0
20230105:2211,0,0,10.18,5.03,0
20230105:2311,0,0,10.14,5.1,0
20230106:0011,0,0,10.14,5.17,0
20230106:0111,0,0,10.1,5.38,0
20230106:0211,0,0,10.17,5.59,0
20230106:0311,0,0,10.29,5.79,0
20230106:0411,0,0,10.37,6.14,0
20230106:0511,0,0,10.36,6.55,0
20230106:0611,0,0,10.25,6.97,0
20230106:0711,0,0,10.48,7.66,0
20230106:0811,8.6,2.16,9.89,6.9,0
20230106:0911,40.13,8.14,9.62,5.31,0
20230106:1011,56.38,12.43,9.72,4.69,0
20230106:1111,100.02,14.68,9.98,4.55,0
20230106:1211,143.79,14.69,10.27,4.9,0
20230106:1311,103.35,12.47,10.39,4.34,0
20230106:1411,38.05,8.21,10.05,4.34,0
20230106:1511,5.85,2.24,9.66,4.14,0
20230106:1611,0,0,9,3.93,0
20230106:1711,0,0,8.5,3.52,0
20230106:1811,0,0,8.36,3.38,0
20230106:1911,0,0,7.92,3.31,0
20230106:2011,0,0,8.32,3.52,0
20230106:2111,0,0,8.77,3.93,0
20230106:2211,0,0,9.28,4.34,0
20230106:2311,0,0,9.61,4.48,0
20230107:0011,0,0,9.95,4.69,0
20230107:0111,0,0,10.25,4.9,0
20230107:0211,0,0,10.4,4.83,0
20230107:0311,0,0,10.38,4.76,0
20230107:0411,0,0,10.18,4.69,0
20230107:0511,0,0,10,4.83,0
20230107:0611,0,0,9.75,4.9,0
20230107:0711,0,0,9.04,5.1,0
20230107:0811,8.6,2.22,9.04,5.17,0
20230107:0911,52.55,8.22,9.24,5.31,0
20230107:1011,82.17,12.52,9.81,5.52,0
20230107:1111,116.15,14.79,10.46,5.86,0
20230107:1211,138.75,14.82,10.92,6.28,0
20230107:1311,158.2,12.61,11.09,6.41,0
20230107:1411,84.37,8.36,11.01,6.14,0
20230107:1511,1.95,2.4,10.63,6.07,0
20230107:1611,0,0,10.13,6,0
20230107:1711,0,0,10.23,6.14,0
20230107:1811,0,0,10.4,6.28,0
20230107:1911,0,0,10.33,6.14,0
20230107:2011,0,0,10.17,6.21,0
20230107:2111,0,0,9.71,6.34,0
20230107:2211,0,0,10.12,6.62,0
20230107:2311,0,0,10.47,6.55,0
20230108:0011,0,0,10.16,6.28,0
20230108:0111,0,0,9.74,6.21,0
20230108:0211,0,0,9.32,5.17,0
20230108:0311,0,0,8.89,4.69,0
20230108:0411,0,0,8.53,4.55,0
20230108:0511,0,0,8.2,4.55,0
20230108:0611,0,0,7.95,4.62,0
20230108:0711,0,0,8.32,4.62,0
20230108:0811,10.51,2.29,7.83,4.55,0
20230108:0911,42.04,8.31,7.77,4.48,0
20230108:1011,59.24,12.63,8.5,4.48,0
20230108:1111,115.18,14.92,9.23,6.07,0
20230108:1211,153.09,14.96,9.52,5.72,0
20230108:1311,160.98,12.76,9.72,5.31,0
20230108:1411,74.73,8.51,9.56,5.45,0
20230108:1511,4.88,2.56,8.95,4.76,0
20230108:1611,0,0,8.11,4.21,0
20230108:1711,0,0,7.47,4.41,0
20230108:1811,0,0,7.28,4.76,0
20230108:1911,0,0,7.22,5.24,0
20230108:2011,0,0,7.13,5.03,0
20230108:2111,0,0,7.13,5.03,0
20230108:2211,0,0,7.15,4.97,0
20230108:2311,0,0,7.27,4.76,0
20230109:0011,0,0,7.26,4.76,0
20230109:0111,0,0,7.23,5.1,0
20230109:0211,0,0,7.12,4.9,0
20230109:0311,0,0,6.51,4.41,0
20230109:0411,0,0,5.67,4.34,0
20230109:0511,0,0,5.31,4.41,0
20230109:0611,0,0,5.5,4.55,0
20230109:0711,0,0,5.67,4.34,0
20230109:0811,10.51,2.37,5.76,4.28,0
20230109:0911,50.64,8.4,6.28,4.62,0
20230109:1011,79.31,12.74,6.73,4.9,0
20230109:1111,100.35,15.05,6.79,5.52,0
20230109:1211,59.52,15.11,6.7,5.17,0
20230109:1311,50.73,12.92,6.82,4.9,0
20230109:1411,82.75,8.68,7.04,4.76,0
20230109:1511,3.9,2.73,6.97,4.55,0
20230109:1611,0,0,6.41,4,0
20230109:1711,0,0,5.96,3.59,0
20230109:1811,0,0,5.58,3.52,0
20230109:1911,0,0,5.45,3.52,0
20230109:2011,0,0,5.35,3.66,0
20230109:2111,0,0,5.48,3.72,0
20230109:2211,0,0,5.49,3.79,0
20230109:2311,0,0,5.28,3.66,0
20230110:0011,0,0,5.16,3.86,0
20230110:0111,0,0,5.05,4.28,0
20230110:0211,0,0,5.02,4.28,0
20230110:0311,0,0,5.08,4.21,0
20230110:0411,0,0,5.27,4.28,0
20230110:0511,0,0,5.58,4.28,0
20230110:0611,0,0,5.83,4.28,0
20230110:0711,0,0,5.55,3.93,0
20230110:0811,8.6,2.45,5.13,4.14,0
20230110:0911,38.22,8.5,5.24,4.55,0
20230110:1011,85.04,12.86,5.61,4.07,0
20230110:1111,104.66,15.18,5.76,4.48,0
20230110:1211,69.27,15.26,5.7,4.28,0
20230110:1311,44.88,13.08,5.78,4.48,0
20230110:1411,50.82,8.85,6.11,5.59,0
20230110:1511,2.93,2.9,6.33,5.79,0
20230110:1611,0,0,6.29,6.76,0
20230110:1711,0,0,6.46,7.86,0
20230110:1811,0,0,6.58,8.14,0
20230110:1911,0,0,6.42,7.93,0
20230110:2011,0,0,7,7.59,0
20230110:2111,0,0,7.94,7.38,0
20230110:2211,0,0,8.84,7.31,0
20230110:2311,0,0,9.55,7.45,0
20230111:0011,0,0,10.11,7.59,0
20230111:0111,0,0,10.57,7.59,0
20230111:0211,0,0,10.68,7.38,0
20230111:0311,0,0,10.82,7.1,0
20230111:0411,0,0,10.76,6.34,0
20230111:0511,0,0,10.67,5.93,0
20230111:0611,0,0,10.16,5.38,0
20230111:0711,0,0,9.61,4.41,0
20230111:0811,11.47,2.54,8.91,4.14,0
20230111:0911,44.91,8.6,8.56,4.41,0
20230111:1011,61.15,12.98,8.72,4.9,0
20230111:1111,112.05,15.33,9.12,4.76,0
20230111:1211,151.59,15.42,9.4,5.52,0
20230111:1311,133.6,13.25,9.39,6.48,0
20230111:1411,141.31,9.02,9.04,6.14,0
20230111:1511,4.88,3.07,8.62,5.59,0
20230111:1611,0,0,7.87,5.17,0
20230111:1711,0,0,7.5,5.66,0
20230111:1811,0,0,7.56,6.21,0
20230111:1911,0,0,8.29,7.24,0
20230111:2011,0,0,8.1,7.66,0
20230111:2111,0,0,7.72,7.86,0
20230111:2211,0,0,7.83,7.59,0
20230111:2311,0,0,7.86,7.24,0
20230112:0011,0,0,8.01,6.76,0
20230112:0111,0,0,8.29,6.41,0
20230112:0211,0,0,8.4,6.48,0
20230112:0311,0,0,8.43,6.97,0
20230112:0411,0,0,8.52,7.66,0
20230112:0511,0,0,8.59,8.76,0
20230112:0611,0,0,8.65,10,0
20230112:0711,0,0,9.28,9.03,0
20230112:0811,12.42,2.63,10.03,8.55,0
20230112:0911,33.44,8.72,10.41,8,0
20230112:1011,46.82,13.12,10.73,7.59,0
20230112:1111,36.1,15.48,10.98,7.59,0
20230112:1211,90.83,15.58,10.89,7.17,0
20230112:1311,40,13.43,10.64,6.34,0
20230112:1411,18.54,9.2,10.44,6.34,0
20230112:1511,4.88,3.26,10.42,7.03,0
20230112:1611,0,0,10.39,7.45,0
20230112:1711,0,0,10.3,7.59,0
20230112:1811,0,0,10.22,7.86,0
20230112:1911,0,0,10.24,7.79,0
20230112:2011,0,0,10.26,8.07,0
20230112:2111,0,0,10.31,7.93,0
20230112:2211,0,0,10.05,7.93,0
20230112:2311,0,0,9.61,7.66,0
20230113:0011,0,0,8.98,7.59,0
20230113:0111,0,0,8.25,7.17,0
20230113:0211,0,0,7.71,7.1,0
20230113:0311,0,0,7.45,7.24,0
20230113:0411,0,0,7.48,7.59,0
20230113:0511,0,0,7.47,7.72,0
20230113:0611,0,0,7.34,7.79,0
20230113:0711,0,0,7.62,7.93,0
20230113:0811,9.56,2.74,7.61,8.21,0
20230113:0911,47.78,8.84,7.88,8.34,0
20230113:1011,72.62,13.26,8.18,8.41,0
20230113:1111,47.81,15.64,8.25,8.62,0
20230113:1211,58.54,15.76,8.4,9.03,0
20230113:1311,112.9,13.61,8.61,9.1,0
20230113:1411,173.16,9.39,8.7,8.9,0
20230113:1511,5.85,3.44,8.51,8.48,0
20230113:1611,0,0,8.2,8.07,0
20230113:1711,0,0,7.96,7.59,0
20230113:1811,0,0,7.83,7.1,0
20230113:1911,0,0,7.77,6.62,0
20230113:2011,0,0,7.49,6.21,0
20230113:2111,0,0,7.29,6.14,0
20230113:2211,0,0,7.11,5.79,0
20230113:2311,0,0,6.93,5.31,0
20230114:0011,0,0,6.71,5.24,0
20230114:0111,0,0,6.33,5.1,0
20230114:0211,0,0,5.98,4.55,0
20230114:0311,0,0,5.51,4.41,0
20230114:0411,0,0,4.98,4.41,0
20230114:0511,0,0,4.89,4.76,0
20230114:0611,0,0,5.15,4.97,0
20230114:0711,0,0,5.53,5.31,0
20230114:0811,7.64,2.85,6.14,6.07,0
20230114:0911,21.98,8.97,6.63,6.41,0
20230114:1011,29.62,13.4,7.16,7.17,0
20230114:1111,49.76,15.8,8.01,7.45,0
20230114:1211,38.05,15.94,8.74,8.21,0
20230114:1311,37.08,13.8,9.26,8.9,0
20230114:1411,34.15,9.58,9.61,8.55,0
20230114:1511,4.88,3.64,10.14,8.28,0
20230114:1611,0,0,10.51,8.34,0
20230114:1711,0,0,10.77,8.41,0
20230114:1811,0,0,10.78,8.41,0
20230114:1911,0,0,10.49,7.1,0
20230114:2011,0,0,9.72,5.93,0
20230114:2111,0,0,8.8,6.48,0
20230114:2211,0,0,7.98,6.21,0
20230114:2311,0,0,7.51,6.14,0
20230115:0011,0,0,7.12,6.21,0
20230115:0111,0,0,6.82,6.21,0
20230115:0211,0,0,6.67,6.28,0
20230115:0311,0,0,6.47,6.34,0
20230115:0411,0,0,6.25,6.62,0
20230115:0511,0,0,6.06,6.55,0
20230115:0611,0,0,5.86,6.76,0
20230115:0711,0,0,5.55,7.17,0
20230115:0811,14.33,2.96,5.55,8,0
20230115:0911,19.11,9.1,5.62,8.48,0
20230115:1011,74.53,13.56,6.12,7.79,0
20230115:1111,130.95,15.97,6.64,8.69,0
20230115:1211,78.05,16.12,6.42,9.31,0
20230115:1311,75.05,13.99,6.6,9.03,0
20230115:1411,69.78,9.78,6.54,8.83,0
20230115:1511,13.66,3.84,6.26,7.79,0
20230115:1611,0,0,5.55,6.76,0
20230115:1711,0,0,5.55,6.28,0
20230115:1811,0,0,5.31,6.14,0
20230115:1911,0,0,5.32,5.93,0
20230115:2011,0,0,5.05,5.38,0
20230115:2111,0,0,4.77,4.9,0
20230115:2211,0,0,4.76,4.55,0
20230115:2311,0,0,4.79,4.34,0
20230116:0011,0,0,4.72,4.14,0
20230116:0111,0,0,4.52,3.93,0
20230116:0211,0,0,4.31,3.86,0
20230116:0311,0,0,3.97,3.72,0
20230116:0411,0,0,3.83,3.52,0
20230116:0511,0,0,3.57,3.52,0
20230116:0611,0,0,3.67,3.66,0
20230116:0711,0,0,3.28,4.21,0
20230116:0811,9.56,3.09,3.48,4.14,0
20230116:0911,34.4,9.24,3.92,4.97,0
20230116:1011,48.73,13.72,3.96,6.07,0
20230116:1111,48.78,16.15,3.82,6.07,0
20230116:1211,51.71,16.31,4.02,5.38,0
20230116:1311,65.37,14.19,4.67,4.55,0
20230116:1411,53.14,9.98,5.16,4.55,0
20230116:1511,12.68,4.04,5.09,3.86,0
20230116:1611,0,0,4.69,2.83,0
20230116:1711,0,0,4.49,1.93,0
20230116:1811,0,0,4.39,1.1,0
20230116:1911,0,0,4.32,2.28,0
20230116:2011,0,0,3.96,3.66,0
20230116:2111,0,0,3.49,4.41,0
20230116:2211,0,0,3.29,4.76,0
20230116:2311,0,0,3.11,5.31,0
20230117:0011,0,0,3,6.14,0
20230117:0111,0,0,2.84,6.41,0
20230117:0211,0,0,2.84,5.93,0
20230117:0311,0,0,2.36,4.83,0
20230117:0411,0,0,1.76,4.34,0
20230117:0511,0,0,1.18,3.86,0
20230117:0611,0,0,1.07,3.52,0
20230117:0711,0,0,0.92,3.38,0
20230117:0811,14.33,3.22,0.63,3.17,0
20230117:0911,60.2,9.39,1.11,3.17,0
20230117:1011,55.42,13.89,2.17,3.1,0
20230117:1111,115.22,16.34,3.24,3.59,0
20230117:1211,183.09,16.51,3.78,3.93,0
20230117:1311,204.51,14.4,4.09,3.93,0
20230117:1411,195.36,10.19,3.91,3.31,0
20230117:1511,92.77,4.25,3.39,2.97,0
20230117:1611,0,0,2.29,2.9,0
20230117:1711,0,0,1.31,2.9,0
20230117:1811,0,0,0.55,2.97,0
20230117:1911,0,0,-0.04,3.24,0
20230117:2011,0,0,-0.25,3.24,0
20230117:2111,0,0,-0.44,3.1,0
20230117:2211,0,0,-0.59,2.97,0
20230117:2311,0,0,-0.84,2.9,0
20230118:0011,0,0,-1.04,2.76,0
20230118:0111,0,0,-1.4,2.62,0
20230118:0211,0,0,-1.79,2.62,0
20230118:0311,0,0,-2.02,2.69,0
20230118:0411,0,0,-2.08,2.76,0
20230118:0511,0,0,-1.99,2.83,0
20230118:0611,0,0,-1.68,2.9,0
20230118:0711,0,0,-1.59,3.45,0
20230118:0811,15.29,3.35,-1.51,3.66,0
20230118:0911,62.11,9.55,-0.39,3.86,0
20230118:1011,62.11,14.06,1,3.59,0
20230118:1111,118.61,16.53,2.37,4.34,0
20230118:1211,183.98,16.72,3.13,4.9,0
20230118:1311,205.71,14.61,3.54,5.17,0
20230118:1411,108.02,10.41,3.45,5.66,0
20230118:1511,58.25,4.46,2.99,5.66,0
20230118:1611,0,0,2.19,5.79,0
20230118:1711,0,0,1.89,5.93,0
20230118:1811,0,0,2.01,6.14,0
20230118:1911,0,0,2.25,6.34,0
20230118:2011,0,0,2.32,6.14,0
20230118:2111,0,0,2.39,5.93,0
20230118:2211,0,0,2.48,5.66,0
20230118:2311,0,0,2.35,5.59,0
20230119:0011,0,0,2.11,5.38,0
20230119:0111,0,0,2.01,5.1,0
20230119:0211,0,0,2.25,4.83,0
20230119:0311,0,0,2.38,4.34,0
20230119:0411,0,0,2.64,4.34,0
20230119:0511,0,0,2.94,4.62,0
20230119:0611,0,0,2.99,4.55,0
20230119:0711,0,0,3.23,5.03,0
20230119:0811,17.2,3.5,2.98,4.48,0
20230119:0911,51.6,9.71,3.06,4.07,0
20230119:1011,63.06,14.24,3.85,3.52,0
20230119:1111,121.71,16.73,4.56,3.79,0
20230119:1211,173.51,16.93,4.86,4.14,0
20230119:1311,168.53,14.83,4.99,4.07,0
20230119:1411,136.88,10.63,4.64,3.72,0
20230119:1511,47.04,4.68,3.97,3.66,0
20230119:1611,0,0,2.96,2.83,0
20230119:1711,0,0,1.89,2.41,0
20230119:1811,0,0,1.05,2.34,0
20230119:1911,0,0,0.27,2.62,0
20230119:2011,0,0,-0.22,2.55,0
20230119:2111,0,0,-0.64,2.48,0
20230119:2211,0,0,-0.97,2.48,0
20230119:2311,0,0,-1.11,2.55,0
20230120:0011,0,0,-1.42,2.69,0
20230120:0111,0,0,-1.63,2.69,0
20230120:0211,0,0,-1.72,2.76,0
20230120:0311,0,0,-1.76,2.83,0
20230120:0411,0,0,-1.84,2.9,0
20230120:0511,0,0,-1.95,3.03,0
20230120:0611,0,0,-1.96,3.17,0
20230120:0711,0,0,-1.83,3.1,0
20230120:0811,2.87,3.65,-1.46,3.38,0
20230120:0911,21.02,9.88,-0.76,4.14,0
20230120:1011,69.75,14.43,-0.08,4.76,0
20230120:1111,81.96,16.93,0.64,4.62,0
20230120:1211,143.55,17.15,1.22,4.48,0
20230120:1311,22.44,15.05,1.63,4.34,0
20230120:1411,39.03,10.85,1.89,4.28,0
20230120:1511,45.73,4.9,1.98,3.86,0
20230120:1611,0,0,1.75,3.38,0
20230120:1711,0,0,1.5,3.31,0
20230120:1811,0,0,1.27,3.1,0
20230120:1911,0,0,1.01,2.76,0
20230120:2011,0,0,0.25,2.76,0
20230120:2111,0,0,-0.35,2.9,0
20230120:2211,0,0,-0.65,2.83,0
20230120:2311,0,0,-1.08,2.76,0
20230121:0011,0,0,-1.25,2.62,0
20230121:0111,0,0,-1.51,2.41,0
20230121:0211,0,0,-1.79,2.21,0
20230121:0311,0,0,-2.07,1.93,0
20230121:0411,0,0,-2.45,1.66,0
20230121:0511,0,0,-2.11,1.45,0
20230121:0611,0,0,-1.97,1.45,0
20230121:0711,0,0,-2.59,1.45,0
20230121:0811,11.47,3.8,-2.79,1.52,0
20230121:0911,42.04,10.05,-1.03,1.17,0
20230121:1011,103.04,14.63,0.76,1.38,0
20230121:1111,129.61,17.14,2,1.93,0
20230121:1211,125.39,17.37,2.2,2.55,0
20230121:1311,110.68,15.28,2.33,2.76,0
20230121:1411,105.56,11.08,2.11,2.55,0
20230121:1511,43.6,5.12,1.64,2.28,0
20230121:1611,0,0,1.07,2.34,0
20230121:1711,0,0,0.33,2.55,0
20230121:1811,0,0,0.1,2.83,0
20230121:1911,0,0,-0.01,2.34,0
20230121:2011,0,0,-0.17,2.41,0
20230121:2111,0,0,-0.18,2.48,0
20230121:2211,0,0,0.05,2.69,0
20230121:2311,0,0,0.07,2.9,0
20230122:0011,0,0,0.17,3.03,0
20230122:0111,0,0,-0.08,3.31,0
20230122:0211,0,0,-0.55,3.52,0
20230122:0311,0,0,-0.73,3.59,0
20230122:0411,0,0,-0.5,3.72,0
20230122:0511,0,0,-0.66,3.66,0
20230122:0611,0,0,-0.63,3.59,0
20230122:0711,0,0,-0.79,3.38,0
20230122:0811,21.98,3.97,-0.73,3.24,0
20230122:0911,63.06,10.24,-0.35,2.76,0
20230122:1011,64.39,14.83,0.23,3.31,0
20230122:1111,81.96,17.36,1.2,4.07,0
20230122:1211,61.47,17.6,2.16,4.07,0
20230122:1311,91.56,15.52,2.5,3.79,0
20230122:1411,40.98,11.32,2.51,3.38,0
20230122:1511,23.42,5.36,2.39,3.1,0
20230122:1611,0,0,1.82,2.97,0
20230122:1711,0,0,1.57,3.03,0
20230122:1811,0,0,1.36,3.03,0
20230122:1911,0,0,1.27,2.62,0
20230122:2011,0,0,1.39,2.69,0
20230122:2111,0,0,1.27,2.55,0
20230122:2211,0,0,1.33,2.48,0
20230122:2311,0,0,1.42,2.41,0
20230123:0011,0,0,1.45,2.28,0
20230123:0111,0,0,1.3,2.21,0
20230123:0211,0,0,1.14,2.28,0
20230123:0311,0,0,0.89,2.28,0
20230123:0411,0,0,0.49,2.34,0
20230123:0511,0,0,0.73,2.34,0
20230123:0611,0,0,0.89,2.34,0
20230123:0711,0,0,1.14,2.28,0
20230123:0811,17.2,4.14,1.35,2.14,0
20230123:0911,59.24,10.42,1.86,2.55,0
20230123:1011,65.37,15.03,2.24,2.62,0
20230123:1111,95.87,17.59,2.71,2.48,0
20230123:1211,102.04,17.84,3.11,2.21,0
20230123:1311,78.05,15.76,3.39,2.21,0
20230123:1411,40.98,11.56,3.48,2.41,0
20230123:1511,28.86,5.59,3.34,2.34,0
20230123:1611,0,0,2.92,1.86,0
20230123:1711,0,0,2.55,1.66,0
20230123:1811,0,0,2.22,1.72,0
20230123:1911,0,0,2.24,2.07,0
20230123:2011,0,0,2.25,2.07,0
20230123:2111,0,0,2.16,2,0
20230123:2211,0,0,1.91,1.86,0
20230123:2311,0,0,1.78,1.86,0
20230124:0011,0,0,1.8,1.93,0
20230124:0111,0,0,1.58,1.93,0
20230124:0211,0,0,1.23,1.86,0
20230124:0311,0,0,1.12,2,0
20230124:0411,0,0,1.11,2.14,0
20230124:0511,0,0,0.82,2.21,0
20230124:0611,0,0,0.9,2.34,0
20230124:0711,0,0,1.45,2.62,0
20230124:0811,12.42,4.31,1.43,2.48,0
20230124:0911,39.18,10.62,1.56,2.83,0
20230124:1011,45.86,15.25,1.89,3.03,0
20230124:1111,55.61,17.82,2.28,2.83,0
20230124:1211,52.69,18.08,2.63,2.69,0
20230124:1311,48.78,16,2.93,2.62,0
20230124:1411,40.98,11.8,3.1,2.55,0
20230124:1511,20.49,5.83,2.98,2.28,0
20230124:1611,0,0,2.45,1.66,0
20230124:1711,0,0,2,1.72,0
20230124:1811,0,0,1.45,1.66,0
20230124:1911,0,0,1.02,1.52,0
20230124:2011,0,0,0.94,1.24,0
20230124:2111,0,0,0.71,1.03,0
20230124:2211,0,0,0.51,0.9,0
20230124:2311,0,0,0.11,1.03,0
20230125:0011,0,0,-0.21,0.76,0
20230125:0111,0,0,-0.11,0.41,0
20230125:0211,0,0,-0.33,0.21,0
20230125:0311,0,0,-0.52,0.07,0
20230125:0411,0,0,-0.76,0.21,0
20230125:0511,0,0,-1,0.48,0
20230125:0611,0,0,-1.25,0.48,0
20230125:0711,0,0,-1.69,1.45,0
20230125:0811,13.38,4.5,-1.58,1.59,0
20230125:0911,34.4,10.82,-1.44,1.72,0
20230125:1011,42.93,15.47,-1.13,1.86,0
20230125:1111,45.86,18.05,-0.75,2,0
20230125:1211,44.88,18.33,-0.36,2.28,0
20230125:1311,40.98,16.26,-0.07,2.62,0
20230125:1411,34.15,12.05,0.06,2.69,0
20230125:1511,22.44,6.07,0.09,2.69,0
20230125:1611,0,0,0.17,2.28,0
20230125:1711,0,0,0.24,2.62,0
20230125:1811,0,0,0.06,2.76,0
20230125:1911,0,0,-0.81,2.76,0
20230125:2011,0,0,-0.99,2.69,0
20230125:2111,0,0,-0.97,2.83,0
20230125:2211,0,0,-0.88,2.9,0
20230125:2311,0,0,-0.81,2.62,0
20230126:0011,0,0,-0.78,2.55,0
20230126:0111,0,0,-0.78,2.55,0
20230126:0211,0,0,-0.69,2.21,0
20230126:0311,0,0,-0.52,2,0
20230126:0411,0,0,-0.15,1.79,0
20230126:0511,0,0,0.38,1.31,0
20230126:0611,0,0,0.9,1.17,0
20230126:0711,0,0,1.59,1.72,0
20230126:0811,26.75,4.68,2.65,2.69,0
20230126:0911,63.06,11.03,3.87,3.17,0
20230126:1011,61.65,15.69,5.17,3.45,0
20230126:1111,155.84,18.3,6.09,3.52,0
20230126:1211,206.69,18.58,6.97,4.62,0
20230126:1311,139.06,16.51,7.08,4,0
20230126:1411,47.81,12.3,7.03,3.66,0
20230126:1511,38.26,6.32,6.5,3.59,0
20230126:1611,0,0,5.34,3.66,0
20230126:1711,0,0,4.84,3.66,0
20230126:1811,0,0,4.76,3.59,0
20230126:1911,0,0,4.83,3.66,0
20230126:2011,0,0,4.41,3.38,0
20230126:2111,0,0,3.42,3.17,0
20230126:2211,0,0,2.57,3.17,0
20230126:2311,0,0,2.58,3.31,0
20230127:0011,0,0,2.67,3.45,0
20230127:0111,0,0,2.47,3.52,0
20230127:0211,0,0,2.32,3.59,0
20230127:0311,0,0,2.24,3.72,0
20230127:0411,0,0,2.25,3.66,0
20230127:0511,0,0,2.31,3.66,0
20230127:0611,0,0,2.49,3.59,0
20230127:0711,0,0,2.69,3.45,0
20230127:0811,28.67,4.88,2.75,3.59,0
20230127:0911,76.44,11.24,2.97,3.66,0
20230127:1011,111.24,15.93,3.42,4.07,0
20230127:1111,67.32,18.55,3.82,4.34,0
20230127:1211,84.88,18.84,4.14,4.14,0
20230127:1311,42.93,16.77,4.5,3.93,0
20230127:1411,33.17,12.56,4.59,3.59,0
20230127:1511,6.83,6.57,4.43,3.31,0
20230127:1611,0,0,3.87,3.03,0
20230127:1711,0,0,3.23,2.9,0
20230127:1811,0,0,2.65,2.83,0
20230127:1911,0,0,2.35,2.41,0
20230127:2011,0,0,1.86,2.14,0
20230127:2111,0,0,1.45,1.79,0
20230127:2211,0,0,0.94,1.59,0
20230127:2311,0,0,0.49,1.52,0
20230128:0011,0,0,-0.12,1.45,0
20230128:0111,0,0,-1.08,1.38,0
20230128:0211,0,0,-0.83,1.1,0
20230128:0311,0,0,-0.73,0.97,0
20230128:0411,0,0,-0.24,0.62,0
20230128:0511,0,0,-0.4,0.55,0
20230128:0611,0,0,-0.6,0.69,0
20230128:0711,0,0,-0.07,0.76,0
20230128:0811,30.58,5.08,-0.53,1.1,0
20230128:0911,82.17,11.46,0.54,0.83,0
20230128:1011,116.8,16.17,2.18,0.9,0
20230128:1111,152.85,18.8,3.01,0.9,0
20230128:1211,220.73,19.1,3.36,1.24,0
20230128:1311,216.17,17.04,3.64,1.31,0
20230128:1411,233,12.82,3.78,1.45,0
20230128:1511,49.87,6.82,3.66,1.45,0
20230128:1611,0,0,2.84,2,0
20230128:1711,0,0,2.2,2.21,0
20230128:1811,0,0,2.09,2.34,0
20230128:1911,0,0,1.81,2.28,0
20230128:2011,0,0,1.84,2.41,0
20230128:2111,0,0,1.8,2.62,0
20230128:2211,0,0,1.9,2.9,0
20230128:2311,0,0,2.04,2.97,0
20230129:0011,0,0,1.92,2.9,0
20230129:0111,0,0,1.72,2.97,0
20230129:0211,0,0,1.81,3.1,0
20230129:0311,0,0,1.7,3.1,0
20230129:0411,0,0,1.46,3.24,0
20230129:0511,0,0,1.49,3.31,0
20230129:0611,0,0,1.53,3.38,0
20230129:0711,0,0,1.94,3.52,0
20230129:0811,28.67,5.29,2.09,3.86,0
20230129:0911,18.15,11.69,2.6,4,0
20230129:1011,44.88,16.41,3.09,4.34,0
20230129:1111,57.56,19.06,3.73,4.76,0
20230129:1211,61.47,19.37,4.47,5.17,0
20230129:1311,51.71,17.31,4.45,5.03,0
20230129:1411,62.44,13.09,4.46,5.1,0
20230129:1511,22.44,7.08,4.44,5.66,0
20230129:1611,0,0,4.4,5.59,0
20230129:1711,0,0,4.4,5.52,0
20230129:1811,0,0,4.44,5.45,0
20230129:1911,0,0,4.37,5.72,0
20230129:2011,0,0,4.59,6.07,0
20230129:2111,0,0,4.97,6.07,0
20230129:2211,0,0,5.49,6.07,0
20230129:2311,0,0,6.02,6.28,0
20230130:0011,0,0,6.32,6.55,0
20230130:0111,0,0,6.37,6.97,0
20230130:0211,0,0,6.59,7.31,0
20230130:0311,0,0,6.62,7.45,0
20230130:0411,0,0,6.77,7.59,0
20230130:0511,0,0,6.54,7.38,0
20230130:0611,0,0,5.8,7.1,0
20230130:0711,0,0,5.77,6.97,0
20230130:0811,25.8,5.5,5.4,7.24,0
20230130:0911,35.35,11.92,5.73,7.79,0
20230130:1011,109.51,16.66,6.31,8.21,0
20230130:1111,129.55,19.32,7.09,7.59,0
20230130:1211,193.76,19.64,7.52,7.59,0
20230130:1311,237.24,17.58,7.55,8.97,0
20230130:1411,138.76,13.36,7.52,8,0
20230130:1511,170.7,7.34,7.18,7.1,0
20230130:1611,0,0,6.54,6.07,0
20230130:1711,0,0,5.77,5.38,0
20230130:1811,0,0,5.38,5.1,0
20230130:1911,0,0,5.29,5.59,0
20230130:2011,0,0,5.02,5.52,0
20230130:2111,0,0,4.88,5.38,0
20230130:2211,0,0,4.46,4.83,0
20230130:2311,0,0,4,4.21,0
20230131:0011,0,0,3.51,3.86,0
20230131:0111,0,0,3.12,3.66,0
20230131:0211,0,0,2.8,3.79,0
20230131:0311,0,0,3.04,4.21,0
20230131:0411,0,0,3.55,4.55,0
20230131:0511,0,0,4.13,5.03,0
20230131:0611,0,0,4.69,5.45,0
20230131:0711,0,0,5.56,6.07,0
20230131:0811,34.4,5.72,5.82,6.14,0
20230131:0911,87.91,12.16,6.18,6.41,0
20230131:1011,36.1,16.92,6.69,6.41,0
20230131:1111,42.93,19.6,7.14,6.69,0
20230131:1211,44.88,19.92,7.36,6.76,0
20230131:1311,151.79,17.86,7.84,7.1,0
20230131:1411,35.12,13.63,8.27,7.59,0
20230131:1511,7.81,7.61,8.24,7.66,0
20230131:1611,0,0,7.64,7.86,0
20230131:1711,0,0,6.88,6.69,0
20230131:1811,0,0,6.21,6.28,0
20230131:1911,0,0,5.92,6.28,0
20230131:2011,0,0,5.82,6.34,0
20230131:2111,0,0,5.73,6.28,0
20230131:2211,0,0,5.55,6.07,0
20230131:2311,0,0,5.45,6.14,0
20230201:0011,0,0,5.54,6.55,0
20230201:0111,0,0,5.77,6.9,0
20230201:0211,0,0,5.79,6.9,0
20230201:0311,0,0,5.76,7.24,0
20230201:0411,0,0,5.56,7.59,0
20230201:0511,0,0,5.53,7.86,0
20230201:0611,0,0,5.64,7.93,0
20230201:0711,0,0,5.65,7.72,0
20230201:0811,36.31,5.95,5.61,7.31,0
20230201:0911,44.91,12.4,6.03,7.59,0
20230201:1011,76.1,17.18,6.29,7.86,0
20230201:1111,51.71,19.87,6.38,8.41,0
20230201:1211,111.84,20.21,6.98,9.66,0
20230201:1311,41.95,18.15,6.96,9.17,0
20230201:1411,19.51,13.91,7.23,8.34,0
20230201:1511,54.97,7.87,7.3,7.72,0
20230201:1611,0,0,6.82,7.52,0
20230201:1711,0,0,6.35,7.24,0
20230201:1811,0,0,6.22,6.9,0
20230201:1911,0,0,6.03,6.21,0
20230201:2011,0,0,5.96,6.07,0
20230201:2111,0,0,6.05,5.79,0
20230201:2211,0,0,5.94,5.52,0
20230201:2311,0,0,5.78,5.24,0
20230202:0011,0,0,5.68,4.9,0
20230202:0111,0,0,5.74,4.76,0
20230202:0211,0,0,5.78,4.41,0
20230202:0311,0,0,5.91,4.07,0
20230202:0411,0,0,6.12,3.79,0
20230202:0511,0,0,6.24,3.66,0
20230202:0611,0,0,6.38,3.45,0
20230202:0711,0,0,6.65,4.55,0
20230202:0811,22.93,6.18,6.78,4.55,0
20230202:0911,33.44,12.65,6.91,4.14,0
20230202:1011,34.15,17.45,7.1,4.14,0
20230202:1111,52.69,20.15,7.4,4.07,0
20230202:1211,36.1,20.5,7.55,4.14,0
20230202:1311,42.93,18.43,7.74,4.48,0
20230202:1411,40.98,14.19,7.78,4.9,0
20230202:1511,32.2,8.14,7.76,5.1,0
20230202:1611,0,0,7.72,5.24,0
20230202:1711,0,0,7.74,5.38,0
20230202:1811,0,0,7.81,5.38,0
20230202:1911,0,0,7.81,4.69,0
20230202:2011,0,0,7.82,4.9,0
20230202:2111,0,0,7.88,5.52,0
20230202:2211,0,0,7.87,5.79,0
20230202:2311,0,0,8.08,6,0
20230203:0011,0,0,7.99,6.21,0
20230203:0111,0,0,7.86,6.41,0
20230203:0211,0,0,8.07,6.62,0
20230203:0311,0,0,8.21,6.9,0
20230203:0411,0,0,8.29,6.97,0
20230203:0511,0,0,8.33,7.17,0
20230203:0611,0,0,8.32,7.52,0
20230203:0711,0,0,8.69,7.66,0
20230203:0811,17.2,6.41,8.89,7.66,0
20230203:0911,33.44,12.9,9.12,7.66,0
20230203:1011,40.98,17.72,9.36,7.52,0
20230203:1111,55.61,20.44,9.56,7.1,0
20230203:1211,112.83,20.79,9.68,6.48,0
20230203:1311,107.19,18.73,9.64,5.79,0
20230203:1411,101.57,14.47,9.34,5.45,0
20230203:1511,112.62,8.42,8.69,6.21,0
20230203:1611,0,0,7.99,5.79,0
20230203:1711,0,0,7.54,5.66,0
20230203:1811,0,0,7.37,5.79,0
20230203:1911,0,0,7.36,5.45,0
20230203:2011,0,0,7.35,5.17,0
20230203:2111,0,0,7.18,4.76,0
20230203:2211,0,0,7,4.28,0
20230203:2311,0,0,6.72,3.66,0
20230204:0011,0,0,6.36,3.31,0
20230204:0111,0,0,5.97,3.1,0
20230204:0211,0,0,5.81,2.83,0
20230204:0311,0,0,5.53,2.48,0
20230204:0411,0,0,5.08,2.21,0
20230204:0511,0,0,4.86,1.86,0
20230204:0611,0,0,4.51,1.45,0
20230204:0711,0,0,4.24,1.59,0
20230204:0811,41.09,6.66,4.18,1.1,0
20230204:0911,89.82,13.16,5.54,0.62,0
20230204:1011,129.69,18,6.3,0.76,0
20230204:1111,183.87,20.73,7.06,1.03,0
20230204:1211,220.05,21.09,7.44,1.03,0
20230204:1311,252.68,19.02,7.79,0.9,0
20230204:1411,215.97,14.76,7.92,0.83,0
20230204:1511,194.07,8.69,7.9,0.83,0
20230204:1611,0,0,7.6,0.97,0
20230204:1711,0,0,6.72,1.45,0
20230204:1811,0,0,5.77,1.79,0
20230204:1911,0,0,5.47,1.59,0
20230204:2011,0,0,5.56,1.45,0
20230204:2111,0,0,5.58,1.52,0
20230204:2211,0,0,5.61,1.66,0
20230204:2311,0,0,5.66,1.72,0
20230205:0011,0,0,5.55,1.93,0
20230205:0111,0,0,5.64,2,0
20230205:0211,0,0,5.43,2.34,0
20230205:0311,0,0,5.45,2.62,0
20230205:0411,0,0,5.79,3.03,0
20230205:0511,0,0,5.9,3.59,0
20230205:0611,0,0,5.89,4.83,0
20230205:0711,0,0,5.71,6.28,0
20230205:0811,42.04,6.9,5.79,6.48,0
20230205:0911,86,13.43,6.16,6.83,0
20230205:1011,93.66,18.28,6.84,7.31,0
20230205:1111,60.49,21.03,7.39,7.31,0
20230205:1211,216.23,21.39,8.01,7.59,0
20230205:1311,220.46,19.32,8.18,6.62,0
20230205:1411,195.89,15.05,8.22,5.86,0
20230205:1511,102.82,8.97,7.73,5.1,0
20230205:1611,0,0,6.91,4.76,0
20230205:1711,0,0,5.94,4.55,0
20230205:1811,0,0,5.31,4.34,0
20230205:1911,0,0,4.73,3.93,0
20230205:2011,0,0,4.24,3.59,0
20230205:2111,0,0,3.79,3.17,0
20230205:2211,0,0,3.37,2.69,0
20230205:2311,0,0,2.71,2.41,0
20230206:0011,0,0,2.17,2.34,0
20230206:0111,0,0,1.72,2.28,0
20230206:0211,0,0,1.37,2.21,0
20230206:0311,0,0,1.28,2.07,0
20230206:0411,0,0,1.29,2.07,0
20230206:0511,0,0,1.74,1.86,0
20230206:0611,0,0,1.99,1.93,0
20230206:0711,0,0,1.24,2.07,0
20230206:0811,45.86,7.16,1.28,1.79,0
20230206:0911,100.33,13.7,3.03,1.17,0
20230206:1011,134.19,18.57,5.52,1.24,0
20230206:1111,181.1,21.33,6.69,1.86,0
20230206:1211,238.44,21.7,7.09,2.48,0
20230206:1311,228.03,19.63,7.32,2.55,0
20230206:1411,204.09,15.34,7.23,2.14,0
20230206:1511,143.75,9.25,7.09,1.86,0
20230206:1611,1.95,1.8,6.39,1.45,0
20230206:1711,0,0,5.3,1.66,0
20230206:1811,0,0,3.7,1.72,0
20230206:1911,0,0,1.83,1.93,0
20230206:2011,0,0,0.72,1.86,0
20230206:2111,0,0,0.16,2.28,0
20230206:2211,0,0,0.39,2.34,0
20230206:2311,0,0,0.69,2.62,0
20230207:0011,0,0,0.68,2.55,0
20230207:0111,0,0,0.44,2.28,0
20230207:0211,0,0,-0.36,2,0
20230207:0311,0,0,-1.12,1.72,0
20230207:0411,0,0,-1.75,1.66,0
20230207:0511,0,0,-2.37,1.72,0
20230207:0611,0,0,-2.94,1.72,0
20230207:0711,0,0,-3.36,1.93,0
20230207:0811,40.13,7.41,-3.12,1.93,0
20230207:0911,88.86,13.98,-0.57,1.86,0
20230207:1011,100,18.86,1.04,1.86,0
20230207:1111,195.88,21.64,2.15,1.52,0
20230207:1211,272.24,22.01,2.98,1.1,0
20230207:1311,305.93,19.93,3.44,0.83,0
20230207:1411,300.03,15.64,3.68,0.83,0
20230207:1511,232.83,9.53,3.55,0.83,0
20230207:1611,2.93,2.07,2.93,1.45,0
20230207:1711,0,0,1.32,2.07,0
20230207:1811,0,0,0.05,2.14,0
20230207:1911,0,0,-0.75,2.07,0
20230207:2011,0,0,-1.51,1.72,0
20230207:2111,0,0,-1.71,1.52,0
20230207:2211,0,0,-1.97,1.45,0
20230207:2311,0,0,-2.49,1.59,0
20230208:0011,0,0,-2.88,1.72,0
20230208:0111,0,0,-3.16,1.79,0
20230208:0211,0,0,-3.32,1.93,0
20230208:0311,0,0,-3.37,2.07,0
20230208:0411,0,0,-3.38,2.07,0
20230208:0511,0,0,-3.51,2.07,0
20230208:0611,0,0,-3.61,2.14,0
20230208:0711,0,0,-3.5,2.48,0
20230208:0811,37.26,7.68,-2.82,2.28,0
20230208:0911,84.09,14.26,-0.52,2.21,0
20230208:1011,103.65,19.16,1.64,2.55,0
20230208:1111,200.47,21.95,3.19,2.83,0
20230208:1211,276.91,22.32,4.35,2.9,0
20230208:1311,311.14,20.25,4.97,2.83,0
20230208:1411,303.9,15.94,5.1,2.62,0
20230208:1511,234.51,9.82,4.46,2.34,0
20230208:1611,4.88,2.34,2.82,2.83,0
20230208:1711,0,0,1.11,3.03,0
20230208:1811,0,0,0.28,2.97,0
20230208:1911,0,0,0.08,3.03,0
20230208:2011,0,0,-0.13,3.1,0
20230208:2111,0,0,-0.25,3.17,0
20230208:2211,0,0,-0.39,3.45,0
20230208:2311,0,0,-0.59,3.52,0
20230209:0011,0,0,-0.82,3.59,0
20230209:0111,0,0,-1.02,3.52,0
20230209:0211,0,0,-1.22,3.66,0
20230209:0311,0,0,-1.33,3.79,0
20230209:0411,0,0,-1.42,3.79,0
20230209:0511,0,0,-1.53,3.59,0
20230209:0611,0,0,-1.66,3.45,0
20230209:0711,0,0,-1.25,3.59,0
20230209:0811,49.69,7.95,-0.93,3.52,0
20230209:0911,107.97,14.54,0.19,3.31,0
20230209:1011,150.99,19.46,1.63,3.66,0
20230209:1111,209.6,22.26,2.94,3.66,0
20230209:1211,241.24,22.64,3.89,3.66,0
20230209:1311,197.94,20.56,4.76,3.52,0
20230209:1411,47.81,16.24,5.32,3.45,0
20230209:1511,27.32,10.11,5.32,2.97,0
20230209:1611,3.9,2.62,5.08,2.76,0
20230209:1711,0,0,4.6,2.55,0
20230209:1811,0,0,4.26,2.55,0
20230209:1911,0,0,3.8,2.69,0
20230209:2011,0,0,3.07,2.76,0
20230209:2111,0,0,2.6,2.83,0
20230209:2211,0,0,1.99,2.97,0
20230209:2311,0,0,1.62,3.1,0
20230210:0011,0,0,1.41,3.17,0
20230210:0111,0,0,1.21,3.17,0
20230210:0211,0,0,1.11,3.1,0
20230210:0311,0,0,0.95,3.1,0
20230210:0411,0,0,0.88,3.1,0
20230210:0511,0,0,0.76,3.24,0
20230210:0611,0,0,0.63,3.24,0
20230210:0711,0,0,0.67,3.24,0
20230210:0811,43,8.22,1.07,3.31,0
20230210:0911,59.24,14.84,2.52,3.1,0
20230210:1011,116.43,19.77,4.18,3.72,0
20230210:1111,207.86,22.58,5.31,3.93,0
20230210:1211,273.56,22.97,6.29,4.48,0
20230210:1311,255.48,20.88,6.88,5.1,0
20230210:1411,253.85,16.55,6.99,5.38,0
20230210:1511,228.26,10.4,6.74,4.76,0
20230210:1611,5.85,2.89,6.12,4.69,0
20230210:1711,0,0,5.13,4.62,0
20230210:1811,0,0,4.76,4.76,0
20230210:1911,0,0,4.92,4.76,0
20230210:2011,0,0,5.07,4.9,0
20230210:2111,0,0,5.18,5.03,0
20230210:2211,0,0,5.33,4.9,0
20230210:2311,0,0,5.52,4.76,0
20230211:0011,0,0,5.68,4.62,0
20230211:0111,0,0,5.84,4.55,0
20230211:0211,0,0,5.95,4.34,0
20230211:0311,0,0,6,4.21,0
20230211:0411,0,0,6.19,4.07,0
20230211:0511,0,0,6.38,3.93,0
20230211:0611,0,0,6.61,3.93,0
20230211:0711,0,0,6.55,4.07,0
20230211:0811,37.26,8.5,6.88,4.07,0
20230211:0911,106.06,15.13,7.39,4,0
20230211:1011,143.04,20.08,7.97,4.62,0
20230211:1111,166.92,22.91,8.55,4.55,0
20230211:1211,189.53,23.29,8.96,4.48,0
20230211:1311,171.73,21.2,8.9,3.72,0
20230211:1411,151.08,16.86,8.8,3.38,0
20230211:1511,121.43,10.69,8.74,3.45,0
20230211:1611,6.83,3.17,8.1,3.17,0
20230211:1711,0,0,7.58,2.9,0
20230211:1811,0,0,7.17,2.62,0
20230211:1911,0,0,6.8,2.62,0
20230211:2011,0,0,6.64,2.69,0
20230211:2111,0,0,6.27,2.69,0
20230211:2211,0,0,6.24,2.55,0
20230211:2311,0,0,6.24,2.28,0
20230212:0011,0,0,6.22,2.07,0
20230212:0111,0,0,6.15,1.86,0
20230212:0211,0,0,6,1.72,0
20230212:0311,0,0,5.82,1.72,0
20230212:0411,0,0,5.85,1.72,0
20230212:0511,0,0,5.75,1.59,0
20230212:0611,0,0,5.81,1.45,0
20230212:0711,0,0,5.69,1.38,0
20230212:0811,52.55,8.78,5.78,1.17,0
20230212:0911,66.89,15.43,6.53,0.9,0
20230212:1011,84.88,20.4,7.2,0.69,0
20230212:1111,142.69,23.24,7.94,0.55,0
20230212:1211,46.83,23.63,8.33,0.55,0
20230212:1311,40,21.52,8.71,0.62,0
20230212:1411,34.15,17.17,8.94,0.55,0
20230212:1511,25.37,10.98,8.97,0.55,0
20230212:1611,2.93,3.45,8.63,0.34,0
20230212:1711,0,0,7.95,0.07,0
20230212:1811,0,0,7.24,0.55,0
20230212:1911,0,0,6.92,0.69,0
20230212:2011,0,0,5.71,1.1,0
20230212:2111,0,0,5.25,1.17,0
20230212:2211,0,0,4.69,1.24,0
20230212:2311,0,0,4.33,1.31,0
20230213:0011,0,0,4.13,1.38,0
20230213:0111,0,0,3.93,1.38,0
20230213:0211,0,0,3.7,1.38,0
20230213:0311,0,0,3.49,1.45,0
20230213:0411,0,0,3.67,1.38,0
20230213:0511,0,0,3.81,1.45,0
20230213:0611,0,0,3.69,1.59,0
20230213:0711,0,0,3.29,1.59,0
20230213:0811,43,9.07,3.66,1.31,0
20230213:0911,66.89,15.74,5.77,1.31,0
20230213:1011,83.91,20.72,7.21,1.45,0
20230213:1111,115.13,23.57,8.51,1.72,0
20230213:1211,100.49,23.96,9.6,2.21,0
20230213:1311,220.12,21.85,10.19,2.28,0
20230213:1411,322.4,17.48,10.46,2.21,0
20230213:1511,254.45,11.28,10.41,2.14,0
20230213:1611,19.15,3.73,9.53,2,0
20230213:1711,0,0,7.76,2.48,0
20230213:1811,0,0,6.49,2.48,0
20230213:1911,0,0,5.6,2.48,0
20230213:2011,0,0,4.89,2.48,0
20230213:2111,0,0,4.24,2.34,0
20230213:2211,0,0,3.5,2.14,0
20230213:2311,0,0,2.71,2,0
20230214:0011,0,0,1.98,2,0
20230214:0111,0,0,1.43,2.14,0
20230214:0211,0,0,1.05,2.21,0
20230214:0311,0,0,0.78,2.28,0
20230214:0411,0,0,0.59,2.34,0
20230214:0511,0,0,0.41,2.28,0
20230214:0611,0,0,0.21,2.28,0
20230214:0711,0,0,-0.02,2.34,0
20230214:0811,43.95,9.36,0.75,2.07,0
20230214:0911,77.4,16.05,3.6,1.86,0
20230214:1011,127.72,21.05,6.01,1.86,0
20230214:1111,231.16,23.91,7.93,1.79,0
20230214:1211,310.55,24.3,9.39,1.79,0
20230214:1311,347.01,22.18,10.34,1.86,0
20230214:1411,341.05,17.8,10.8,1.93,0
20230214:1511,273.49,11.58,10.75,1.86,0
20230214:1611,27.2,4.01,9.8,1.86,0
20230214:1711,0,0,8.01,2.34,0
20230214:1811,0,0,6.27,2.34,0
20230214:1911,0,0,5.16,2.14,0
20230214:2011,0,0,4.01,2.14,0
20230214:2111,0,0,2.91,2.07,0
20230214:2211,0,0,1.96,2.07,0
20230214:2311,0,0,1.2,2,0
20230215:0011,0,0,0.64,2.14,0
20230215:0111,0,0,0.3,2.28,0
20230215:0211,0,0,0.03,2.28,0
20230215:0311,0,0,-0.2,2.21,0
20230215:0411,0,0,-0.43,2.14,0
20230215:0511,0,0,-0.54,2.14,0
20230215:0611,0,0,-0.5,2.21,0
20230215:0711,0.96,1.75,-0.03,2.21,0
20230215:0811,52.55,9.66,0.73,2.21,0
20230215:0911,111.79,16.36,2.51,2.48,0
20230215:1011,157.17,21.38,4.77,2.69,0
20230215:1111,236.22,24.25,6.98,2.9,0
20230215:1211,291.04,24.64,8.73,3.1,0
20230215:1311,245.76,22.51,9.78,3.24,0
20230215:1411,179.07,18.11,10.26,3.24,0
20230215:1511,107.96,11.88,10.02,2.9,0
20230215:1611,11.71,4.29,9.05,2.9,0
20230215:1711,0,0,7.57,2.97,0
20230215:1811,0,0,6.66,3.1,0
20230215:1911,0,0,6.36,3.17,0
20230215:2011,0,0,5.99,3.24,0
20230215:2111,0,0,5.75,3.38,0
20230215:2211,0,0,5.53,3.45,0
20230215:2311,0,0,5.06,3.45,0
20230216:0011,0,0,4.67,3.52,0
20230216:0111,0,0,4.36,3.45,0
20230216:0211,0,0,4.23,3.38,0
20230216:0311,0,0,4.03,3.38,0
20230216:0411,0,0,4.05,3.45,0
20230216:0511,0,0,4.28,3.52,0
20230216:0611,0,0,4.8,3.52,0
20230216:0711,0.96,2.04,5.56,3.66,0
20230216:0811,14.33,9.96,6.09,3.79,0
20230216:0911,62.11,16.68,6.65,3.66,0
20230216:1011,68.3,21.71,7.24,3.17,0
20230216:1111,104.4,24.59,8.31,3.79,0
20230216:1211,203.45,24.98,8.27,3.24,0
20230216:1311,224.37,22.85,8.23,3.59,0
20230216:1411,204.28,18.43,8.54,4,0
20230216:1511,78.7,12.18,8.68,3.45,0
20230216:1611,3.9,4.58,8.66,4,0
20230216:1711,0,0,8.51,4.34,0
20230216:1811,0,0,8.49,4.69,0
20230216:1911,0,0,9.32,5.24,0
20230216:2011,0,0,9.27,5.24,0
20230216:2111,0,0,9.22,5.24,0
20230216:2211,0,0,9.21,5.17,0
20230216:2311,0,0,9.25,5.17,0
20230217:0011,0,0,9.28,5.1,0
20230217:0111,0,0,9.33,5.24,0
20230217:0211,0,0,9.36,5.45,0
20230217:0311,0,0,9.21,5.59,0
20230217:0411,0,0,9.02,5.72,0
20230217:0511,0,0,8.95,6.07,0
20230217:0611,0,0,9.1,6.41,0
20230217:0711,1.91,2.33,9.47,6.69,0
20230217:0811,39.18,10.27,9.89,7.24,0
20230217:0911,75.49,17,10.41,7.86,0
20230217:1011,48.78,22.05,11.01,8.76,0
20230217:1111,63.42,24.94,11.25,8.55,0
20230217:1211,44.88,25.33,11.35,8.34,0
20230217:1311,80.98,23.18,10.9,8.41,0
20230217:1411,110.81,18.75,10.91,7.66,0
20230217:1511,197.43,12.48,11.24,8.21,0
20230217:1611,9.76,4.86,11.34,7.31,0
20230217:1711,0,0,10.51,6.55,0
20230217:1811,0,0,9.53,5.38,0
20230217:1911,0,0,9.25,4.41,0
20230217:2011,0,0,8.75,3.79,0
20230217:2111,0,0,8.33,3.24,0
20230217:2211,0,0,7.55,3.17,0
20230217:2311,0,0,7.19,3.24,0
20230218:0011,0,0,7.23,3.31,0
20230218:0111,0,0,7.43,3.24,0
20230218:0211,0,0,7.96,3.24,0
20230218:0311,0,0,8.37,3.59,0
20230218:0411,0,0,8.87,4.55,0
20230218:0511,0,0,9.35,6.07,0
20230218:0611,0,0,9.6,7.17,0
20230218:0711,1.91,2.63,9.53,7.17,0
20230218:0811,57.33,10.58,9.64,7.72,0
20230218:0911,82.17,17.33,9.65,8,0
20230218:1011,34.15,22.39,9.76,8.14,0
20230218:1111,53.66,25.29,10.05,8,0
20230218:1211,144.12,25.68,10.61,7.59,0
20230218:1311,132.62,23.52,10.89,8.62,0
20230218:1411,144.68,19.07,11,8.21,0
20230218:1511,64.25,12.78,10.93,7.52,0
20230218:1611,20.49,5.15,10.58,6.48,0
20230218:1711,0,0,10.22,5.38,0
20230218:1811,0,0,9.89,4.55,0
20230218:1911,0,0,9.4,4.41,0
20230218:2011,0,0,9.05,4,0
20230218:2111,0,0,8.9,4.14,0
20230218:2211,0,0,8.68,4.07,0
20230218:2311,0,0,8.69,4.21,0
20230219:0011,0,0,8.75,4.62,0
20230219:0111,0,0,8.76,4.62,0
20230219:0211,0,0,8.7,4.76,0
20230219:0311,0,0,8.51,4.83,0
20230219:0411,0,0,8.2,4.62,0
20230219:0511,0,0,7.88,4.14,0
20230219:0611,0,0,7.51,3.59,0
20230219:0711,3.82,2.93,7.13,2.34,0
20230219:0811,72.62,10.89,6.82,2,0
20230219:0911,77.4,17.66,6.89,2,0
20230219:1011,130.13,22.74,7.29,1.93,0
20230219:1111,236.6,25.64,7.64,1.59,0
20230219:1211,231.27,26.04,8.04,2,0
20230219:1311,150.11,23.87,8.1,2.14,0
20230219:1411,88.79,19.4,8.11,2.48,0
20230219:1511,159.01,13.09,7.96,2.28,0
20230219:1611,17.56,5.43,7.55,2,0
20230219:1711,0,0,6.7,2.14,0
20230219:1811,0,0,6.06,2.34,0
20230219:1911,0,0,5.83,2.41,0
20230219:2011,0,0,5.17,2.76,0
20230219:2111,0,0,4.58,3.38,0
20230219:2211,0,0,4.4,4.07,0
20230219:2311,0,0,4.59,4.55,0
20230220:0011,0,0,4.99,5.03,0
20230220:0111,0,0,5.55,5.52,0
20230220:0211,0,0,6.4,5.86,0
20230220:0311,0,0,6.35,5.93,0
20230220:0411,0,0,5.99,6.14,0
20230220:0511,0,0,6.24,6.55,0
20230220:0611,0,0,6.42,6.55,0
20230220:0711,4.78,3.23,6.68,6.41,0
20230220:0811,35.35,11.21,7.48,6.48,0
20230220:0911,43,18,8.1,5.79,0
20230220:1011,35.12,23.09,8.52,6.21,0
20230220:1111,37.08,26,9.12,7.03,0
20230220:1211,38.05,26.39,9.42,7.31,0
20230220:1311,34.15,24.21,9.49,7.1,0
20230220:1411,26.34,19.72,9.42,5.93,0
20230220:1511,33.17,13.39,9.37,6.55,0
20230220:1611,15.61,5.72,9.31,6.14,0
20230220:1711,0,0,9.2,5.79,0
20230220:1811,0,0,9.19,5.59,0
20230220:1911,0,0,8.73,5.66,0
20230220:2011,0,0,8.93,5.52,0
20230220:2111,0,0,9.01,5.45,0
20230220:2211,0,0,8.88,5.31,0
20230220:2311,0,0,8.78,5.1,0
20230221:0011,0,0,8.86,4.9,0
20230221:0111,0,0,8.89,4.76,0
20230221:0211,0,0,8.98,4.69,0
20230221:0311,0,0,8.97,4.48,0
20230221:0411,0,0,8.91,4.14,0
20230221:0511,0,0,8.79,3.72,0
20230221:0611,0,0,8.64,3.31,0
20230221:0711,4.78,3.54,8.32,3.31,0
20230221:0811,74.53,11.53,8.47,3.24,0
20230221:0911,72.2,18.33,8.91,4.14,0
20230221:1011,77.08,23.44,9.44,3.72,0
20230221:1111,69.27,26.36,10.03,3.38,0
20230221:1211,60.49,26.75,10.34,2.97,0
20230221:1311,59.52,24.56,10.49,2.83,0
20230221:1411,49.76,20.05,10.45,2.83,0
20230221:1511,28.29,13.7,10.18,2.48,0
20230221:1611,12.68,6.01,9.78,1.93,0
20230221:1711,0,0,9.27,1.59,0
20230221:1811,0,0,8.83,1.59,0
20230221:1911,0,0,8.1,1.45,0
20230221:2011,0,0,7.82,1.45,0
20230221:2111,0,0,7.67,1.52,0
20230221:2211,0,0,7.57,1.52,0
20230221:2311,0,0,7.44,1.45,0
20230222:0011,0,0,7.3,1.52,0
20230222:0111,0,0,7.06,1.72,0
20230222:0211,0,0,6.75,1.86,0
20230222:0311,0,0,6.63,1.66,0
20230222:0411,0,0,6.03,1.59,0
20230222:0511,0,0,5.69,1.79,0
20230222:0611,0,0,5.41,2,0
20230222:0711,4.78,3.85,4.94,2.28,0
20230222:0811,77.4,11.86,5.1,2.48,0
20230222:0911,59.52,18.68,5.49,2.55,0
20230222:1011,124.14,23.8,6.26,2.21,0
20230222:1111,259.38,26.73,7.27,2.34,0
20230222:1211,298.14,27.11,8.2,2.21,0
20230222:1311,93.66,24.9,8.59,2.28,0
20230222:1411,80.98,20.38,8.86,2.14,0
20230222:1511,40,14,8.94,2.34,0
20230222:1611,105.19,6.3,8.69,2.14,0
20230222:1711,0,0,8.16,2.21,0
20230222:1811,0,0,7.64,2.21,0
20230222:1911,0,0,8.23,1.93,0
20230222:2011,0,0,8.07,1.86,0
20230222:2111,0,0,7.76,1.79,0
20230222:2211,0,0,7.29,1.86,0
20230222:2311,0,0,7.16,1.93,0
20230223:0011,0,0,6.98,1.79,0
20230223:0111,0,0,6.82,1.86,0
20230223:0211,0,0,6.65,1.79,0
20230223:0311,0,0,6.53,1.66,0
20230223:0411,0,0,6.41,1.52,0
20230223:0511,0,0,6.37,1.31,0
20230223:0611,0,0,6.35,1.31,0
20230223:0711,13.38,4.17,6.46,1.31,0
20230223:0811,72.62,12.19,6.7,1.45,0
20230223:0911,71.22,19.02,7.1,1.66,0
20230223:1011,89.76,24.16,7.35,1.72,0
20230223:1111,85.86,27.09,7.72,2.07,0
20230223:1211,41.95,27.48,8.1,3.17,0
20230223:1311,59.52,25.25,8.23,3.79,0
20230223:1411,68.3,20.71,8.45,3.66,0
20230223:1511,33.17,14.31,8.27,3.52,0
20230223:1611,92.67,6.59,7.84,3.52,0
20230223:1711,0,0,7.01,3.79,0
20230223:1811,0,0,6.14,3.66,0
20230223:1911,0,0,5.55,2.97,0
20230223:2011,0,0,4.93,2.55,0
20230223:2111,0,0,4.24,2.07,0
20230223:2211,0,0,3.44,2.21,0
20230223:2311,0,0,2.66,2.28,0
20230224:0011,0,0,2,2.34,0
20230224:0111,0,0,1.86,2.55,0
20230224:0211,0,0,1.58,2.97,0
20230224:0311,0,0,1.98,3.31,0
20230224:0411,0,0,2.32,3.59,0
20230224:0511,0,0,3.03,4.07,0
20230224:0611,0,0,3.42,4.55,0
20230224:0711,5.73,4.49,3.54,5.03,0
20230224:0811,66.89,12.52,3.83,5.45,0
20230224:0911,99.52,19.37,3.92,5.72,0
20230224:1011,81.96,24.52,4.53,5.72,0
20230224:1111,93.66,27.46,5.55,4.9,0
20230224:1211,84.88,27.84,6.72,4.28,0
20230224:1311,39.03,25.61,7.34,4.97,0
20230224:1411,318.98,21.04,7.34,6.07,0
20230224:1511,18.54,14.62,6.93,6.48,0
20230224:1611,204.7,6.88,6.21,5.79,0
20230224:1711,0,0,5.43,5.31,0
20230224:1811,0,0,4.82,5.1,0
20230224:1911,0,0,4.62,5.1,0
20230224:2011,0,0,4.49,5.24,0
20230224:2111,0,0,4.14,5.24,0
20230224:2211,0,0,3.94,5.24,0
20230224:2311,0,0,3.88,5.38,0
20230225:0011,0,0,3.74,5.31,0
20230225:0111,0,0,3.61,4.97,0
20230225:0211,0,0,3.65,4.76,0
20230225:0311,0,0,3.5,4.62,0
20230225:0411,0,0,3.33,4.41,0
20230225:0511,0,0,3.36,4.07,0
20230225:0611,0,0,2.9,3.59,0
20230225:0711,19.11,4.81,2.67,3.66,0
20230225:0811,93.64,12.86,3.27,3.1,0
20230225:0911,96.1,19.72,4.43,4.41,0
20230225:1011,187.58,24.89,5.26,5.52,0
20230225:1111,228.09,27.84,5.59,6.14,0
20230225:1211,358.64,28.21,5.71,5.93,0
20230225:1311,424.87,25.96,5.9,5.79,0
20230225:1411,422.56,21.37,5.89,5.66,0
20230225:1511,345.71,14.93,5.55,5.38,0
20230225:1611,204.11,7.17,4.88,4.41,0
20230225:1711,0,0,3.8,3.93,0
20230225:1811,0,0,2.74,3.52,0
20230225:1911,0,0,2.01,3.52,0
20230225:2011,0,0,1.48,3.38,0
20230225:2111,0,0,0.99,3.24,0
20230225:2211,0,0,0.63,3.31,0
20230225:2311,0,0,0.32,3.31,0
20230226:0011,0,0,-0.05,3.1,0
20230226:0111,0,0,-0.48,3.03,0
20230226:0211,0,0,-0.83,3.03,0
20230226:0311,0,0,-1.1,3.03,0
20230226:0411,0,0,-1.36,3.1,0
20230226:0511,0,0,-1.5,3.17,0
20230226:0611,0,0,-1.58,3.17,0
20230226:0711,24.84,5.14,-1.7,2.97,0
20230226:0811,51.6,13.2,-0.41,2.69,0
20230226:0911,113.76,20.08,1.52,3.03,0
20230226:1011,194.14,25.25,2.99,3.79,0
20230226:1111,310.53,28.21,4.19,5.79,0
20230226:1211,379.09,28.58,4.66,5.79,0
20230226:1311,435.9,26.31,4.95,5.59,0
20230226:1411,419.62,21.7,5.06,5.31,0
20230226:1511,350.7,15.24,4.87,5.03,0
20230226:1611,223.85,7.46,4.43,4.14,0
20230226:1711,0,0,3.15,3.59,0
20230226:1811,0,0,1.95,3.17,0
20230226:1911,0,0,1.47,3.24,0
20230226:2011,0,0,1.14,2.83,0
20230226:2111,0,0,0.67,2.34,0
20230226:2211,0,0,0.08,2.14,0
20230226:2311,0,0,-0.68,2.07,0
20230227:0011,0,0,-1.39,2,0
20230227:0111,0,0,-2,1.86,0
20230227:0211,0,0,-2.25,1.72,0
20230227:0311,0,0,-2.58,1.72,0
20230227:0411,0,0,-2.69,1.66,0
20230227:0511,0,0,-3.25,1.93,0
20230227:0611,0,0,-3.42,2.07,0
20230227:0711,26.75,5.47,-2.95,1.86,0
20230227:0811,60.2,13.54,-0.77,1.52,0
20230227:0911,154.89,20.43,2.5,1.86,0
20230227:1011,218.34,25.62,4.15,2.69,0
20230227:1111,316.91,28.59,5.04,4.14,0
20230227:1211,178.79,28.95,5.4,4.69,0
20230227:1311,253.96,26.67,5.67,4.76,0
20230227:1411,334.59,22.03,5.84,4.83,0
20230227:1511,330.63,15.55,5.48,3.66,0
20230227:1611,165.8,7.75,5.22,3.52,0
20230227:1711,0,0,4.12,3.24,0
20230227:1811,0,0,2.6,2.9,0
20230227:1911,0,0,1.71,2.62,0
20230227:2011,0,0,0.66,2.34,0
20230227:2111,0,0,-0.29,2.14,0
20230227:2211,0,0,-0.79,1.86,0
20230227:2311,0,0,-0.72,1.52,0
20230228:0011,0,0,-0.3,1.17,0
20230228:0111,0,0,0.15,0.97,0
20230228:0211,0,0,0.46,0.9,0
20230228:0311,0,0,0.49,0.76,0
20230228:0411,0,0,0.46,0.83,0
20230228:0511,0,0,0.57,0.83,0
20230228:0611,0,0,0.59,0.9,0
20230228:0711,30.58,5.8,0.67,1.52,0
20230228:0811,97.46,13.89,0.99,1.38,0
20230228:0911,88.42,20.79,2.28,1.59,0
20230228:1011,206.09,26,3.45,1.93,0
20230228:1111,320.3,28.97,4.42,2.07,0
20230228:1211,386.25,29.33,5.06,2,0
20230228:1311,445.81,27.03,5.53,2.21,0
20230228:1411,445.15,22.37,5.69,2.48,0
20230228:1511,380.61,15.86,5.62,2.55,0
20230228:1611,218.55,8.04,5.11,2.07,0
20230228:1711,0,0,3.78,2.14,0
20230228:1811,0,0,2.3,2.21,0
20230228:1911,0,0,1.08,2.21,0
20230228:2011,0,0,-0.26,2.14,0
20230228:2111,0,0,-1.49,2.07,0
20230228:2211,0,0,-2.17,2,0
20230228:2311,0,0,-2.41,1.79,0
20230301:0011,0,0,-2.39,1.66,0
20230301:0111,0,0,-2.6,1.59,0
20230301:0211,0,0,-2.95,1.59,0
20230301:0311,0,0,-3.15,1.66,0
20230301:0411,0,0,-3.24,1.66,0
20230301:0511,0,0,-3.36,1.66,0
20230301:0611,0,0,-3.58,1.66,0
20230301:0711,30.58,6.14,-4.02,1.93,0
20230301:0811,70.71,14.23,-1.43,1.31,0
20230301:0911,84.38,21.16,1.31,1.45,0
20230301:1011,216.27,26.38,3.13,1.79,0
20230301:1111,332.57,29.35,4.39,2.55,0
20230301:1211,401.58,29.7,5.2,3.24,0
20230301:1311,460.94,27.38,5.74,3.66,0
20230301:1411,453.58,22.7,6.03,3.86,0
20230301:1511,387.78,16.17,5.93,3.66,0
20230301:1611,241.6,8.33,4.92,2.97,0
20230301:1711,0,0,2.86,2.97,0
20230301:1811,0,0,1.25,3.03,0
20230301:1911,0,0,0.78,3.17,0
20230301:2011,0,0,0.18,3.31,0
20230301:2111,0,0,-0.17,3.38,0
20230301:2211,0,0,-0.38,3.38,0
20230301:2311,0,0,-0.6,3.17,0
20230302:0011,0,0,-0.87,2.9,0
20230302:0111,0,0,-1.27,2.83,0
20230302:0211,0,0,-1.55,2.97,0
20230302:0311,0,0,-1.66,3.1,0
20230302:0411,0,0,-1.73,3.03,0
20230302:0511,0,0,-1.68,2.9,0
20230302:0611,0,0,-1.61,2.83,0
20230302:0711,35.35,6.48,-0.77,3.31,0
20230302:0811,92.68,14.59,-0.18,3.79,0
20230302:0911,123.85,21.52,0.54,3.66,0
20230302:1011,214.15,26.75,1.63,3.45,0
20230302:1111,322.59,29.73,2.8,3.24,0
20230302:1211,413.67,30.08,4.16,3.17,0
20230302:1311,456.3,27.74,5.27,3.38,0
20230302:1411,453.85,23.03,5.91,3.72,0
20230302:1511,389.84,16.48,5.97,3.86,0
20230302:1611,246.85,8.62,5.43,3.59,0
20230302:1711,0,0,4.04,3.24,0
20230302:1811,0,0,2.79,3.03,0
20230302:1911,0,0,2,3.17,0
20230302:2011,0,0,1.28,2.97,0
20230302:2111,0,0,0.72,2.9,0
20230302:2211,0,0,0.62,2.83,0
20230302:2311,0,0,0.49,2.48,0
20230303:0011,0,0,0.39,2.14,0
20230303:0111,0,0,0.27,1.93,0
20230303:0211,0,0,0.15,1.72,0
20230303:0311,0,0,-0.22,1.38,0
20230303:0411,0,0,-0.47,1.1,0
20230303:0511,0,0,-0.81,1.24,0
20230303:0611,0,0,-1.21,1.38,0
20230303:0711,37.26,6.82,-0.29,1.17,0
20230303:0811,106.06,14.94,1.66,0.97,0
20230303:0911,164.08,21.89,3.44,1.24,0
20230303:1011,243.07,27.13,4.86,2.14,0
20230303:1111,328.98,30.12,5.52,1.79,0
20230303:1211,97.57,30.46,6.15,1.86,0
20230303:1311,94.64,28.1,6.57,2.34,0
20230303:1411,167.05,23.37,6.67,2.76,0
20230303:1511,227.83,16.79,6.67,3.1,0
20230303:1611,72.79,8.91,6.54,3.1,0
20230303:1711,0,0,6,2.62,0
20230303:1811,0,0,4.94,2.55,0
20230303:1911,0,0,4.41,2.55,0
20230303:2011,0,0,3.85,2.48,0
20230303:2111,0,0,3.68,2.41,0
20230303:2211,0,0,3.5,2.55,0
20230303:2311,0,0,3.34,2.69,0
20230304:0011,0,0,3.28,2.83,0
20230304:0111,0,0,3.19,2.9,0
20230304:0211,0,0,3.62,2.9,0
20230304:0311,0,0,3.9,2.9,0
20230304:0411,0,0,4.03,2.9,0
20230304:0511,0,0,4.03,2.97,0
20230304:0611,0,0,4.28,3.24,0
20230304:0711,44.91,7.16,4.1,3.38,0
20230304:0811,112.75,15.3,5.3,3.31,0
20230304:0911,120.02,22.26,6.21,3.59,0
20230304:1011,122.93,27.52,6.95,5.1,0
20230304:1111,121.96,30.51,7.31,5.1,0
20230304:1211,74.15,30.84,6.95,4.83,0
20230304:1311,174.62,28.46,6.54,4.76,0
20230304:1411,176.64,23.7,6.15,4.69,0
20230304:1511,172.32,17.1,5.77,4.07,0
20230304:1611,105.12,9.2,5.54,4,0
20230304:1711,0,0,5.04,3.59,0
20230304:1811,0,0,4.58,3.24,0
20230304:1911,0,0,4.24,2.9,0
20230304:2011,0,0,4.06,2.69,0
20230304:2111,0,0,4.02,2.62,0
20230304:2211,0,0,3.82,2.55,0
20230304:2311,0,0,3.46,2.48,0
20230305:0011,0,0,3.54,2.48,0
20230305:0111,0,0,3.38,2.62,0
20230305:0211,0,0,3.23,2.76,0
20230305:0311,0,0,3.29,2.83,0
20230305:0411,0,0,3.1,2.76,0
20230305:0511,0,0,2.75,2.69,0
20230305:0611,0,0,2.59,2.62,0
20230305:0711,47.78,7.51,2.85,2.48,0
20230305:0811,84.09,15.65,3.33,2.41,0
20230305:0911,174.02,22.64,4.17,2.97,0
20230305:1011,243.72,27.9,4.82,3.17,0
20230305:1111,312.91,30.9,5.35,3.45,0
20230305:1211,359.75,31.22,5.7,3.59,0
20230305:1311,395.75,28.82,6.04,3.79,0
20230305:1411,279.45,24.04,6,3.72,0
20230305:1511,367.25,17.41,5.79,3.59,0
20230305:1611,249.44,9.49,5.42,3.1,0
20230305:1711,0,0,4.61,2.48,0
20230305:1811,0,0,3.41,2.34,0
20230305:1911,0,0,2.6,2.41,0
20230305:2011,0,0,1.76,2.55,0
20230305:2111,0,0,1.4,2.62,0
20230305:2211,0,0,1.32,2.69,0
20230305:2311,0,0,1.34,2.83,0
20230306:0011,0,0,1.34,2.9,0
20230306:0111,0,0,1.28,2.97,0
20230306:0211,0,0,1.31,2.97,0
20230306:0311,0,0,1.17,2.83,0
20230306:0411,0,0,0.89,2.48,0
20230306:0511,0,0,0.81,2.28,0
20230306:0611,0,0,0.49,2,0
20230306:0711,39.18,7.86,1.28,1.72,0
20230306:0811,70.71,16.01,2.11,1.59,0
20230306:0911,168,23.01,3.1,1.38,0
20230306:1011,256.28,28.29,3.7,0.97,0
20230306:1111,321.6,31.29,4.29,1.17,0
20230306:1211,420.45,31.6,4.76,2.28,0
20230306:1311,409.57,29.19,5.26,3.17,0
20230306:1411,283.34,24.38,5.62,3.45,0
20230306:1511,123.18,17.72,5.29,3.38,0
20230306:1611,41.95,9.78,4.55,3.52,0
20230306:1711,0,0,4.11,3.79,0
20230306:1811,0,0,3.81,4.48,0
20230306:1911,0,0,3.4,5.38,0
20230306:2011,0,0,2.85,5.93,0
20230306:2111,0,0,2.6,5.86,0
20230306:2211,0,0,2.58,5.1,0
20230306:2311,0,0,3.25,4.76,0
20230307:0011,0,0,4.01,4.9,0
20230307:0111,0,0,4.15,5.24,0
20230307:0211,0,0,3.75,5.1,0
20230307:0311,0,0,3.36,5.03,0
20230307:0411,0,0,2.96,4.97,0
20230307:0511,0,0,2.81,4.9,0
20230307:0611,0,0,2.78,4.62,0
20230307:0711,43,8.21,2.32,3.86,0
20230307:0811,101.28,16.38,2.17,3.86,0
20230307:0911,166.98,23.39,2.3,3.79,0
20230307:1011,240.83,28.68,2.78,3.31,0
20230307:1111,253.46,31.68,3.5,3.1,0
20230307:1211,188.65,31.99,4.37,3.03,0
20230307:1311,258.59,29.55,4.54,3.17,0
20230307:1411,131.97,24.71,4.53,3.24,0
20230307:1511,160,18.03,3.47,3.38,0
20230307:1611,60.87,10.07,2.81,3.52,0
20230307:1711,0,0,2.11,2.9,0
20230307:1811,0,0,1.31,2.83,0
20230307:1911,0,0,0.62,2.55,0
20230307:2011,0,0,0.17,2.48,0
20230307:2111,0,0,-0.36,2.55,0
20230307:2211,0,0,-0.77,2.55,0
20230307:2311,0,0,-1.08,2.55,0
20230308:0011,0,0,-1.24,2.55,0
20230308:0111,0,0,-1.6,2.55,0
20230308:0211,0,0,-1.67,2.55,0
20230308:0311,0,0,-2.06,2.21,0
20230308:0411,0,0,-2.5,2.07,0
20230308:0511,0,0,-2.85,2,0
20230308:0611,0,0,-2.51,1.79,0
20230308:0711,56.38,8.56,-1.82,1.38,0
20230308:0811,110.84,16.74,-0.49,1.59,0
20230308:0911,104.4,23.77,0.64,1.86,0
20230308:1011,218.94,29.07,1.98,2.76,0
20230308:1111,297.54,32.08,2.55,3.38,0
20230308:1211,234.35,32.37,2.97,3.86,0
20230308:1311,260.61,29.91,3.36,3.86,0
20230308:1411,258.26,25.05,3.53,3.93,0
20230308:1511,168.15,18.34,3.57,4.14,0
20230308:1611,95.85,10.36,3.45,4.07,0
20230308:1711,0,0,2.8,3.17,0
20230308:1811,0,0,2.12,3.1,0
20230308:1911,0,0,1.56,3.24,0
20230308:2011,0,0,1.23,3.38,0
20230308:2111,0,0,0.97,3.59,0
20230308:2211,0,0,0.82,3.45,0
20230308:2311,0,0,0.54,3.24,0
20230309:0011,0,0,0.47,3.45,0
20230309:0111,0,0,0.26,3.45,0
20230309:0211,0,0,0.09,3.17,0
20230309:0311,0,0,0.23,3.1,0
20230309:0411,0,0,0.22,3.03,0
20230309:0511,0,0,0.08,2.55,0
20230309:0611,0,0,-0.2,2.14,0
20230309:0711,41.09,8.92,-0.05,1.93,0
20230309:0811,94.6,17.11,0.75,2.48,0
20230309:0911,91.71,24.15,1.59,2.41,0
20230309:1011,95.62,29.46,2.77,2,0
20230309:1111,142.45,32.47,3.68,1.72,0
20230309:1211,118.06,32.76,4.04,1.72,0
20230309:1311,176.6,30.28,4.44,2.14,0
20230309:1411,95.62,25.38,4.07,2.21,0
20230309:1511,82.93,18.64,3.24,2.28,0
20230309:1611,76.31,10.64,2.08,2.69,0
20230309:1711,0.98,1.88,1.61,2.76,0
20230309:1811,0,0,1.47,3.24,0
20230309:1911,0,0,1.04,3.59,0
20230309:2011,0,0,1.09,3.72,0
20230309:2111,0,0,1.1,3.93,0
20230309:2211,0,0,1.1,4.07,0
20230309:2311,0,0,1.16,4.14,0
20230310:0011,0,0,1.18,4.14,0
20230310:0111,0,0,1.2,4,0
20230310:0211,0,0,1.19,3.79,0
20230310:0311,0,0,1.1,4,0
20230310:0411,0,0,1.02,3.93,0
20230310:0511,0,0,0.97,3.93,0
20230310:0611,0,0,0.88,3.79,0
20230310:0711,49.69,9.27,0.75,3.72,0
20230310:0811,108.93,17.48,1.09,3.86,0
20230310:0911,125.97,24.53,1.3,3.93,0
20230310:1011,121.96,29.86,1.44,4.28,0
20230310:1111,94.64,32.87,1.55,4.41,0
20230310:1211,105.37,33.14,1.87,4.76,0
20230310:1311,125.86,30.64,1.82,4.9,0
20230310:1411,89.76,25.72,1.59,5.38,0
20230310:1511,48.78,18.95,1.23,6.41,0
20230310:1611,58.11,10.93,1.24,8,0
20230310:1711,2.93,2.16,1.07,7.66,0
20230310:1811,0,0,0.73,6.69,0
20230310:1911,0,0,0.72,6.28,0
20230310:2011,0,0,0.62,6.14,0
20230310:2111,0,0,0.37,5.45,0
20230310:2211,0,0,0.19,5.03,0
20230310:2311,0,0,-0.02,4.48,0
20230311:0011,0,0,-0.29,3.93,0
20230311:0111,0,0,-0.62,3.45,0
20230311:0211,0,0,-0.93,2.97,0
20230311:0311,0,0,-1.49,2.69,0
20230311:0411,0,0,-1.77,2.41,0
20230311:0511,0,0,-2.35,2.34,0
20230311:0611,0,0,-2.83,2.14,0
20230311:0711,52.55,9.63,-2.55,2.14,0
20230311:0811,116.57,17.85,0.14,2,0
20230311:0911,177.94,24.91,1.14,2.07,0
20230311:1011,284.78,30.25,2.06,2.14,0
20230311:1111,371.11,33.27,4.34,2.76,0
20230311:1211,487.38,33.53,5.1,3.38,0
20230311:1311,519.72,31,5.48,3.79,0
20230311:1411,496.82,26.05,5.61,3.79,0
20230311:1511,419.47,19.26,5.29,3.24,0
20230311:1611,112.87,11.22,4.74,2.69,0
20230311:1711,4.88,2.44,3.68,2.14,0
20230311:1811,0,0,2.38,2.14,0
20230311:1911,0,0,0.97,1.93,0
20230311:2011,0,0,-0.42,1.72,0
20230311:2111,0,0,-1.24,1.72,0
20230311:2211,0,0,-1.59,1.79,0
20230311:2311,0,0,-1.52,2,0
20230312:0011,0,0,-1.28,2.28,0
20230312:0111,0,0,-0.93,2.48,0
20230312:0211,0,0,-0.81,2.55,0
20230312:0311,0,0,-0.01,2.83,0
20230312:0411,0,0,-0.02,3.1,0
20230312:0511,0,0,0.2,3.17,0
20230312:0611,0,0,-0.1,3.31,0
20230312:0711,66.89,9.99,0.94,3.86,0
20230312:0811,93.64,18.22,1.37,3.86,0
20230312:0911,103.42,25.3,2.11,3.52,0
20230312:1011,99.52,30.65,3.29,3.45,0
20230312:1111,176.23,33.66,5.22,3.38,0
20230312:1211,108.3,33.92,7.3,4.28,0
20230312:1311,163.92,31.37,8.57,4.41,0
20230312:1411,120.01,26.39,9.3,6.14,0
20230312:1511,290.51,19.57,9.1,6.14,0
20230312:1611,81.66,11.51,8.77,5.66,0
20230312:1711,4.88,2.71,8.53,5.31,0
20230312:1811,0,0,7.82,5.1,0
20230312:1911,0,0,8.25,5.24,0
20230312:2011,0,0,8.21,5.1,0
20230312:2111,0,0,8.45,5.52,0
20230312:2211,0,0,8.76,5.24,0
20230312:2311,0,0,8.63,5.03,0
20230313:0011,0,0,8.62,5.52,0
20230313:0111,0,0,8.57,5.66,0
20230313:0211,0,0,8.84,6.41,0
20230313:0311,0,0,9.3,7.03,0
20230313:0411,0,0,10.05,7.59,0
20230313:0511,0,0,10.66,7.59,0
20230313:0611,0,0,10.91,7.86,0
20230313:0711,26.75,10.35,11.79,8.83,0
20230313:0811,135.68,18.59,11.95,8.83,0
20230313:0911,127.81,25.68,12.13,8.9,0
20230313:1011,247.07,31.04,12.54,9.17,0
20230313:1111,320.98,34.06,13.33,9.72,0
20230313:1211,420.37,34.3,14.44,11.59,0
20230313:1311,436.36,31.73,14.94,11.45,0
20230313:1411,482.16,26.72,14.61,9.86,0
20230313:1511,441.86,19.87,14.07,9.1,0
20230313:1611,302.45,11.79,13.37,8.97,0
20230313:1711,17.6,2.98,12.42,8,0
20230313:1811,0,0,11.57,7.24,0
20230313:1911,0,0,11.65,6.83,0
20230313:2011,0,0,11.3,6,0
20230313:2111,0,0,10.67,5.1,0
20230313:2211,0,0,10.1,4.83,0
20230313:2311,0,0,9.75,5.52,0
20230314:0011,0,0,9.61,5.79,0
20230314:0111,0,0,9.63,6.07,0
20230314:0211,0,0,9.28,6.41,0
20230314:0311,0,0,9.12,6.48,0
20230314:0411,0,0,9.04,6.34,0
20230314:0511,0,0,8.93,6.14,0
20230314:0611,1.91,1.83,8.62,5.66,0
20230314:0711,36.31,10.72,8.26,5.59,0
20230314:0811,123.26,18.96,7.17,5.31,0
20230314:0911,173.7,26.07,5.82,5.24,0
20230314:1011,107.32,31.44,5.71,6,0
20230314:1111,309.55,34.46,6.67,6.9,0
20230314:1211,448.97,34.69,7.04,7.31,0
20230314:1311,518.5,32.09,6.86,7.1,0
20230314:1411,209.86,27.05,6.7,6.9,0
20230314:1511,382.86,20.18,6.51,6.69,0
20230314:1611,206,12.08,5.96,6.07,0
20230314:1711,4.88,3.26,5.19,5.31,0
20230314:1811,0,0,4.33,4.34,0
20230314:1911,0,0,3.77,3.93,0
20230314:2011,0,0,3.35,3.79,0
20230314:2111,0,0,3.04,4,0
20230314:2211,0,0,2.68,4.07,0
20230314:2311,0,0,2.32,4,0
20230315:0011,0,0,2.14,3.72,0
20230315:0111,0,0,2.06,3.38,0
20230315:0211,0,0,1.59,2.83,0
20230315:0311,0,0,1.12,2.69,0
20230315:0411,0,0,0.83,2.41,0
20230315:0511,0,0,0.67,2.34,0
20230315:0611,3.82,2.18,0.36,2.28,0
20230315:0711,52.55,11.08,0.67,2,0
20230315:0811,73.57,19.34,2.88,2.21,0
20230315:0911,169.23,26.46,4.67,2.69,0
20230315:1011,304.65,31.84,5.79,2.9,0
20230315:1111,413.85,34.86,6.54,2.9,0
20230315:1211,496.67,35.08,7.22,2.97,0
20230315:1311,516.9,32.46,7.71,3.03,0
20230315:1411,539.61,27.39,7.9,3.03,0
20230315:1511,455.65,20.48,7.94,2.97,0
20230315:1611,348.48,12.36,7.63,2.62,0
20230315:1711,20.71,3.53,6.51,2.21,0
20230315:1811,0,0,4.94,2.55,0
20230315:1911,0,0,4.18,2.69,0
20230315:2011,0,0,3.74,2.83,0
20230315:2111,0,0,3.59,3.1,0
20230315:2211,0,0,3.77,3.38,0
20230315:2311,0,0,3.94,3.86,0
20230316:0011,0,0,3.95,4.21,0
20230316:0111,0,0,3.86,4.48,0
20230316:0211,0,0,3.49,4.48,0
20230316:0311,0,0,3.25,4.41,0
20230316:0411,0,0,3.06,4.34,0
20230316:0511,0,0,3.22,4.41,0
20230316:0611,2.87,2.54,3.43,4.62,0
20230316:0711,23.89,11.44,3.84,5.1,0
20230316:0811,51.6,19.71,4.45,5.1,0
20230316:0911,154.5,26.85,5.21,5.31,0
20230316:1011,113.18,32.24,5.71,5.31,0
20230316:1111,296.68,35.26,6.4,5.45,0
20230316:1211,226.27,35.47,7.14,5.31,0
20230316:1311,389.07,32.82,8.74,6.07,0
20230316:1411,395.39,27.72,9.38,5.52,0
20230316:1511,313.3,20.79,10.26,5.66,0
20230316:1611,132.23,12.64,10.43,5.52,0
20230316:1711,9.76,3.8,9.89,5.1,0
20230316:1811,0,0,8.8,4.97,0
20230316:1911,0,0,8.5,5.17,0
20230316:2011,0,0,8.27,5.24,0
20230316:2111,0,0,8.13,5.17,0
20230316:2211,0,0,7.9,4.83,0
20230316:2311,0,0,7.53,4.62,0
20230317:0011,0,0,7.54,4.48,0
20230317:0111,0,0,7.68,4.34,0
20230317:0211,0,0,7.74,4.21,0
20230317:0311,0,0,7.73,4,0
20230317:0411,0,0,7.51,4,0
20230317:0511,0,0,7.02,3.86,0
20230317:0611,1.91,2.9,6.68,3.66,0
20230317:0711,81.22,11.81,7.15,3.79,0
20230317:0811,139.39,20.09,8.39,3.45,0
20230317:0911,187.81,27.24,10.13,3.93,0
20230317:1011,310.33,32.64,11.69,4.28,0
20230317:1111,364.47,35.67,12.79,4.41,0
20230317:1211,407.59,35.86,13.79,3.79,0
20230317:1311,372.33,33.18,14.14,3.38,0
20230317:1411,245.89,28.05,14.45,3.24,0
20230317:1511,166.27,21.09,14.42,2.55,0
20230317:1611,124.49,12.93,13.86,2.76,0
20230317:1711,11.71,4.07,13.04,2.76,0
20230317:1811,0,0,11.84,2.69,0
20230317:1911,0,0,11.39,2.55,0
20230317:2011,0,0,10.91,2.76,0
20230317:2111,0,0,10.61,3.1,0
20230317:2211,0,0,10.83,3.31,0
20230317:2311,0,0,11.11,3.45,0
20230318:0011,0,0,11.1,3.31,0
20230318:0111,0,0,10.46,2.97,0
20230318:0211,0,0,9.49,2.83,0
20230318:0311,0,0,8.82,2.69,0
20230318:0411,0,0,8.17,2.48,0
20230318:0511,0,0,7.69,2.34,0
20230318:0611,1.91,3.26,7.52,2.28,0
20230318:0711,70.71,12.17,8.27,2.07,0
20230318:0811,136.15,20.47,9.68,2.21,0
20230318:0911,226.92,27.63,11.3,2.83,0
20230318:1011,303.38,33.04,12.67,3.24,0
20230318:1111,410.85,36.07,13.79,3.38,0
20230318:1211,302.62,36.24,13.99,3.03,0
20230318:1311,133.67,33.54,14.21,2.9,0
20230318:1411,194.28,28.38,14.43,3.03,0
20230318:1511,37.08,21.39,14.61,3.52,0
20230318:1611,280.21,13.21,14.35,2.76,0
20230318:1711,37.34,4.35,13.36,2.97,0
20230318:1811,0,0,11.85,3.38,0
20230318:1911,0,0,10.53,3.1,0
20230318:2011,0,0,10.09,3.24,0
20230318:2111,0,0,9.9,3.31,0
20230318:2211,0,0,9.88,3.38,0
20230318:2311,0,0,9.83,3.24,0
20230319:0011,0,0,9.58,3.38,0
20230319:0111,0,0,9.27,3.24,0
20230319:0211,0,0,8.94,3.17,0
20230319:0311,0,0,8.47,2.97,0
20230319:0411,0,0,8.08,2.83,0
20230319:0511,0,0,7.54,2.69,0
20230319:0611,15.29,3.62,7.25,2.55,0
20230319:0711,63.06,12.54,8.37,2.62,0
20230319:0811,89.56,20.84,9.35,3.72,0
20230319:0911,190.34,28.02,10.01,3.52,0
20230319:1011,321.45,33.44,10.77,3.38,0
20230319:1111,430.18,36.47,11.51,3.24,0
20230319:1211,471.04,36.63,12.16,3.17,0
20230319:1311,481.6,33.9,12.54,3.1,0
20230319:1411,383.05,28.71,12.61,3.1,0
20230319:1511,170.03,21.69,12.39,2.83,0
20230319:1611,96.72,13.49,11.8,2.9,0
20230319:1711,30.55,4.62,11.04,3.1,0
20230319:1811,0,0,9.67,3.03,0
20230319:1911,0,0,9.46,2.69,0
20230319:2011,0,0,8.88,2.14,0
20230319:2111,0,0,8.27,2.07,0
20230319:2211,0,0,7.96,1.93,0
20230319:2311,0,0,7.76,2.28,0
20230320:0011,0,0,7.69,2.83,0
20230320:0111,0,0,7.6,2.76,0
20230320:0211,0,0,7.35,2.9,0
20230320:0311,0,0,7.2,3.31,0
20230320:0411,0,0,6.98,3.38,0
20230320:0511,0,0,6.67,3.45,0
20230320:0611,2.87,3.98,6.52,3.45,0
20230320:0711,43,12.91,6.81,3.79,0
20230320:0811,116.82,21.22,7.1,3.59,0
20230320:0911,220.81,28.41,7.69,4.41,0
20230320:1011,248.12,33.84,8.31,5.38,0
20230320:1111,224.67,36.87,8.38,4.97,0
20230320:1211,207.49,37.02,8.49,5.17,0
20230320:1311,174.66,34.26,8.36,5.17,0
20230320:1411,133.67,29.04,8.08,4.62,0
20230320:1511,39.03,22,7.92,4.76,0
20230320:1611,38.05,13.77,7.78,4.14,0
20230320:1711,14.63,4.88,7.74,3.86,0
20230320:1811,0,0,7.75,3.79,0
20230320:1911,0,0,8.41,4,0
20230320:2011,0,0,8.57,3.66,0
20230320:2111,0,0,8.73,3.45,0
20230320:2211,0,0,8.81,3.38,0
20230320:2311,0,0,8.88,3.45,0
20230321:0011,0,0,8.89,3.45,0
20230321:0111,0,0,8.85,3.38,0
20230321:0211,0,0,8.79,3.31,0
20230321:0311,0,0,8.72,3.24,0
20230321:0411,0,0,8.64,3.03,0
20230321:0511,0,0,8.55,3.03,0
20230321:0611,2.87,4.34,8.57,3.31,0
20230321:0711,0,0,8.62,3.38,0
20230321:0811,0,0,8.86,3.66,0
20230321:0911,155.37,28.8,9.03,3.72,0
20230321:1011,161.96,34.24,9.4,4.07,0
20230321:1111,291.12,37.27,9.95,4.21,0
20230321:1211,257.43,37.41,11.49,5.72,0
20230321:1311,260.06,34.62,12.44,4.97,0
20230321:1411,167.34,29.36,12.88,5.03,0
20230321:1511,186.7,22.29,13.11,5.03,0
20230321:1611,92.9,14.05,12.91,4.55,0
20230321:1711,9.76,5.15,12.31,4.21,0
20230321:1811,0,0,11.69,4.21,0
20230321:1911,0,0,11.29,4.69,0
20230321:2011,0,0,10.49,4.69,0
20230321:2111,0,0,10.32,5.03,0
20230321:2211,0,0,10.08,5.1,0
20230321:2311,0,0,9.8,5.03,0
20230322:0011,0,0,9.36,4.9,0
20230322:0111,0,0,9.19,4.83,0
20230322:0211,0,0,9.2,4.69,0
20230322:0311,0,0,9.46,4.41,0
20230322:0411,0,0,9.75,4.69,0
20230322:0511,0,0,10.04,5.24,0
20230322:0611,24.84,4.7,9.86,5.72,0
20230322:0711,0,0,10.31,6.07,0
20230322:0811,139.65,21.97,10.59,6.28,0
20230322:0911,126.84,29.19,10.82,6.76,0
20230322:1011,109.27,34.64,10.66,6.9,0
20230322:1111,134.64,37.67,10.09,6.9,0
20230322:1211,127.81,37.79,9.8,6.55,0
20230322:1311,99.52,34.98,9.8,6.34,0
20230322:1411,96.59,29.69,10.08,6.21,0
20230322:1511,107.32,22.59,10.18,6.07,0
20230322:1611,21.46,14.33,10.32,6.07,0
20230322:1711,15.61,5.42,10.47,5.93,0
20230322:1811,0,0,10.6,6.07,0
20230322:1911,0,0,10.91,5.86,0
20230322:2011,0,0,10.87,5.79,0
20230322:2111,0,0,10.75,5.86,0
20230322:2211,0,0,10.75,5.86,0
20230322:2311,0,0,10.71,5.86,0
20230323:0011,0,0,10.74,6.07,0
20230323:0111,0,0,10.78,6.14,0
20230323:0211,0,0,10.79,6.41,0
20230323:0311,0,0,10.28,6.69,0
20230323:0411,0,0,10.34,7.1,0
20230323:0511,0,0,10.22,7.24,0
20230323:0611,3.82,5.07,10.02,6.97,0
20230323:0711,96.51,14.01,10.32,6.34,0
20230323:0811,162.68,22.35,10.85,6,0
20230323:0911,227.09,29.58,11.33,6.34,0
20230323:1011,189.76,35.04,11.65,6.14,0
20230323:1111,282.44,38.08,12.64,6.83,0
20230323:1211,336,38.18,13.34,6.34,0
20230323:1311,502.46,35.34,13.96,6.41,0
20230323:1411,249.6,30.02,14.15,6.41,0
20230323:1511,66.35,22.89,14.19,5.93,0
20230323:1611,378.41,14.6,13.53,5.93,0
20230323:1711,63.59,5.69,12.84,5.1,0
20230323:1811,0,0,11.68,4.62,0
20230323:1911,0,0,11.85,4.62,0
20230323:2011,0,0,11.56,5.03,0
20230323:2111,0,0,11.33,5.1,0
20230323:2211,0,0,11.43,5.59,0
20230323:2311,0,0,11.42,6,0
20230324:0011,0,0,11.62,6.14,0
20230324:0111,0,0,11.83,6.97,0
20230324:0211,0,0,11.95,7.31,0
20230324:0311,0,0,11.86,7.24,0
20230324:0411,0,0,11.22,7.38,0
20230324:0511,0,0,10.36,6.48,0
20230324:0611,24.84,5.43,9.45,5.93,0
20230324:0711,85.04,14.37,9.34,6.34,0
20230324:0811,157.52,22.73,10.04,7.52,0
20230324:0911,252.31,29.97,11.01,8.41,0
20230324:1011,344.38,35.44,11.62,7.86,0
20230324:1111,373.4,38.48,12.58,7.17,0
20230324:1211,144.4,38.56,12.96,6.55,0
20230324:1311,149.28,35.69,12.26,7.03,0
20230324:1411,188.34,30.34,12.69,6.41,0
20230324:1511,193.3,23.18,12.24,6.62,0
20230324:1611,213.85,14.88,10.93,5.52,0
20230324:1711,71.76,5.95,10.87,5.45,0
20230324:1811,0,0,10.17,5.59,0
20230324:1911,0,0,9.92,5.66,0
20230324:2011,0,0,9.6,6.14,0
20230324:2111,0,0,9.14,6.21,0
20230324:2211,0,0,8.99,6.41,0
20230324:2311,0,0,8.77,6.62,0
20230325:0011,0,0,8.74,6.76,0
20230325:0111,0,0,8.32,6.69,0
20230325:0211,0,0,8.14,6.76,0
20230325:0311,0,0,8.12,6.9,0
20230325:0411,0,0,7.99,7.03,0
20230325:0511,0,0,7.76,6.97,0
20230325:0611,30.58,5.79,7.57,7.03,0
20230325:0711,94.6,14.74,7.86,7.24,0
20230325:0811,154.3,23.1,8.46,6.07,0
20230325:0911,164.19,30.36,9.03,6.76,0
20230325:1011,219.01,35.84,9.58,6.9,0
20230325:1111,166.84,38.88,9.79,6.76,0
20230325:1211,210.6,38.95,10.56,7.17,0
20230325:1311,541.37,36.05,10.78,8.21,0
20230325:1411,42.93,30.66,10.95,8.34,0
20230325:1511,59.52,23.48,10.73,9.31,0
20230325:1611,212.7,15.16,9.48,9.52,0
20230325:1711,87.12,6.22,8.91,7.79,0
20230325:1811,0,0,8.49,6.9,0
20230325:1911,0,0,8.39,5.59,0
20230325:2011,0,0,7.89,4.62,0
20230325:2111,0,0,7.51,4.07,0
20230325:2211,0,0,7.04,3.66,0
20230325:2311,0,0,6.72,3.31,0
20230326:0011,0,0,6.51,2.97,0
20230326:0111,0,0,6.25,2.55,0
20230326:0211,0,0,6.28,1.93,0
20230326:0311,0,0,5.74,1.45,0
20230326:0411,0,0,5.42,0.9,0
20230326:0511,0,0,5.9,0.14,0
20230326:0611,16.24,6.15,5.11,1.1,0
20230326:0711,56.38,15.11,6.47,2.55,0
20230326:0811,162.09,23.48,6.86,2.97,0
20230326:0911,215.31,30.74,7.32,3.38,0
20230326:1011,225.38,36.24,7.78,3.59,0
20230326:1111,312.29,39.27,8.18,3.79,0
20230326:1211,385.41,39.33,8.55,4.14,0
20230326:1311,334.78,36.4,8.84,4.55,0
20230326:1411,274,30.98,8.8,4.97,0
20230326:1511,192.92,23.77,8.55,5.38,0
20230326:1611,127.46,15.43,7.87,5.59,0
20230326:1711,87.65,6.48,6.96,5.52,0
20230326:1811,0,0,5.6,5.24,0
20230326:1911,0,0,4.91,4.76,0
20230326:2011,0,0,4.46,4.48,0
20230326:2111,0,0,4.13,4.14,0
20230326:2211,0,0,3.78,3.72,0
20230326:2311,0,0,3.35,3.38,0
20230327:0011,0,0,2.93,3.24,0
20230327:0111,0,0,2.74,3.24,0
20230327:0211,0,0,2.56,3.24,0
20230327:0311,0,0,2.52,3.45,0
20230327:0411,0,0,2.59,3.59,0
20230327:0511,0,0,2.53,3.66,0
20230327:0611,37.26,6.51,2.57,3.59,0
20230327:0711,67.84,15.47,3.43,3.52,0
20230327:0811,103.12,23.85,4.41,5.59,0
20230327:0911,248.63,31.13,5.2,5.66,0
20230327:1011,213.22,36.64,5.92,5.66,0
20230327:1111,512.02,39.67,6.57,5.72,0
20230327:1211,392.5,39.71,6.86,5.93,0
20230327:1311,134.64,36.76,6.5,6.21,0
20230327:1411,499.62,31.3,6.68,6.21,0
20230327:1511,458.51,24.06,6.21,6.48,0
20230327:1611,433.38,15.7,5.87,6.69,0
20230327:1711,84.09,6.75,5.26,5.72,0
20230327:1811,0,0,4.5,4.76,0
20230327:1911,0,0,3.82,4.28,0
20230327:2011,0,0,3.36,3.93,0
20230327:2111,0,0,3.19,3.66,0
20230327:2211,0,0,3.04,3.38,0
20230327:2311,0,0,2.67,2.97,0
20230328:0011,0,0,2.04,2.76,0
20230328:0111,0,0,1.47,2.62,0
20230328:0211,0,0,0.91,2.48,0
20230328:0311,0,0,0.48,2.41,0
20230328:0411,0,0,0.2,2.62,0
20230328:0511,0,0,0.33,2.62,0
20230328:0611,40.13,6.87,0.72,2.48,0
20230328:0711,84.09,15.83,2.46,2.34,0
20230328:0811,124.59,24.23,3.95,2.83,0
20230328:0911,269.16,31.52,4.99,3.17,0
20230328:1011,377.46,37.04,5.56,3.66,0
20230328:1111,417.33,40.07,6,3.93,0
20230328:1211,447.28,40.1,6.69,4.34,0
20230328:1311,478.63,37.11,7.14,4.62,0
20230328:1411,160.98,31.62,7.42,4.69,0
20230328:1511,216.57,24.35,7.54,4.62,0
20230328:1611,83.06,15.97,7.15,4,0
20230328:1711,79.73,7.01,6.39,3.24,0
20230328:1811,0,0,5.79,2.9,0
20230328:1911,0,0,5.84,2.55,0
20230328:2011,0,0,5.25,2.76,0
20230328:2111,0,0,5.2,3.52,0
20230328:2211,0,0,5.13,4,0
20230328:2311,0,0,5.03,3.79,0
20230329:0011,0,0,4.94,3.59,0
20230329:0111,0,0,4.84,3.59,0
20230329:0211,0,0,4.83,3.59,0
20230329:0311,0,0,4.97,3.38,0
20230329:0411,0,0,5.18,3.17,0
20230329:0511,0,0,5.48,2.97,0
20230329:0611,28.67,7.22,5.8,2.97,0
20230329:0711,93.64,16.2,6.54,3.1,0
20230329:0811,169.58,24.6,7.52,2.9,0
20230329:0911,227.56,31.9,8.42,3.24,0
20230329:1011,304.3,37.44,9.73,3.72,0
20230329:1111,348.46,40.47,10.44,4.07,0
20230329:1211,364.6,40.48,11.39,3.79,0
20230329:1311,285.84,37.46,12.04,3.72,0
20230329:1411,161.23,31.94,12.78,3.79,0
20230329:1511,120.98,24.64,12.81,2.76,0
20230329:1611,53.66,16.24,12.68,2.9,0
20230329:1711,43.83,7.27,11.91,2.62,0
20230329:1811,0,0,11,3.03,0
20230329:1911,0,0,10.82,3.45,0
20230329:2011,0,0,10.56,3.66,0
20230329:2111,0,0,10.52,3.66,0
20230329:2211,0,0,10.48,3.79,0
20230329:2311,0,0,10.53,3.86,0
20230330:0011,0,0,10.45,3.52,0
20230330:0111,0,0,10.71,4.34,0
20230330:0211,0,0,11.34,5.03,0
20230330:0311,0,0,11.41,5.1,0
20230330:0411,0,0,11.37,5.24,0
20230330:0511,0,0,11.31,5.45,0
20230330:0611,39.18,7.58,11.27,5.72,0
20230330:0711,107.02,16.56,12.08,6.69,0
20230330:0811,178.44,24.97,12.25,7.66,0
20230330:0911,252.1,32.29,12.15,7.52,0
20230330:1011,334.16,37.83,12.61,8.62,0
20230330:1111,380.46,40.86,13.03,8.76,0
20230330:1211,316.1,40.85,13.8,7.72,0
20230330:1311,425.69,37.81,14,6.83,0
20230330:1411,442.94,32.25,12.46,7.93,0
20230330:1511,281.53,24.93,12.83,6.83,0
20230330:1611,86.94,16.51,12.62,6.69,0
20230330:1711,208.87,7.53,12.42,6.14,0
20230330:1811,0,0,11.64,5.59,0
20230330:1911,0,0,11.17,5.03,0
20230330:2011,0,0,10.73,4.9,0
20230330:2111,0,0,10.21,4.76,0
20230330:2211,0,0,9.82,4.76,0
20230330:2311,0,0,9.5,4.48,0
20230331:0011,0,0,9.12,4.14,0
20230331:0111,0,0,8.75,3.72,0
20230331:0211,0,0,8.6,3.79,0
20230331:0311,0,0,8.84,3.93,0
20230331:0411,0,0,9.06,3.86,0
20230331:0511,0,0,9.26,3.72,0
20230331:0611,7.64,7.94,9.32,3.79,0
20230331:0711,62.11,16.92,9.65,4.9,0
20230331:0811,185.5,25.34,9.78,4.62,0
20230331:0911,172.06,32.67,10.08,4.41,0
20230331:1011,233.37,38.23,10.56,4.62,0
20230331:1111,390.89,41.26,10.8,5.1,0
20230331:1211,306.25,41.23,10.86,5.31,0
20230331:1311,219.65,38.16,11.4,4.14,0
20230331:1411,367.37,32.57,12.5,3.93,0
20230331:1511,132.25,25.22,12.51,4.28,0
20230331:1611,75.13,16.78,11.41,4.28,0
20230331:1711,22.44,7.79,10.8,3.86,0
20230331:1811,0,0,10.21,3.31,0
20230331:1911,0,0,9.96,4.07,0
20230331:2011,0,0,9.83,4.14,0
20230331:2111,0,0,9.74,4.34,0
20230331:2211,0,0,9.69,4.41,0
20230331:2311,0,0,9.58,4.07,0
20230401:0011,0,0,9.46,3.59,0
20230401:0111,0,0,9.28,2.9,0
20230401:0211,0,0,9.14,2.07,0
20230401:0311,0,0,9.03,1.17,0
20230401:0411,0,0,8.96,0.48,0
20230401:0511,0,0,8.83,0.21,0
20230401:0611,18.15,8.29,8.88,0.76,0
20230401:0711,78.35,17.28,8.97,1.38,0
20230401:0811,142.59,25.71,9.28,2.21,0
20230401:0911,90.74,33.05,9.59,2.48,0
20230401:1011,238.28,38.62,10.11,2.41,0
20230401:1111,257.53,41.65,10.45,2.69,0
20230401:1211,362.33,41.61,10.9,3.52,0
20230401:1311,103.42,38.5,10.74,3.79,0
20230401:1411,145.37,32.88,10.17,4.28,0
20230401:1511,90.74,25.5,9.8,4.55,0
20230401:1611,70.25,17.05,8.98,5.72,0
20230401:1711,11.71,8.05,8.08,5.59,0
20230401:1811,0,0,7.28,5.1,0
20230401:1911,0,0,7.14,5.52,0
20230401:2011,0,0,6.68,5.59,0
20230401:2111,0,0,6.31,5.66,0
20230401:2211,0,0,6.02,5.66,0
20230401:2311,0,0,5.72,5.52,0
20230402:0011,0,0,5.36,5.38,0
20230402:0111,0,0,4.89,5.45,0
20230402:0211,0,0,4.19,5.45,0
20230402:0311,0,0,3.47,5.38,0
20230402:0411,0,0,2.76,5.17,0
20230402:0511,0,0,2.23,4.97,0
20230402:0611,49.69,8.65,1.99,4.76,0
20230402:0711,128.99,17.64,2.53,5.45,0
20230402:0811,159.76,26.08,3.42,5.93,0
20230402:0911,287.93,33.43,4.23,5.52,0
20230402:1011,431.08,39.01,5.2,5.31,0
20230402:1111,549.57,42.04,6.54,5.31,0
20230402:1211,629.85,41.98,7.62,5.24,0
20230402:1311,667.74,38.84,8.32,5.1,0
20230402:1411,659.01,33.19,8.99,5.03,0
20230402:1511,570.92,25.79,9.17,4.83,0
20230402:1611,436.59,17.31,9.07,4.55,0
20230402:1711,242.35,8.31,8.47,3.79,0
20230402:1811,0,0,7.09,3.45,0
20230402:1911,0,0,5.86,3.24,0
20230402:2011,0,0,4.88,3.45,0
20230402:2111,0,0,4.32,3.59,0
20230402:2211,0,0,4.03,3.59,0
20230402:2311,0,0,3.55,3.52,0
20230403:0011,0,0,3.03,3.45,0
20230403:0111,0,0,2.32,3.38,0
20230403:0211,0,0,1.84,3.38,0
20230403:0311,0,0,1.34,3.24,0
20230403:0411,0,0,0.72,3.17,0
20230403:0511,0,0,0.18,3.17,0
20230403:0611,46.82,9,0.17,3.24,0
20230403:0711,78.35,17.99,1.46,3.45,0
20230403:0811,151.54,26.45,3.01,4.07,0
20230403:0911,297.86,33.81,4.63,4.21,0
20230403:1011,439.65,39.4,6.02,4.55,0
20230403:1111,551.33,42.43,6.99,4.76,0
20230403:1211,628.83,42.36,7.68,4.69,0
20230403:1311,677.53,39.19,8.08,4.55,0
20230403:1411,674.26,33.5,8.36,4.41,0
20230403:1511,580.67,26.07,8.4,4.34,0
20230403:1611,454.37,17.58,8.22,4.34,0
20230403:1711,256.52,8.57,7.5,3.45,0
20230403:1811,0,0,6.14,3.03,0
20230403:1911,0,0,4.58,2.97,0
20230403:2011,0,0,3.53,2.97,0
20230403:2111,0,0,2.65,2.83,0
20230403:2211,0,0,1.93,2.62,0
20230403:2311,0,0,1.32,2.48,0
20230404:0011,0,0,0.81,2.34,0
20230404:0111,0,0,0.38,2.21,0
20230404:0211,0,0,-0.16,2.07,0
20230404:0311,0,0,-0.85,2,0
20230404:0411,0,0,-1.45,1.79,0
20230404:0511,0,0,-1.89,1.59,0
20230404:0611,55.42,9.35,-1.68,1.38,0
20230404:0711,109.88,18.35,1.1,0.97,0
20230404:0811,165.97,26.81,3.37,0.97,0
20230404:0911,302.59,34.19,5.06,1.03,0
20230404:1011,434.39,39.79,6.26,1.45,0
20230404:1111,550.61,42.82,7.04,1.72,0
20230404:1211,616.53,42.73,7.58,1.66,0
20230404:1311,654.39,39.53,8.08,1.66,0
20230404:1411,632.53,33.81,8.29,1.72,0
20230404:1511,566.02,26.35,8.41,1.86,0
20230404:1611,436.1,17.84,8.2,2.07,0
20230404:1711,131.47,8.82,7.66,1.86,0
20230404:1811,0,0,6.35,2.07,0
20230404:1911,0,0,4.87,2.55,0
20230404:2011,0,0,3.55,2.62,0
20230404:2111,0,0,2.57,2.62,0
20230404:2211,0,0,1.8,2.55,0
20230404:2311,0,0,1.01,2.48,0
20230405:0011,0,0,0.31,2.34,0
20230405:0111,0,0,-0.36,2.21,0
20230405:0211,0,0,-1.02,2.07,0
20230405:0311,0,0,-1.65,2,0
20230405:0411,0,0,-2.08,1.93,0
20230405:0511,0,0,-2.47,1.93,0
20230405:0611,55.42,9.7,-2.02,1.66,0
20230405:0711,87.91,18.7,1.21,1.38,0
20230405:0811,166.68,27.17,3.66,1.31,0
20230405:0911,308.91,34.57,5.84,1.52,0
20230405:1011,449.09,40.17,7.41,2,0
20230405:1111,557.67,43.21,8.18,1.93,0
20230405:1211,640.79,43.1,8.72,1.79,0
20230405:1311,682.97,39.87,9.19,1.52,0
20230405:1411,655.46,34.11,9.44,1.17,0
20230405:1511,581.1,26.63,9.53,0.76,0
20230405:1611,455.77,18.1,9.51,0.55,0
20230405:1711,263.18,9.08,9.25,0.62,0
20230405:1811,0,0,7.81,1.1,0
20230405:1911,0,0,6.62,1.1,0
20230405:2011,0,0,4.14,1.59,0
20230405:2111,0,0,2.13,2.07,0
20230405:2211,0,0,1.15,2.41,0
20230405:2311,0,0,0.62,2.48,0
20230406:0011,0,0,0.26,2.55,0
20230406:0111,0,0,-0.04,2.55,0
20230406:0211,0,0,-0.37,2.48,0
20230406:0311,0,0,-0.73,2.41,0
20230406:0411,0,0,-0.95,2.41,0
20230406:0511,0,0,-1.13,2.48,0
20230406:0611,66.89,10.04,-0.38,2.34,0
20230406:0711,138.55,19.05,2.89,2.55,0
20230406:0811,219.18,27.53,5.7,3.03,0
20230406:0911,282.84,34.94,7.61,3.52,0
20230406:1011,419.23,40.56,8.88,3.93,0
20230406:1111,346.56,43.59,9.46,4.21,0
20230406:1211,301.71,43.46,9.51,4.07,0
20230406:1311,215.67,40.2,9.2,4.97,0
20230406:1411,146.35,34.42,8.7,4,0
20230406:1511,90.74,26.9,8.07,4.48,0
20230406:1611,66.35,18.36,7.86,4.48,0
20230406:1711,33.17,9.33,7.69,4.62,0
20230406:1811,0,0,7.55,4.41,0
20230406:1911,0,0,7.34,3.93,0
20230406:2011,0,0,7.27,3.38,0
20230406:2111,0,0,7.17,2.97,0
20230406:2211,0,0,7.09,2.62,0
20230406:2311,0,0,7.02,2.14,0
20230407:0011,0,0,6.93,1.59,0
20230407:0111,0,0,6.86,1.17,0
20230407:0211,0,0,6.77,0.76,0
20230407:0311,0,0,6.76,1.03,0
20230407:0411,0,0,6.81,1.31,0
20230407:0511,0,0,6.83,1.45,0
20230407:0611,24.84,10.39,6.95,1.38,0
20230407:0711,127.08,19.4,7.79,1.79,0
20230407:0811,114.15,27.89,8.1,1.59,0
20230407:0911,186.74,35.31,8.32,1.1,0
20230407:1011,182.45,40.94,8.62,1.03,0
20230407:1111,177.57,43.97,9.12,1.45,0
20230407:1211,134.64,43.83,9.31,2.28,0
20230407:1311,120.98,40.54,9.21,2.83,0
20230407:1411,119.03,34.72,9.38,2.97,0
20230407:1511,120.01,27.18,9.37,2.83,0
20230407:1611,124.13,18.62,9.41,2.34,0
20230407:1711,182.31,9.58,9.39,1.66,0
20230407:1811,0,0,8.79,1.52,0
20230407:1911,0,0,8.15,1.66,0
20230407:2011,0,0,7.61,1.66,0
20230407:2111,0,0,6.99,1.86,0
20230407:2211,0,0,6.78,2.28,0
20230407:2311,0,0,6.13,2.76,0
20230408:0011,0,0,5.3,2.97,0
20230408:0111,0,0,4.75,2.9,0
20230408:0211,0,0,4.03,2.69,0
20230408:0311,0,0,3.31,2.48,0
20230408:0411,0,0,2.37,2.28,0
20230408:0511,0,0,1.83,2.21,0
20230408:0611,54.46,10.73,2.28,2,0
20230408:0711,133.77,19.74,4.01,2,0
20230408:0811,196,28.24,6.1,2,0
20230408:0911,317.3,35.68,7.93,2.07,0
20230408:1011,446.6,41.32,9.4,2.07,0
20230408:1111,362.91,44.35,10.71,2.28,0
20230408:1211,632.79,44.19,11.8,2.48,0
20230408:1311,596.45,40.87,12.51,2.62,0
20230408:1411,371.41,35.02,12.67,2.69,0
20230408:1511,484.82,27.45,12.69,2.55,0
20230408:1611,281.63,18.88,12.29,2.41,0
20230408:1711,106.99,9.83,11.74,2.28,0
20230408:1811,0,0,10.9,2.14,0
20230408:1911,0,0,9.79,2.07,0
20230408:2011,0,0,9.47,2,0
20230408:2111,0,0,9.2,1.86,0
20230408:2211,0,0,8.82,1.66,0
20230408:2311,0,0,8.63,1.59,0
20230409:0011,0,0,8.49,1.72,0
20230409:0111,0,0,8.17,1.93,0
20230409:0211,0,0,7.98,2.14,0
20230409:0311,0,0,7.67,2.28,0
20230409:0411,0,0,7.31,2.14,0
20230409:0511,0.96,1.98,6.97,2.14,0
20230409:0611,51.6,11.07,7.04,2.28,0
20230409:0711,135.41,20.09,7.4,2.55,0
20230409:0811,204.95,28.6,8.17,2.55,0
20230409:0911,325.6,36.04,9.37,2.69,0
20230409:1011,455.62,41.7,10.51,3.03,0
20230409:1111,519.61,44.73,11.21,2.97,0
20230409:1211,637.08,44.55,11.88,3.03,0
20230409:1311,677.52,41.2,12.19,3.1,0
20230409:1411,651.72,35.31,12.64,3.17,0
20230409:1511,572.17,27.72,12.67,3.1,0
20230409:1611,460.21,19.13,12.53,2.9,0
20230409:1711,275.51,10.08,12.29,2.55,0
20230409:1811,0,0,11.12,2.34,0
20230409:1911,0,0,9.99,2.83,0
20230409:2011,0,0,9.11,2.97,0
20230409:2111,0,0,8.27,3.03,0
20230409:2211,0,0,7.71,3.03,0
20230409:2311,0,0,7.27,3.1,0
20230410:0011,0,0,7.04,3.31,0
20230410:0111,0,0,7.23,3.52,0
20230410:0211,0,0,7.44,3.59,0
20230410:0311,0,0,7.52,3.59,0
20230410:0411,0,0,7.39,3.66,0
20230410:0511,1.91,2.32,7.41,3.79,0
20230410:0611,61.15,11.4,7.63,3.86,0
20230410:0711,141.54,20.43,8.55,3.79,0
20230410:0811,201.48,28.95,9.81,4.69,0
20230410:0911,334.43,36.41,11.13,5.38,0
20230410:1011,284.97,42.07,12.43,5.72,0
20230410:1111,342.88,45.11,13.57,6.14,0
20230410:1211,325.5,44.91,14.66,6.55,0
20230410:1311,200.01,41.53,15.44,6.76,0
20230410:1411,125.86,35.61,15.25,6.48,0
20230410:1511,64.39,27.99,14,5.66,0
20230410:1611,24.39,19.39,12.49,6.07,0
20230410:1711,76.09,10.33,11.84,6.41,0
20230410:1811,0,0,11.42,6.48,0
20230410:1911,0,0,10.85,5.86,0
20230410:2011,0,0,10.33,5.59,0
20230410:2111,0,0,9.63,5.66,0
20230410:2211,0,0,9.25,6,0
20230410:2311,0,0,8.77,6.07,0
20230411:0011,0,0,8.06,5.38,0
20230411:0111,0,0,7.48,5.17,0
20230411:0211,0,0,7.08,5.1,0
20230411:0311,0,0,6.87,5.17,0
20230411:0411,0,0,6.63,5.03,0
20230411:0511,1.91,2.65,6.76,5.1,0
20230411:0611,81.22,11.74,6.84,5.31,0
20230411:0711,127.07,20.76,7.65,5.79,0
20230411:0811,241.5,29.29,8.4,7.03,0
20230411:0911,308.35,36.77,9.26,7.52,0
20230411:1011,396.12,42.45,9.9,7.52,0
20230411:1111,432.07,45.48,10.25,7.59,0
20230411:1211,562.65,45.27,10.47,7.31,0
20230411:1311,417.31,41.85,10.75,6.83,0
20230411:1411,651.22,35.9,11.04,6.41,0
20230411:1511,610.46,28.26,11.12,5.79,0
20230411:1611,500.48,19.64,11.05,4.55,0
20230411:1711,309.82,10.58,10.65,2.62,0
20230411:1811,0,0,9.54,1.93,0
20230411:1911,0,0,8.09,2.41,0
20230411:2011,0,0,7.38,2.83,0
20230411:2111,0,0,7.54,3.24,0
20230411:2211,0,0,7.92,3.86,0
20230411:2311,0,0,7.97,4.48,0
20230412:0011,0,0,7.92,5.03,0
20230412:0111,0,0,8.03,5.59,0
20230412:0211,0,0,8.12,6,0
20230412:0311,0,0,8.13,6.14,0
20230412:0411,0,0,7.83,5.93,0
20230412:0511,1.91,2.99,7.81,5.86,0
20230412:0611,13.38,12.07,7.91,5.59,0
20230412:0711,53.66,21.1,7.79,4.83,0
20230412:0811,78.05,29.64,8.04,4.21,0
20230412:0911,333.78,37.13,8.59,3.59,0
20230412:1011,392.47,42.82,9.44,3.31,0
20230412:1111,429.13,45.85,9.73,3.03,0
20230412:1211,118.06,45.62,10.86,3.72,0
20230412:1311,152.2,42.18,11.22,4.14,0
20230412:1411,311.78,36.2,11.64,4.28,0
20230412:1511,134.64,28.53,9.52,5.03,0
20230412:1611,48.78,19.89,9,3.79,0
20230412:1711,33.17,10.83,8.86,3.24,0
20230412:1811,0.98,1.77,7.93,3.52,0
20230412:1911,0,0,6.88,3.59,0
20230412:2011,0,0,6.18,3.66,0
20230412:2111,0,0,5.69,4.55,0
20230412:2211,0,0,5.8,5.52,0
20230412:2311,0,0,6.2,6.28,0
20230413:0011,0,0,6.43,6.62,0
20230413:0111,0,0,6.16,6.9,0
20230413:0211,0,0,5.48,7.31,0
20230413:0311,0,0,5.32,6.62,0
20230413:0411,0,0,6.05,6.34,0
20230413:0511,8.6,3.32,5.83,5.86,0
20230413:0611,66.89,12.4,5.91,5.52,0
20230413:0711,140.85,21.43,6.86,5.17,0
20230413:0811,155.35,29.98,7.69,5.45,0
20230413:0911,206.72,37.48,8.84,5.66,0
20230413:1011,338.64,43.18,9.87,6,0
20230413:1111,317.02,46.22,10.24,6,0
20230413:1211,339.1,45.98,10.85,5.93,0
20230413:1311,481.13,42.5,11.19,5.66,0
20230413:1411,597.86,36.48,11.38,5.52,0
20230413:1511,475.24,28.79,11.25,5.45,0
20230413:1611,459.3,20.14,11,5.03,0
20230413:1711,314.57,11.07,10.51,3.52,0
20230413:1811,2.93,2.02,9.4,2.83,0
20230413:1911,0,0,8.12,2.62,0
20230413:2011,0,0,6.92,2.62,0
20230413:2111,0,0,5.88,2.62,0
20230413:2211,0,0,5.04,2.69,0
20230413:2311,0,0,4.52,2.76,0
20230414:0011,0,0,4.1,2.69,0
20230414:0111,0,0,3.59,2.62,0
20230414:0211,0,0,3.15,2.48,0
20230414:0311,0,0,2.6,2.41,0
20230414:0411,0,0,2.11,2.41,0
20230414:0511,15.29,3.64,1.69,2.41,0
20230414:0611,63.06,12.72,2.69,1.93,0
20230414:0711,78.36,21.76,6.12,1.72,0
20230414:0811,214.98,30.32,8.59,1.93,0
20230414:0911,360.47,37.83,10.42,2.62,0
20230414:1011,493.09,43.55,11.63,3.38,0
20230414:1111,472,46.59,12.31,3.24,0
20230414:1211,640.17,46.33,12.91,2.9,0
20230414:1311,592.35,42.82,13.44,2.55,0
20230414:1411,655.06,36.77,13.71,2.62,0
20230414:1511,613.63,29.05,13.74,2.9,0
20230414:1611,486.28,20.39,13.46,3.03,0
20230414:1711,303.3,11.32,12.89,2.83,0
20230414:1811,4.88,2.27,11.5,2.83,0
20230414:1911,0,0,9.94,2.83,0
20230414:2011,0,0,8.97,3.03,0
20230414:2111,0,0,8.42,3.31,0
20230414:2211,0,0,7.82,3.38,0
20230414:2311,0,0,7.32,3.1,0
20230415:0011,0,0,6.43,2.9,0
20230415:0111,0,0,5.64,2.83,0
20230415:0211,0,0,5.04,2.76,0
20230415:0311,0,0,4.52,2.69,0
20230415:0411,0,0,4.03,2.62,0
20230415:0511,17.2,3.97,3.64,2.48,0
20230415:0611,88.86,13.04,4.44,2.28,0
20230415:0711,142.48,22.09,6.62,2.97,0
20230415:0811,254.2,30.65,8.51,4.34,0
20230415:0911,347.18,38.18,9.79,5.38,0
20230415:1011,401.74,43.91,10.43,5.72,0
20230415:1111,434.09,46.95,10.57,6.07,0
20230415:1211,387.44,46.67,10.53,5.93,0
20230415:1311,145.37,43.14,10.47,6,0
20230415:1411,67.32,37.06,10.13,5.93,0
20230415:1511,109.27,29.31,9.95,6,0
20230415:1611,89.76,20.63,9.6,5.66,0
20230415:1711,39.03,11.56,9.41,5.45,0
20230415:1811,1.95,2.52,8.93,4.97,0
20230415:1911,0,0,8.23,4.83,0
20230415:2011,0,0,8.04,4.62,0
20230415:2111,0,0,7.93,4.28,0
20230415:2211,0,0,7.84,3.86,0
20230415:2311,0,0,7.73,3.72,0
20230416:0011,0,0,7.65,3.59,0
20230416:0111,0,0,7.56,3.59,0
20230416:0211,0,0,7.56,3.52,0
20230416:0311,0,0,7.53,3.31,0
20230416:0411,0,0,7.57,3.03,0
20230416:0511,2.87,4.29,7.5,2.76,0
20230416:0611,20.07,13.36,8.06,4.07,0
20230416:0711,80.98,22.41,8.56,3.66,0
20230416:0811,146.35,30.98,9.33,3.38,0
20230416:0911,235.79,38.53,10.19,3.17,0
20230416:1011,351.57,44.27,11.01,2.9,0
20230416:1111,352.53,47.31,12.07,2.83,0
20230416:1211,369.16,47.02,13.03,2.83,0
20230416:1311,316.55,43.45,13.29,3.31,0
20230416:1411,344.11,37.34,13.39,3.93,0
20230416:1511,392.62,29.57,12.82,4.41,0
20230416:1611,402.94,20.88,11.97,4,0
20230416:1711,252.16,11.8,11.59,3.17,0
20230416:1811,6.83,2.76,10.94,3.03,0
20230416:1911,0,0,9.72,3.1,0
20230416:2011,0,0,8.73,3.24,0
20230416:2111,0,0,8.01,3.17,0
20230416:2211,0,0,7.18,2.83,0
20230416:2311,0,0,6.76,2.55,0
20230417:0011,0,0,6.61,2.28,0
20230417:0111,0,0,6.39,2.14,0
20230417:0211,0,0,6.24,2.07,0
20230417:0311,0,0,5.9,2.07,0
20230417:0411,0,0,5.49,2.07,0
20230417:0511,18.15,4.61,5.12,2.07,0
20230417:0611,92.68,13.68,6,1.79,0
20230417:0711,155.61,22.73,8.45,3.52,0
20230417:0811,207.15,31.31,9.65,3.45,0
20230417:0911,366.67,38.87,11.22,3.72,0
20230417:1011,451.28,44.62,12.67,4.07,0
20230417:1111,545.22,47.67,13.34,4,0
20230417:1211,582.78,47.36,13.9,4.07,0
20230417:1311,387.44,43.76,14.4,3.86,0
20230417:1411,426.15,37.62,14.56,3.72,0
20230417:1511,588.1,29.83,14.67,3.86,0
20230417:1611,468.13,21.12,14.38,3.86,0
20230417:1711,323.26,12.04,13.68,3.59,0
20230417:1811,8.78,3.01,12.12,3.59,0
20230417:1911,0,0,10.52,3.52,0
20230417:2011,0,0,9.51,3.59,0
20230417:2111,0,0,8.94,4,0
20230417:2211,0,0,8.48,4.34,0
20230417:2311,0,0,7.72,4.14,0
20230418:0011,0,0,6.76,3.86,0
20230418:0111,0,0,6.04,4,0
20230418:0211,0,0,5.56,4.07,0
20230418:0311,0,0,5.27,4.21,0
20230418:0411,0,0,5.09,4.28,0
20230418:0511,10.51,4.92,5.32,4.48,0
20230418:0611,36.31,13.99,5.89,4.14,0
20230418:0711,143.2,23.04,6.86,5.03,0
20230418:0811,267.36,31.64,8.05,5.72,0
20230418:0911,340.24,39.21,8.9,5.45,0
20230418:1011,398.51,44.97,10.36,5.93,0
20230418:1111,322.38,48.02,11.77,6.07,0
20230418:1211,457,47.7,11.99,5.59,0
20230418:1311,569.62,44.07,12.58,5.52,0
20230418:1411,511.03,37.9,12.64,5.17,0
20230418:1511,628.23,30.08,12.73,4.9,0
20230418:1611,514.09,21.36,12.65,4.48,0
20230418:1711,281.98,12.28,12.14,4.21,0
20230418:1811,18.99,3.25,11.39,4.07,0
20230418:1911,0,0,10.67,4.21,0
20230418:2011,0,0,9.58,4.34,0
20230418:2111,0,0,8.9,4.34,0
20230418:2211,0,0,8.71,4.21,0
20230418:2311,0,0,8.48,4,0
20230419:0011,0,0,8.15,3.79,0
20230419:0111,0,0,7.78,3.93,0
20230419:0211,0,0,7.79,4.14,0
20230419:0311,0,0,7.55,4.28,0
20230419:0411,0,0,7.09,4.41,0
20230419:0511,23.89,5.23,6.26,4.62,0
20230419:0611,75.49,14.3,5.89,4.48,0
20230419:0711,106.58,23.35,7.04,5.24,0
20230419:0811,242.2,31.96,8.16,5.86,0
20230419:0911,385.8,39.54,9.53,6.28,0
20230419:1011,526.27,45.32,10.79,6.41,0
20230419:1111,631.8,48.38,11.83,6.34,0
20230419:1211,717.84,48.03,12.54,6.21,0
20230419:1311,742.71,44.38,12.97,6.07,0
20230419:1411,736.63,38.17,13.15,6,0
20230419:1511,625.76,30.34,13.05,5.86,0
20230419:1611,535.15,21.6,12.68,5.72,0
20230419:1711,351.39,12.52,11.93,5.03,0
20230419:1811,19.56,3.49,10.64,4.9,0
20230419:1911,0,0,9.52,5.31,0
20230419:2011,0,0,8.64,5.24,0
20230419:2111,0,0,7.87,4.97,0
20230419:2211,0,0,7.11,4.34,0
20230419:2311,0,0,6.33,3.59,0
20230420:0011,0,0,5.64,3.45,0
20230420:0111,0,0,5.59,4,0
20230420:0211,0,0,5.95,4.41,0
20230420:0311,0,0,6.51,4.69,0
20230420:0411,0,0,6.86,4.9,0
20230420:0511,11.47,5.54,6.57,5.03,0
20230420:0611,19.11,14.6,6.18,5.03,0
20230420:0711,103.42,23.66,5.85,4.97,0
20230420:0811,162.25,32.27,6.73,6.34,0
20230420:0911,328,39.87,7.36,5.93,0
20230420:1011,328.59,45.66,7.74,5.52,0
20230420:1111,296.98,48.72,8.79,6.14,0
20230420:1211,341.65,48.37,9.91,6.34,0
20230420:1311,365.82,44.68,10.66,6.76,0
20230420:1411,315.22,38.45,11.8,6.62,0
20230420:1511,523.88,30.59,12.01,6,0
20230420:1611,329.56,21.84,11.96,5.52,0
20230420:1711,110.69,12.75,11.48,4.9,0
20230420:1811,22.19,3.74,10.77,4.48,0
20230420:1911,0,0,9.2,4.83,0
20230420:2011,0,0,8.37,4.28,0
20230420:2111,0,0,8.06,3.66,0
20230420:2211,0,0,8.32,3.59,0
20230420:2311,0,0,8.72,3.59,0
20230421:0011,0,0,9,3.86,0
20230421:0111,0,0,9.08,4,0
20230421:0211,0,0,9.24,3.93,0
20230421:0311,0,0,9.26,3.79,0
20230421:0411,0,0,9.21,4.14,0
20230421:0511,8.6,5.84,9.15,4.48,0
20230421:0611,33.44,14.9,9.38,4.62,0
20230421:0711,55.61,23.96,9.85,3.79,0
20230421:0811,125.86,32.59,10.82,3.93,0
20230421:0911,173.67,40.2,11.71,4.41,0
20230421:1011,198.06,46.01,12.53,4.97,0
20230421:1111,245.65,49.07,13.23,4.14,0
20230421:1211,146.35,48.7,14.18,3.72,0
20230421:1311,391.55,44.98,14.97,3.17,0
20230421:1411,314.47,38.72,14.78,2.21,0
20230421:1511,92.69,30.84,14.61,2,0
20230421:1611,34.15,22.08,14.71,1.72,0
20230421:1711,48.78,12.99,14.54,1.66,0
20230421:1811,5.85,3.98,13.63,2.07,0
20230421:1911,0,0,12.47,3.52,0
20230421:2011,0,0,11.93,3.66,0
20230421:2111,0,0,11.18,3.31,0
20230421:2211,0,0,10.71,3.1,0
20230421:2311,0,0,10.42,3.03,0
20230422:0011,0,0,10.01,3.1,0
20230422:0111,0,0,9.34,3.24,0
20230422:0211,0,0,8.72,3.17,0
20230422:0311,0,0,7.99,2.97,0
20230422:0411,0,0,7.21,2.76,0
20230422:0511,28.67,6.14,6.65,2.48,0
20230422:0611,91.73,15.2,7.7,2,0
20230422:0711,182.17,24.26,9.98,2,0
20230422:0811,254.06,32.9,11.93,2.21,0
20230422:0911,360.73,40.52,13.74,2.48,0
20230422:1011,516.25,46.34,15.39,2.69,0
20230422:1111,408.35,49.41,16.78,2.62,0
20230422:1211,407.14,49.02,18.02,3.38,0
20230422:1311,160.98,45.28,18.26,3.31,0
20230422:1411,129.76,38.99,16.33,3.79,0
20230422:1511,153.18,31.08,14.47,2.55,0
20230422:1611,80,22.31,13.96,2.21,0
20230422:1711,37.08,13.22,13.14,2.69,0
20230422:1811,2.93,4.21,11.79,3.1,0
20230422:1911,0,0,10.06,2.07,0
20230422:2011,0,0,9.58,2.07,0
20230422:2111,0,0,8.92,2.21,0
20230422:2211,0,0,8.18,2,0
20230422:2311,0,0,7.58,1.93,0
20230423:0011,0,0,6.86,2.21,0
20230423:0111,0,0,6.46,2.28,0
20230423:0211,0,0,6.18,2.41,0
20230423:0311,0,0,6.23,2.62,0
20230423:0411,0,0,6.68,2.97,0
20230423:0511,34.4,6.44,7.24,3.24,0
20230423:0611,108.93,15.49,8.51,3.1,0
20230423:0711,124.88,24.56,10.35,3.31,0
20230423:0811,259.43,33.2,12.26,3.72,0
20230423:0911,395.38,40.84,13.88,4.62,0
20230423:1011,422.1,46.68,15.16,5.31,0
20230423:1111,499.22,49.75,16.03,5.86,0
20230423:1211,473.75,49.35,16.16,5.24,0
20230423:1311,360.72,45.57,15.29,5.52,0
20230423:1411,272.59,39.25,13.92,3.17,0
20230423:1511,108.3,31.33,14.13,2.55,0
20230423:1611,73.17,22.55,13.81,2.76,0
20230423:1711,34.15,13.45,13.07,3.1,0
20230423:1811,11.71,4.45,12.51,3.59,0
20230423:1911,0,0,11.4,2.55,0
20230423:2011,0,0,10.97,3.1,0
20230423:2111,0,0,10.63,3.17,0
20230423:2211,0,0,10.52,3.03,0
20230423:2311,0,0,10.32,3.59,0
20230424:0011,0,0,10.05,5.03,0
20230424:0111,0,0,9.62,6,0
20230424:0211,0,0,9.23,6.28,0
20230424:0311,0,0,8.94,6,0
20230424:0411,0,0,8.55,5.59,0
20230424:0511,17.2,6.73,8.46,4.97,0
20230424:0611,19.11,15.78,8.4,4.07,0
20230424:0711,47.81,24.85,8.6,3.72,0
20230424:0811,58.54,33.5,8.53,5.79,0
20230424:0911,164.89,41.15,8.31,6.41,0
20230424:1011,229.92,47,8.46,5.86,0
20230424:1111,198.06,50.08,9.16,6.21,0
20230424:1211,204.89,49.67,10.09,6.76,0
20230424:1311,97.57,45.87,10.64,7.24,0
20230424:1411,117.08,39.52,10.29,7.59,0
20230424:1511,186.82,31.57,9.76,7.31,0
20230424:1611,237.57,22.78,9.33,6.69,0
20230424:1711,163.93,13.68,8.96,6.34,0
20230424:1811,25.05,4.69,8.44,5.79,0
20230424:1911,0,0,7.66,5.03,0
20230424:2011,0,0,7.33,4.55,0
20230424:2111,0,0,7.19,3.93,0
20230424:2211,0,0,7.06,3.72,0
20230424:2311,0,0,6.79,3.79,0
20230425:0011,0,0,6.52,3.59,0
20230425:0111,0,0,5.8,3.24,0
20230425:0211,0,0,5.27,3.1,0
20230425:0311,0,0,4.79,3.17,0
20230425:0411,0,0,4.37,3.17,0
20230425:0511,27.71,7.02,4.26,3.03,0
20230425:0611,112.75,16.06,5.26,2.97,0
20230425:0711,175.86,25.14,6.21,3.93,0
20230425:0811,273.73,33.8,6.93,4.9,0
20230425:0911,369.5,41.46,7.56,4.9,0
20230425:1011,519.88,47.33,8.59,5.03,0
20230425:1111,480.85,50.41,9.13,5.24,0
20230425:1211,664.05,49.98,9.16,5.59,0
20230425:1311,707.57,46.16,9.23,5.45,0
20230425:1411,550.08,39.78,9.12,5.45,0
20230425:1511,540.81,31.81,8.86,5.59,0
20230425:1611,260.29,23.01,8.31,5.59,0
20230425:1711,163.65,13.91,7.71,5.17,0
20230425:1811,146.7,4.92,7.06,4.28,0
20230425:1911,0,0,6.16,3.59,0
20230425:2011,0,0,5.46,3.1,0
20230425:2111,0,0,4.76,2.76,0
20230425:2211,0,0,4.11,2.62,0
20230425:2311,0,0,3.63,2.62,0
20230426:0011,0,0,3.4,2.55,0
20230426:0111,0,0,3.03,2.48,0
20230426:0211,0,0,2.87,2.55,0
20230426:0311,0,0,2.64,2.62,0
20230426:0411,0,0,2.79,2.48,0
20230426:0511,11.47,7.3,3.21,2.34,0
20230426:0611,103.2,16.34,4.81,2.21,0
20230426:0711,179.94,25.42,6.03,2.48,0
20230426:0811,252.91,34.09,6.7,3.59,0
20230426:0911,223.92,41.77,7,3.59,0
20230426:1011,280.25,47.65,7.79,3.59,0
20230426:1111,308.58,50.74,8.18,3.59,0
20230426:1211,311.54,50.3,8.71,3.66,0
20230426:1311,437.54,46.44,9.19,3.79,0
20230426:1411,135.62,40.03,9.14,3.79,0
20230426:1511,239.16,32.05,9.19,3.86,0
20230426:1611,383.61,23.24,8.8,3.66,0
20230426:1711,175.61,14.13,8.43,3.24,0
20230426:1811,3.9,5.15,7.74,2.28,0
20230426:1911,0,0,6.86,2,0
20230426:2011,0,0,6.03,1.79,0
20230426:2111,0,0,4.71,1.79,0
20230426:2211,0,0,3.24,1.72,0
20230426:2311,0,0,2.68,1.52,0
20230427:0011,0,0,3.46,1.1,0
20230427:0111,0,0,3.91,0.62,0
20230427:0211,0,0,3.54,0.34,0
20230427:0311,0,0,3.15,0.69,0
20230427:0411,0,0,2.22,1.03,0
20230427:0511,39.18,7.58,0.64,1.45,0
20230427:0611,78.35,16.62,2.86,1.1,0
20230427:0711,151.33,25.7,6.3,1.38,0
20230427:0811,282.24,34.37,7.75,1.93,0
20230427:0911,423.49,42.07,8.84,2,0
20230427:1011,525.69,47.97,9.8,1.72,0
20230427:1111,658.98,51.06,10.47,1.45,0
20230427:1211,718.57,50.61,11.05,1.38,0
20230427:1311,706.98,46.72,11.26,1.31,0
20230427:1411,619.51,40.29,11.58,1.59,0
20230427:1511,346.98,32.28,11.7,2.21,0
20230427:1611,285.15,23.46,11.46,2.69,0
20230427:1711,78.62,14.36,11.07,2.41,0
20230427:1811,56.07,5.38,10.24,2,0
20230427:1911,0,0,8.93,2.48,0
20230427:2011,0,0,8.2,2.76,0
20230427:2111,0,0,7.7,2.9,0
20230427:2211,0,0,7.23,3.31,0
20230427:2311,0,0,6.93,3.45,0
20230428:0011,0,0,6.77,3.72,0
20230428:0111,0,0,6.24,3.66,0
20230428:0211,0,0,5.78,3.52,0
20230428:0311,0,0,5.75,3.38,0
20230428:0411,0,0,5.36,3.17,0
20230428:0511,48.73,7.85,5.54,3.1,0
20230428:0611,54.46,16.89,6.43,3.17,0
20230428:0711,190.43,25.97,7.56,2.34,0
20230428:0811,149.28,34.66,9.27,2.9,0
20230428:0911,307.58,42.37,11.03,3.17,0
20230428:1011,186.35,48.28,11.86,3.1,0
20230428:1111,167.81,51.38,13.05,3.45,0
20230428:1211,147.33,50.91,13.46,3.1,0
20230428:1311,151.23,47,13.84,3.24,0
20230428:1411,72.2,40.54,14,4.14,0
20230428:1511,85.86,32.52,13.92,4.55,0
20230428:1611,108.3,23.68,13.51,4.07,0
20230428:1711,103.01,14.58,13.12,3.79,0
20230428:1811,30.27,5.61,12.34,3.79,0
20230428:1911,0,0,11,3.72,0
20230428:2011,0,0,10.38,3.72,0
20230428:2111,0,0,9.83,3.59,0
20230428:2211,0,0,9.54,3.31,0
20230428:2311,0,0,9.17,3.03,0
20230429:0011,0,0,8.67,3.03,0
20230429:0111,0,0,8.05,3.17,0
20230429:0211,0,0,7.58,3.24,0
20230429:0311,0,0,7.3,3.24,0
20230429:0411,0,0,7.09,3.17,0
20230429:0511,43.95,8.12,7.12,3.03,0
20230429:0611,105.11,17.16,8.07,2.9,0
20230429:0711,184.35,26.24,9.11,4.28,0
20230429:0811,287.72,34.93,10.22,3.86,0
20230429:0911,403.77,42.66,11.39,3.45,0
20230429:1011,471.14,48.59,12.29,3.66,0
20230429:1111,639.03,51.69,12.6,3.79,0
20230429:1211,745.06,51.21,13.01,3.52,0
20230429:1311,654.03,47.28,13.48,3.38,0
20230429:1411,741.53,40.79,13.66,3.31,0
20230429:1511,705.81,32.75,13.49,3.31,0
20230429:1611,561.15,23.91,12.99,3.31,0
20230429:1711,414.14,14.8,12.41,3.38,0
20230429:1811,169.26,5.84,11.33,3.1,0
20230429:1911,0,0,9.91,2.83,0
20230429:2011,0,0,8.56,2.62,0
20230429:2111,0,0,7.56,2.55,0
20230429:2211,0,0,6.78,2.41,0
20230429:2311,0,0,6.16,2.07,0
20230430:0011,0,0,5.65,1.86,0
20230430:0111,0,0,5.08,1.86,0
20230430:0211,0,0,4.7,1.93,0
20230430:0311,0,0,4.56,1.86,0
20230430:0411,0,0,4.84,1.86,0
20230430:0511,43.95,8.39,5.08,1.86,0
20230430:0611,79.31,17.42,6.37,2.07,0
20230430:0711,155.75,26.5,7.83,2.21,0
20230430:0811,292.41,35.21,8.96,2.41,0
20230430:0911,435.11,42.94,10.04,2.28,0
20230430:1011,578.29,48.89,11.54,2.07,0
20230430:1111,675.37,52,12.76,1.93,0
20230430:1211,759.47,51.51,13.29,2.07,0
20230430:1311,769.36,47.55,13.73,2.34,0
20230430:1411,734.44,41.04,14.05,2.41,0
20230430:1511,559.66,32.98,14.35,2.28,0
20230430:1611,382.5,24.13,14.43,1.93,0
20230430:1711,337.25,15.02,14.27,1.24,0
20230430:1811,149.29,6.06,13.79,1.24,0
20230430:1911,0,0,12.04,2.41,0
20230430:2011,0,0,10.57,2.55,0
20230430:2111,0,0,9.52,2.62,0
20230430:2211,0,0,8.79,2.62,0
20230430:2311,0,0,8.24,2.69,0
20230501:0011,0,0,7.81,2.62,0
20230501:0111,0,0,7.25,2.41,0
20230501:0211,0,0,6.86,2.34,0
20230501:0311,0,0,6.55,2.21,0
20230501:0411,0,0,6.19,2.14,0
20230501:0511,16.24,8.65,6.19,1.86,0
20230501:0611,62.11,17.68,7.62,1.45,0
20230501:0711,198.06,26.76,9.67,1.1,0
20230501:0811,309.96,35.47,11.75,0.9,0
20230501:0911,379.73,43.23,13.45,0.41,0
20230501:1011,263.76,49.19,15.09,0.28,0
20230501:1111,581.66,52.31,16.14,0.97,0
20230501:1211,630.97,51.81,16.83,1.45,0
20230501:1311,672.46,47.82,16.99,2.07,0
20230501:1411,420.26,41.28,16.3,2.69,0
20230501:1511,268.85,33.2,15.63,3.31,0
20230501:1611,138.19,24.34,14.99,3.31,0
20230501:1711,137.55,15.23,14.58,2.76,0
20230501:1811,9.76,6.29,13.52,2.41,0
20230501:1911,0,0,11.62,3.1,0
20230501:2011,0,0,10.26,3.03,0
20230501:2111,0,0,9.41,2.9,0
20230501:2211,0,0,8.84,2.76,0
20230501:2311,0,0,8.63,2.83,0
20230502:0011,0,0,8.72,3.24,0
20230502:0111,0,0,8.99,3.72,0
20230502:0211,0,0,8.94,3.93,0
20230502:0311,0,0,8.61,4.14,0
20230502:0411,0,0,8.2,4.07,0
20230502:0511,30.58,8.9,7.73,4.07,0
20230502:0611,92.68,17.93,7.59,4.07,0
20230502:0711,0,0,7.95,4,0
20230502:0811,284.33,35.73,8.09,4,0
20230502:0911,289.97,43.5,8.39,3.79,0
20230502:1011,302.76,49.48,8.7,3.52,0
20230502:1111,308.11,52.61,9.05,3.31,0
20230502:1211,427.5,52.1,9.68,3.24,0
20230502:1311,620.12,48.09,10,3.24,0
20230502:1411,423.93,41.53,10.27,3.38,0
20230502:1511,257.52,33.43,10.21,3.52,0
20230502:1611,213.8,24.56,10.02,3.59,0
20230502:1711,149.8,15.45,9.74,3.45,0
20230502:1811,49.04,6.51,9.28,2.83,0
20230502:1911,0,0,7.96,2.48,0
20230502:2011,0,0,6.99,2.28,0
20230502:2111,0,0,6.05,2.14,0
20230502:2211,0,0,5.01,2,0
20230502:2311,0,0,3.94,1.79,0
20230503:0011,0,0,3.06,1.72,0
20230503:0111,0,0,2.53,1.66,0
20230503:0211,0,0,2.13,1.66,0
20230503:0311,0,0,1.59,1.79,0
20230503:0411,0,0,1.2,1.86,0
20230503:0511,48.73,9.15,1.78,1.45,0
20230503:0611,86.95,18.17,4.6,1.03,0
20230503:0711,168.91,27.26,7.35,1.72,0
20230503:0811,313.48,35.99,8.29,2.76,0
20230503:0911,447.27,43.77,8.97,2.62,0
20230503:1011,578.02,49.77,9.69,2.55,0
20230503:1111,690.6,52.91,10.43,2.55,0
20230503:1211,766.59,52.39,11.18,2.55,0
20230503:1311,808.14,48.35,11.78,2.69,0
20230503:1411,802.57,41.76,12.32,3.03,0
20230503:1511,725.18,33.65,12.58,3.31,0
20230503:1611,614.1,24.77,12.61,3.38,0
20230503:1711,440.8,15.66,12.33,3.24,0
20230503:1811,223.99,6.73,11.48,2.62,0
20230503:1911,0,0,9.99,3.17,0
20230503:2011,0,0,8.65,3.52,0
20230503:2111,0,0,7.7,3.86,0
20230503:2211,0,0,7.04,4,0
20230503:2311,0,0,6.64,3.93,0
20230504:0011,0,0,6.26,3.72,0
20230504:0111,0,0,5.98,3.59,0
20230504:0211,0,0,5.75,3.52,0
20230504:0311,0,0,5.5,3.45,0
20230504:0411,0,0,5.34,3.38,0
20230504:0511,41.09,9.4,5.46,3.31,0
20230504:0611,124.92,18.42,6.72,3.17,0
20230504:0711,218.9,27.51,8.55,3.38,0
20230504:0811,316.75,36.24,10.31,3.45,0
20230504:0911,437.87,44.04,12.24,3.66,0
20230504:1011,550.15,50.05,13.91,3.66,0
20230504:1111,668.59,53.2,15.46,3.59,0
20230504:1211,734.54,52.67,16.74,3.79,0
20230504:1311,672.19,48.61,17.66,4.14,0
20230504:1411,734.02,42,18.23,4.55,0
20230504:1511,595.38,33.87,18.39,4.69,0
20230504:1611,331.41,24.98,18.22,4.34,0
20230504:1711,242.69,15.87,17.65,4.14,0
20230504:1811,44.87,6.94,16.42,3.66,0
20230504:1911,0,0,15.2,3.72,0
20230504:2011,0,0,14.41,4,0
20230504:2111,0,0,13.74,4,0
20230504:2211,0,0,13.22,3.79,0
20230504:2311,0,0,12.73,3.52,0
20230505:0011,0,0,12.64,3.1,0
20230505:0111,0,0,12.46,2.69,0
20230505:0211,0,0,12.06,2.21,0
20230505:0311,0,0,11.21,2.07,0
20230505:0411,0,0,10.72,2.34,0
20230505:0511,50.64,9.64,11.17,2.48,0
20230505:0611,66.64,18.65,12.61,2.48,0
20230505:0711,174.45,27.75,14.27,2.28,0
20230505:0811,311.01,36.49,16.01,2.55,0
20230505:0911,445.74,44.3,17.2,2.62,0
20230505:1011,421.76,50.33,18,2.69,0
20230505:1111,172.69,53.49,17.97,2.62,0
20230505:1211,134.64,52.95,16.21,2.48,0
20230505:1311,129.76,48.87,15.53,1.52,0
20230505:1411,93.66,42.23,15.61,0.69,0
20230505:1511,374.95,34.09,16.1,0.21,0
20230505:1611,400.23,25.19,15.88,0.97,0
20230505:1711,254.99,16.08,14.48,1.38,0
20230505:1811,175.66,7.16,13.75,0.83,0
20230505:1911,0,0,13.14,1.03,0
20230505:2011,0,0,11.56,1.1,0
20230505:2111,0,0,10.33,1.31,0
20230505:2211,0,0,9.29,1.72,0
20230505:2311,0,0,8.75,1.86,0
20230506:0011,0,0,8.59,1.66,0
20230506:0111,0,0,8.55,1.45,0
20230506:0211,0,0,8.52,1.17,0
20230506:0311,0,0,8.88,0.9,0
20230506:0411,0,0,8.91,0.97,0
20230506:0511,63.06,9.88,9.43,1.31,0
20230506:0611,125.31,18.88,9.99,1.24,0
20230506:0711,219.91,27.98,11.48,1.59,0
20230506:0811,324.09,36.73,13.53,1.52,0
20230506:0911,444.08,44.56,15.43,1.72,0
20230506:1011,558.24,50.6,16.91,1.93,0
20230506:1111,396.31,53.77,17.93,2,0
20230506:1211,409.91,53.22,18.36,1.93,0
20230506:1311,211.72,49.12,18.93,1.93,0
20230506:1411,385.54,42.46,18.95,2.07,0
20230506:1511,536.89,34.3,18.95,2.41,0
20230506:1611,175.14,25.4,18.28,2.21,0
20230506:1711,79.39,16.29,17.43,1.79,0
20230506:1811,17.56,7.37,16.79,1.45,0
20230506:1911,0,0,15.13,1.79,0
20230506:2011,0,0,14.14,2.14,0
20230506:2111,0,0,13.83,2.34,0
20230506:2211,0,0,13.54,2.55,0
20230506:2311,0,0,13.36,2.55,0
20230507:0011,0,0,13.05,2.55,0
20230507:0111,0,0,12.75,2.62,0
20230507:0211,0,0,12.45,2.62,0
20230507:0311,0,0,12.2,2.48,0
20230507:0411,0,0,11.79,2.41,0
20230507:0511,38.22,10.11,11.73,2.21,0
20230507:0611,126.98,19.11,12.58,2.21,0
20230507:0711,202.13,28.21,13.5,2.76,0
20230507:0811,324.59,36.97,14.44,2.9,0
20230507:0911,433.96,44.81,16.02,3.03,0
20230507:1011,536.12,50.87,17.51,3.24,0
20230507:1111,472.32,54.05,18.63,3.24,0
20230507:1211,411.79,53.5,19.14,3.03,0
20230507:1311,407.44,49.37,19.11,2.97,0
20230507:1411,230.73,42.69,19.34,2.69,0
20230507:1511,207.16,34.51,18.54,2.28,0
20230507:1611,72.2,25.6,17.5,2.34,0
20230507:1711,55.61,16.49,16.92,1.93,0
20230507:1811,14.63,7.58,16.47,1.93,0
20230507:1911,0,0,15.75,2.62,0
20230507:2011,0,0,14.99,2.83,0
20230507:2111,0,0,14.44,2.97,0
20230507:2211,0,0,13.83,2.83,0
20230507:2311,0,0,13.12,2.62,0
20230508:0011,0,0,12.65,2.55,0
20230508:0111,0,0,11.76,2.48,0
20230508:0211,0,0,11.24,2.34,0
20230508:0311,0,0,11.08,2.34,0
20230508:0411,0.96,1.79,10.85,2.34,0
20230508:0511,64.02,10.33,10.73,1.86,0
20230508:0611,84.16,19.33,11.77,1.79,0
20230508:0711,213.7,28.43,13.15,1.59,0
20230508:0811,319.8,37.2,14.47,1.79,0
20230508:0911,456.18,45.05,16.21,2.34,0
20230508:1011,575.48,51.14,17.69,2.28,0
20230508:1111,516.81,54.32,18.98,2.21,0
20230508:1211,252.64,53.76,19.41,2.55,0
20230508:1311,232.21,49.62,19.64,2.69,0
20230508:1411,512.8,42.91,18.83,2.34,0
20230508:1511,278.18,34.72,19.35,1.66,0
20230508:1611,316.82,25.8,19.14,1.31,0
20230508:1711,57.56,16.69,18.62,1.17,0
20230508:1811,39.06,7.79,17.56,1.45,0
20230508:1911,0,0,16.25,0.83,0
20230508:2011,0,0,15.36,1.1,0
20230508:2111,0,0,14.66,1.17,0
20230508:2211,0,0,14.45,1.24,0
20230508:2311,0,0,14.21,1.24,0
20230509:0011,0,0,13.98,0.83,0
20230509:0111,0,0,13.64,0.83,0
20230509:0211,0,0,13.53,1.1,0
20230509:0311,0,0,13.27,1.66,0
20230509:0411,0.96,2.02,13.25,2,0
20230509:0511,61.15,10.55,13.42,2.14,0
20230509:0611,45.86,19.55,14.1,2.55,0
20230509:0711,105.37,28.65,14.81,3.59,0
20230509:0811,247.16,37.42,15.06,3.45,0
20230509:0911,323.87,45.29,15.84,3.79,0
20230509:1011,213.67,51.39,16.7,3.86,0
20230509:1111,268.13,54.59,16.94,3.72,0
20230509:1211,218.55,54.02,16.51,3.1,0
20230509:1311,172.69,49.86,15.82,3.86,0
20230509:1411,160.98,43.13,15.27,3.03,0
20230509:1511,95.62,34.92,15.16,2.55,0
20230509:1611,78.05,26,14.73,2.55,0
20230509:1711,38.05,16.89,14.37,2.76,0
20230509:1811,7.81,8,13.93,2.76,0
20230509:1911,0,0,13.82,2.34,0
20230509:2011,0,0,13.47,2.14,0
20230509:2111,0,0,13.13,2.21,0
20230509:2211,0,0,12.84,2.41,0
20230509:2311,0,0,12.58,2.34,0
20230510:0011,0,0,12.29,2.28,0
20230510:0111,0,0,11.99,2.48,0
20230510:0211,0,0,11.69,2.62,0
20230510:0311,0,0,11.48,2.83,0
20230510:0411,2.87,2.24,11.25,2.9,0
20230510:0511,11.47,10.76,11.34,3.17,0
20230510:0611,132.04,19.76,11.56,3.03,0
20230510:0711,215.88,28.86,12.57,3.66,0
20230510:0811,255.73,37.64,13.12,3.66,0
20230510:0911,193.18,45.53,13.77,3.86,0
20230510:1011,130.74,51.64,14.53,3.79,0
20230510:1111,142.45,54.86,14.94,3.59,0
20230510:1211,164.89,54.28,15.53,3.24,0
20230510:1311,158.06,50.1,15.87,2.9,0
20230510:1411,309.12,43.35,15.68,2.69,0
20230510:1511,409,35.13,15.65,2.62,0
20230510:1611,323.59,26.2,15.5,2.76,0
20230510:1711,26.34,17.09,15.1,2.14,0
20230510:1811,14.63,8.2,14.56,1.66,0
20230510:1911,0,0,13.87,1.24,0
20230510:2011,0,0,12.47,1.31,0
20230510:2111,0,0,11.56,1.59,0
20230510:2211,0,0,10.85,1.59,0
20230510:2311,0,0,10.55,1.52,0
20230511:0011,0,0,10.63,1.52,0
20230511:0111,0,0,10.33,1.66,0
20230511:0211,0,0,10.01,1.72,0
20230511:0311,0,0,9.81,1.59,0
20230511:0411,2.87,2.46,9.58,1.52,0
20230511:0511,13.38,10.97,9.97,1.38,0
20230511:0611,53.66,19.96,11,1.45,0
20230511:0711,232.22,29.06,11.83,1.59,0
20230511:0811,336.09,37.86,12.93,1.66,0
20230511:0911,443.01,45.76,13.73,1.52,0
20230511:1011,502.51,51.89,14.58,1.38,0
20230511:1111,509.79,55.11,15.27,1.45,0
20230511:1211,460.98,54.54,15.47,2.07,0
20230511:1311,339.06,50.33,14.93,2.76,0
20230511:1411,299.32,43.57,15.42,3.31,0
20230511:1511,201.33,35.33,15.21,3.45,0
20230511:1611,85.86,26.39,15.29,3.45,0
20230511:1711,66.35,17.29,14.5,3.1,0
20230511:1811,35.12,8.4,13.92,3.03,0
20230511:1911,0,0,13.27,2.97,0
20230511:2011,0,0,12.42,3.24,0
20230511:2111,0,0,11.77,3.17,0
20230511:2211,0,0,11.34,2.76,0
20230511:2311,0,0,11.05,2.83,0
20230512:0011,0,0,10.94,3.03,0
20230512:0111,0,0,10.85,3.1,0
20230512:0211,0,0,10.92,3.03,0
20230512:0311,0,0,11.04,2.97,0
20230512:0411,3.82,2.67,11.31,2.83,0
20230512:0511,36.31,11.18,11.79,2.97,0
20230512:0611,69.27,20.16,12.82,3.1,0
20230512:0711,215.28,29.26,13.86,3.79,0
20230512:0811,276.45,38.06,15.31,3.52,0
20230512:0911,386.62,45.98,16.86,3.45,0
20230512:1011,305.89,52.13,18.25,3.45,0
20230512:1111,634.59,55.37,19.39,3.86,0
20230512:1211,781.73,54.78,20.27,4.21,0
20230512:1311,809.68,50.56,20.83,4.55,0
20230512:1411,120.98,43.78,20.85,4.76,0
20230512:1511,613.62,35.53,20.45,4.69,0
20230512:1611,462.16,26.59,19.9,4.07,0
20230512:1711,192.62,17.48,19.13,3.72,0
20230512:1811,232.09,8.6,18.24,3.59,0
20230512:1911,0,0,17.05,3.31,0
20230512:2011,0,0,15.9,3.59,0
20230512:2111,0,0,15.3,3.79,0
20230512:2211,0,0,14.5,3.72,0
20230512:2311,0,0,13.61,3.59,0
20230513:0011,0,0,12.8,3.52,0
20230513:0111,0,0,12.19,3.31,0
20230513:0211,0,0,11.53,3.17,0
20230513:0311,0,0,10.87,3.03,0
20230513:0411,3.82,2.88,10.16,2.97,0
20230513:0511,69.75,11.38,10.49,2.83,0
20230513:0611,87.73,20.36,11.91,2.76,0
20230513:0711,204.33,29.46,13.91,3.24,0
20230513:0811,343.43,38.27,15.52,3.24,0
20230513:0911,487.06,46.19,17.2,3.31,0
20230513:1011,626.25,52.37,18.91,3.52,0
20230513:1111,726.69,55.62,20.18,3.86,0
20230513:1211,794.85,55.03,20.55,3.93,0
20230513:1311,814.9,50.79,20.49,3.86,0
20230513:1411,736.98,43.98,20.53,3.93,0
20230513:1511,696.62,35.72,20.21,3.86,0
20230513:1611,626.71,26.77,19.79,3.72,0
20230513:1711,466.22,17.67,18.94,3.45,0
20230513:1811,263.65,8.79,17.89,3.31,0
20230513:1911,0,0,16.37,3.31,0
20230513:2011,0,0,15.03,3.31,0
20230513:2111,0,0,14.1,3.17,0
20230513:2211,0,0,13.16,3.03,0
20230513:2311,0,0,12.53,2.9,0
20230514:0011,0,0,11.81,2.69,0
20230514:0111,0,0,11.1,2.41,0
20230514:0211,0,0,10.52,2.28,0
20230514:0311,0,0,10.04,2.14,0
20230514:0411,2.87,3.08,9.76,2.07,0
20230514:0511,76.44,11.57,10.23,1.79,0
20230514:0611,132.69,20.54,11.97,1.79,0
20230514:0711,233.97,29.65,13.05,2.34,0
20230514:0811,345.97,38.46,14.4,2.41,0
20230514:0911,482.59,46.4,15.79,2.28,0
20230514:1011,593.58,52.6,16.98,1.93,0
20230514:1111,691.97,55.86,18.15,1.38,0
20230514:1211,753.66,55.27,19.02,0.83,0
20230514:1311,573.91,51.01,19.52,0.9,0
20230514:1411,536.36,44.19,19.5,1.45,0
20230514:1511,377.01,35.91,19.21,2.07,0
20230514:1611,286.74,26.96,18.55,2.69,0
20230514:1711,161.95,17.85,17.44,3.1,0
20230514:1811,80.47,8.99,15.95,3.45,0
20230514:1911,0,0,14.44,3.24,0
20230514:2011,0,0,13.14,2.9,0
20230514:2111,0,0,12.15,2.48,0
20230514:2211,0,0,11.41,2.21,0
20230514:2311,0,0,10.85,2.21,0
20230515:0011,0,0,10.39,2.34,0
20230515:0111,0,0,10.1,2.34,0
20230515:0211,0,0,9.75,2.41,0
20230515:0311,0,0,9.43,2.48,0
20230515:0411,2.87,3.28,9.1,2.55,0
20230515:0511,46.82,11.75,9.55,2.28,0
20230515:0611,126.91,20.73,10.64,2.62,0
20230515:0711,240.94,29.83,11.57,3.1,0
20230515:0811,350.99,38.65,12.72,2.83,0
20230515:0911,469.81,46.61,13.98,2.9,0
20230515:1011,582.25,52.82,15.1,3.45,0
20230515:1111,716.69,56.1,15.87,4,0
20230515:1211,769.92,55.5,15.84,4.41,0
20230515:1311,414.03,51.23,15.21,4.9,0
20230515:1411,246.57,44.39,14.71,5.03,0
20230515:1511,217.81,36.1,14.21,5.17,0
20230515:1611,185.5,27.14,13.76,5.45,0
20230515:1711,137.45,18.04,12.99,5.45,0
20230515:1811,21.46,9.18,12.07,5.31,0
20230515:1911,0,0,11.36,5.1,0
20230515:2011,0,0,10.69,5.03,0
20230515:2111,0,0,10.36,4.69,0
20230515:2211,0,0,10.03,4.76,0
20230515:2311,0,0,9.66,4.83,0
20230516:0011,0,0,9.2,4.41,0
20230516:0111,0,0,8.7,4.41,0
20230516:0211,0,0,8.23,4.21,0
20230516:0311,0,0,7.95,3.93,0
20230516:0411,6.69,3.47,7.9,3.52,0
20230516:0511,66.89,11.94,8.23,3.31,0
20230516:0611,113.42,20.9,9.16,3.66,0
20230516:0711,219.2,30.01,9.96,4.9,0
20230516:0811,355.5,38.84,10.68,5.03,0
20230516:0911,444.21,46.81,11.52,5.45,0
20230516:1011,482.68,53.04,12.11,5.72,0
20230516:1111,689.49,56.33,12.5,5.86,0
20230516:1211,164.89,55.73,12.81,5.86,0
20230516:1311,508.81,51.44,12.81,6,0
20230516:1411,190.25,44.58,12.54,5.72,0
20230516:1511,251.78,36.29,12.45,5.52,0
20230516:1611,168.79,27.32,12.3,5.38,0
20230516:1711,102.94,18.22,11.9,4.9,0
20230516:1811,94.5,9.36,11.51,4.07,0
20230516:1911,0,0,10.62,3.17,0
20230516:2011,0,0,10.16,2.83,0
20230516:2111,0,0,9.47,2.76,0
20230516:2211,0,0,9.01,2.76,0
20230516:2311,0,0,8.64,2.9,0
20230517:0011,0,0,8.44,2.97,0
20230517:0111,0,0,8.5,2.97,0
20230517:0211,0,0,8.36,2.97,0
20230517:0311,0,0,8.21,3.1,0
20230517:0411,6.69,3.65,8.1,3.17,0
20230517:0511,72.62,12.11,8.2,3.17,0
20230517:0611,117.51,21.07,8.58,4.07,0
20230517:0711,229.34,30.18,9.21,4.07,0
20230517:0811,353.68,39.02,9.41,4.07,0
20230517:0911,462.7,47,9.94,4.07,0
20230517:1011,586.32,53.25,10.47,4.07,0
20230517:1111,637.02,56.55,10.78,3.93,0
20230517:1211,643.69,55.96,11.2,3.86,0
20230517:1311,739.45,51.65,11.34,3.72,0
20230517:1411,785.32,44.78,11.43,3.59,0
20230517:1511,645.45,36.47,11.37,3.38,0
20230517:1611,525.96,27.5,11.11,3.24,0
20230517:1711,488.35,18.4,10.86,3.03,0
20230517:1811,303.29,9.55,10.39,2.48,0
20230517:1911,0,0,9.7,2.76,0
20230517:2011,0,0,9.07,2.69,0
20230517:2111,0,0,8.08,2.55,0
20230517:2211,0,0,7.59,2.34,0
20230517:2311,0,0,7.18,2.14,0
20230518:0011,0,0,6.93,1.86,0
20230518:0111,0,0,6.61,1.66,0
20230518:0211,0,0,6.58,1.59,0
20230518:0311,0,0,6.25,1.59,0
20230518:0411,2.87,3.83,5.78,1.66,0
20230518:0511,75.49,12.28,6.22,1.31,0
20230518:0611,107.99,21.24,7.46,1.45,0
20230518:0711,240.23,30.35,8.23,2.14,0
20230518:0811,314.91,39.19,8.93,2.76,0
20230518:0911,461.43,47.19,9.74,2.97,0
20230518:1011,622.17,53.45,10.06,2.9,0
20230518:1111,731.58,56.77,10.99,2.9,0
20230518:1211,792,56.18,11.73,3.1,0
20230518:1311,835.72,51.86,12.57,3.03,0
20230518:1411,796.69,44.97,12.86,2.97,0
20230518:1511,652.3,36.65,12.93,2.83,0
20230518:1611,542.63,27.68,13.29,2.9,0
20230518:1711,473.64,18.57,13.15,2.83,0
20230518:1811,233.68,9.73,12.7,2.28,0
20230518:1911,0,0,11.84,2.34,0
20230518:2011,0,0,10.32,2.83,0
20230518:2111,0,0,9.27,2.97,0
20230518:2211,0,0,8.47,3.1,0
20230518:2311,0,0,7.8,3.17,0
20230519:0011,0,0,7.21,3.03,0
20230519:0111,0,0,6.76,2.9,0
20230519:0211,0,0,6.41,2.76,0
20230519:0311,0,0,6.14,2.69,0
20230519:0411,8.6,4,5.92,2.55,0
20230519:0511,77.4,12.45,6.65,2.21,0
20230519:0611,110.72,21.4,8.63,2.34,0
20230519:0711,238.49,30.51,10.72,2.34,0
20230519:0811,364.47,39.36,12.64,2.41,0
20230519:0911,486.62,47.37,14.24,2.83,0
20230519:1011,622.55,53.65,15.37,3.24,0
20230519:1111,733.84,56.99,16.27,3.38,0
20230519:1211,814.88,56.39,16.63,3.31,0
20230519:1311,825.36,52.06,17.17,3.38,0
20230519:1411,751.19,45.15,17.23,3.24,0
20230519:1511,650.19,36.82,17.18,3.31,0
20230519:1611,621.93,27.85,16.95,3.1,0
20230519:1711,420.59,18.75,16.65,3.17,0
20230519:1811,272.78,9.91,15.7,3.24,0
20230519:1911,0.98,1.67,14.86,3.59,0
20230519:2011,0,0,13.64,3.86,0
20230519:2111,0,0,12.81,4.07,0
20230519:2211,0,0,12.32,4,0
20230519:2311,0,0,11.93,3.86,0
20230520:0011,0,0,11.5,3.72,0
20230520:0111,0,0,11.32,3.59,0
20230520:0211,0,0,11.05,3.45,0
20230520:0311,0,0,10.96,3.38,0
20230520:0411,6.69,4.17,11.03,3.45,0
20230520:0511,65.93,12.6,11.17,3.59,0
20230520:0611,102.49,21.55,11.91,3.45,0
20230520:0711,223.58,30.66,13.19,4.14,0
20230520:0811,361.99,39.52,14.41,4.62,0
20230520:0911,502.27,47.54,15.67,5.03,0
20230520:1011,602.14,53.84,16.84,6.14,0
20230520:1111,596.36,57.2,17.22,6.14,0
20230520:1211,718.2,56.6,17.17,5.24,0
20230520:1311,738.65,52.26,17.17,4.55,0
20230520:1411,463.08,45.34,17.05,3.86,0
20230520:1511,500.21,37,17.05,3.86,0
20230520:1611,518.21,28.02,16.95,3.72,0
20230520:1711,238.2,18.92,16.63,3.52,0
20230520:1811,103.06,10.08,16.17,3.17,0
20230520:1911,0.98,1.86,15.67,3.1,0
20230520:2011,0,0,15.15,3.03,0
20230520:2111,0,0,14.59,2.83,0
20230520:2211,0,0,13.75,2.83,0
20230520:2311,0,0,13.31,2.9,0
20230521:0011,0,0,13.01,3.03,0
20230521:0111,0,0,13.01,3.1,0
20230521:0211,0,0,13.12,3.38,0
20230521:0311,0,0,13.23,3.52,0
20230521:0411,2.87,4.33,13.12,3.59,0
20230521:0511,31.53,12.76,13.23,3.66,0
20230521:0611,76.1,21.7,13.65,3.59,0
20230521:0711,238.36,30.81,14.34,3.45,0
20230521:0811,356.76,39.67,15.71,3.59,0
20230521:0911,438.77,47.71,16.81,3.72,0
20230521:1011,568.1,54.03,18.05,3.86,0
20230521:1111,715.16,57.4,19.13,3.93,0
20230521:1211,788.48,56.8,20.49,4.14,0
20230521:1311,758.28,52.45,21.52,3.66,0
20230521:1411,800.05,45.51,22.02,3.31,0
20230521:1511,698.61,37.16,21.96,3.1,0
20230521:1611,603.17,28.18,21.95,2.69,0
20230521:1711,438.07,19.08,21.79,2.48,0
20230521:1811,252.46,10.25,21.24,2.34,0
20230521:1911,0.98,2.04,20.06,2.28,0
20230521:2011,0,0,18.4,2.55,0
20230521:2111,0,0,17.27,2.62,0
20230521:2211,0,0,16.4,2.41,0
20230521:2311,0,0,15.74,2.21,0
20230522:0011,0,0,15.43,2.28,0
20230522:0111,0,0,15.28,2.41,0
20230522:0211,0,0,15.18,2.62,0
20230522:0311,0,0,15.06,2.69,0
20230522:0411,6.69,4.48,14.78,2.48,0
20230522:0511,76.44,12.9,15.13,2.28,0
20230522:0611,144.07,21.84,16.6,2.28,0
20230522:0711,249.13,30.95,17.91,2.83,0
20230522:0811,360.22,39.82,18.94,2.34,0
20230522:0911,492.77,47.87,19.98,1.86,0
20230522:1011,634.56,54.21,20.71,1.59,0
20230522:1111,730.88,57.6,21.7,1.66,0
20230522:1211,784.47,57,22.22,2.14,0
20230522:1311,735.74,52.64,22.6,2.83,0
20230522:1411,703.28,45.69,21.1,3.66,0
20230522:1511,747,37.33,20.42,4.28,0
20230522:1611,627.01,28.34,19.66,4.14,0
20230522:1711,471.92,19.25,18.86,4.21,0
20230522:1811,292.76,10.42,17.83,3.72,0
20230522:1911,2.93,2.21,16.41,3.59,0
20230522:2011,0,0,14.92,3.66,0
20230522:2111,0,0,13.77,4.07,0
20230522:2211,0,0,12.95,4.21,0
20230522:2311,0,0,12.56,4.28,0
20230523:0011,0,0,12.58,3.79,0
20230523:0111,0,0,12.51,3.86,0
20230523:0211,0,0,12.36,4.14,0
20230523:0311,0,0,12.09,5.31,0
20230523:0411,3.82,4.63,11.72,5.03,0
20230523:0511,23.89,13.04,11.41,5.17,0
20230523:0611,58.54,21.98,11.53,5.86,0
20230523:0711,145.37,31.09,11.57,6.21,0
20230523:0811,230.04,39.96,11.97,6.14,0
20230523:0911,480.42,48.03,12.33,5.93,0
20230523:1011,523.98,54.39,12.79,5.72,0
20230523:1111,537.64,57.79,13.46,6,0
20230523:1211,589.83,57.2,13.75,5.79,0
20230523:1311,511.77,52.82,14,5.86,0
20230523:1411,722.99,45.86,14.16,5.93,0
20230523:1511,617.86,37.49,13.74,5.59,0
20230523:1611,497.16,28.5,13.28,5.38,0
20230523:1711,470.35,19.41,12.61,5.24,0
20230523:1811,297.58,10.58,11.79,4.76,0
20230523:1911,2.93,2.38,10.94,4.14,0
20230523:2011,0,0,10.39,3.45,0
20230523:2111,0,0,9.99,2.83,0
20230523:2211,0,0,9.26,2.14,0
20230523:2311,0,0,8.61,2.14,0
20230524:0011,0,0,7.96,2.14,0
20230524:0111,0,0,7.43,2.21,0
20230524:0211,0,0,7.4,2.34,0
20230524:0311,0,0,7.74,2.48,0
20230524:0411,24.84,4.77,8.27,2.48,0
20230524:0511,71.66,13.18,9.46,2.21,0
20230524:0611,111.4,22.11,10.87,2.76,0
20230524:0711,240.59,31.22,11.65,4.62,0
20230524:0811,283.32,40.1,12.23,4.34,0
20230524:0911,337.85,48.18,12.84,3.93,0
20230524:1011,493.23,54.55,13.54,3.72,0
20230524:1111,486.63,57.97,13.9,3.66,0
20230524:1211,523.01,57.39,14.15,3.66,0
20230524:1311,142.45,53,14.49,3.66,0
20230524:1411,159.03,46.03,14.45,3.52,0
20230524:1511,224.14,37.65,14.38,3.52,0
20230524:1611,267.24,28.66,14.3,3.66,0
20230524:1711,160.96,19.56,13.92,3.31,0
20230524:1811,83.79,10.74,13.6,3.17,0
20230524:1911,1.95,2.55,12.66,2.97,0
20230524:2011,0,0,11.54,2.83,0
20230524:2111,0,0,10.35,2.55,0
20230524:2211,0,0,9.44,2.28,0
20230524:2311,0,0,8.72,2,0
20230525:0011,0,0,7.95,1.93,0
20230525:0111,0,0,7.29,1.93,0
20230525:0211,0,0,6.67,2,0
20230525:0311,0,0,6.21,2,0
20230525:0411,27.71,4.91,5.99,2,0
20230525:0511,71.66,13.31,7.36,1.59,0
20230525:0611,154.89,22.24,10.46,1.93,0
20230525:0711,247.78,31.35,12.26,3.1,0
20230525:0811,353.13,40.23,13.42,3.17,0
20230525:0911,377.59,48.32,14.1,3.52,0
20230525:1011,369.63,54.72,14.29,3.72,0
20230525:1111,536.62,58.15,14.68,3.72,0
20230525:1211,629.78,57.57,15.23,3.79,0
20230525:1311,817.75,53.17,15.71,3.86,0
20230525:1411,859.63,46.19,16.03,3.93,0
20230525:1511,752.97,37.81,15.7,4.07,0
20230525:1611,661,28.81,15.37,4.28,0
20230525:1711,506.57,19.72,14.56,4.41,0
20230525:1811,327.62,10.9,13.44,4.14,0
20230525:1911,4.88,2.71,11.98,4.28,0
20230525:2011,0,0,10.53,3.93,0
20230525:2111,0,0,9.54,3.66,0
20230525:2211,0,0,8.82,3.31,0
20230525:2311,0,0,8.21,2.97,0
20230526:0011,0,0,7.65,2.62,0
20230526:0111,0,0,7.09,2.34,0
20230526:0211,0,0,6.54,2.41,0
20230526:0311,0,0,6.19,2.62,0
20230526:0411,22.93,5.04,6.12,2.83,0
20230526:0511,94.6,13.43,7.13,2.83,0
20230526:0611,161.1,22.35,8.9,3.38,0
20230526:0711,253.53,31.46,9.97,4.48,0
20230526:0811,380.51,40.35,11.14,4.28,0
20230526:0911,527.15,48.46,12.25,4.21,0
20230526:1011,666.84,54.87,13.45,4.28,0
20230526:1111,769.86,58.32,14.3,4.48,0
20230526:1211,847.08,57.75,14.85,4.62,0
20230526:1311,868.31,53.34,15.18,4.69,0
20230526:1411,875.47,46.35,15.23,4.76,0
20230526:1511,766.64,37.96,15.03,4.9,0
20230526:1611,630.56,28.96,14.52,4.97,0
20230526:1711,366.65,19.87,13.81,4.76,0
20230526:1811,299.39,11.05,13.06,4,0
20230526:1911,4.88,2.87,11.94,3.93,0
20230526:2011,0,0,10.57,3.52,0
20230526:2111,0,0,9.53,3.17,0
20230526:2211,0,0,8.61,2.83,0
20230526:2311,0,0,7.86,2.69,0
20230527:0011,0,0,7.25,2.55,0
20230527:0111,0,0,6.72,2.48,0
20230527:0211,0,0,6.26,2.41,0
20230527:0311,0,0,5.87,2.34,0
20230527:0411,27.71,5.17,5.68,2.28,0
20230527:0511,80.26,13.55,6.7,2.07,0
20230527:0611,125.12,22.47,8.69,2.55,0
20230527:0711,245.23,31.58,10.38,2.76,0
20230527:0811,380.46,40.47,12.18,2.62,0
20230527:0911,519.48,48.59,13.91,2.55,0
20230527:1011,650.32,55.02,15.4,2.41,0
20230527:1111,764.21,58.49,16.66,2.34,0
20230527:1211,844.51,57.92,17.7,2.41,0
20230527:1311,866.15,53.51,18.51,2.48,0
20230527:1411,849.36,46.5,19.05,2.48,0
20230527:1511,774.89,38.11,19.37,2.41,0
20230527:1611,669.89,29.11,19.43,2.41,0
20230527:1711,509.58,20.01,19.19,2.28,0
20230527:1811,333.82,11.2,18.48,1.79,0
20230527:1911,5.85,3.03,17.1,2.28,0
20230527:2011,0,0,15.21,2.55,0
20230527:2111,0,0,13.7,2.69,0
20230527:2211,0,0,12.48,2.62,0
20230527:2311,0,0,11.49,2.55,0
20230528:0011,0,0,10.64,2.55,0
20230528:0111,0,0,10.01,2.55,0
20230528:0211,0,0,9.56,2.48,0
20230528:0311,0,0,9.28,2.55,0
20230528:0411,4.78,5.28,9.1,2.55,0
20230528:0511,75.49,13.66,9.93,2.48,0
20230528:0611,151.4,22.57,11.69,2.69,0
20230528:0711,256.91,31.68,13.66,2.76,0
20230528:0811,379.62,40.59,15.67,2.9,0
20230528:0911,525.32,48.71,17.44,3.38,0
20230528:1011,646.1,55.16,18.68,3.86,0
20230528:1111,755.38,58.65,19.47,4.07,0
20230528:1211,826.26,58.08,19.94,4.14,0
20230528:1311,830.92,53.67,20.1,4.28,0
20230528:1411,841.9,46.65,20.08,4.41,0
20230528:1511,741.67,38.25,19.69,4.83,0
20230528:1611,673.06,29.25,18.91,5.17,0
20230528:1711,520.44,20.15,17.64,5.03,0
20230528:1811,332.45,11.35,16.35,4.97,0
20230528:1911,8.78,3.18,14.43,5.1,0
20230528:2011,0,0,12.84,4.9,0
20230528:2111,0,0,11.57,4.69,0
20230528:2211,0,0,10.58,4.34,0
20230528:2311,0,0,9.79,4.14,0
20230529:0011,0,0,9.19,3.93,0
20230529:0111,0,0,8.71,3.79,0
20230529:0211,0,0,8.33,3.59,0
20230529:0311,0,0,8.05,3.59,0
20230529:0411,29.62,5.4,7.94,3.52,0
20230529:0511,77.4,13.76,8.57,3.1,0
20230529:0611,139.99,22.67,9.73,4.34,0
20230529:0711,253.07,31.78,10.67,4.55,0
20230529:0811,381.7,40.69,11.57,4.55,0
20230529:0911,503.58,48.83,12.51,4.69,0
20230529:1011,544.34,55.3,13.55,4.69,0
20230529:1111,684.97,58.8,14.5,4.76,0
20230529:1211,799.08,58.24,15.31,4.76,0
20230529:1311,801.3,53.82,15.9,4.83,0
20230529:1411,797.46,46.8,16.06,5.03,0
20230529:1511,774.67,38.39,15.74,5.24,0
20230529:1611,680.06,29.39,15.08,5.31,0
20230529:1711,528.06,20.29,14.19,5.31,0
20230529:1811,191.18,11.49,13.03,4.83,0
20230529:1911,5.85,3.33,11.99,4.69,0
20230529:2011,0,0,10.73,4.34,0
20230529:2111,0,0,9.9,4.07,0
20230529:2211,0,0,9.39,3.72,0
20230529:2311,0,0,9.01,3.52,0
20230530:0011,0,0,8.76,3.1,0
20230530:0111,0,0,8.57,2.76,0
20230530:0211,0,0,8.46,2.62,0
20230530:0311,0,0,8.52,2.76,0
20230530:0411,24.84,5.5,8.54,2.9,0
20230530:0511,95.55,13.86,9.33,2.76,0
20230530:0611,164.17,22.77,10.59,4.34,0
20230530:0711,267.8,31.88,11.3,3.72,0
20230530:0811,359.61,40.79,12.26,3.52,0
20230530:0911,353.27,48.94,13.26,3.38,0
20230530:1011,201.96,55.43,14.07,3.45,0
20230530:1111,244.89,58.95,14.77,3.59,0
20230530:1211,210.74,58.4,15.43,3.66,0
20230530:1311,237.09,53.97,15.63,3.66,0
20230530:1411,217.57,46.94,15.78,3.72,0
20230530:1511,196.51,38.53,15.64,3.66,0
20230530:1611,152.86,29.52,15.55,3.66,0
20230530:1711,152.8,20.43,15.22,3.45,0
20230530:1811,160.06,11.63,14.98,3.1,0
20230530:1911,1.95,3.47,14.01,2.9,0
20230530:2011,0,0,13.58,2.9,0
20230530:2111,0,0,13.25,3.03,0
20230530:2211,0,0,12.69,3.03,0
20230530:2311,0,0,12,3.03,0
20230531:0011,0,0,11.54,2.97,0
20230531:0111,0,0,10.86,2.83,0
20230531:0211,0,0,10.4,2.76,0
20230531:0311,0,0,9.98,2.76,0
20230531:0411,30.58,5.61,9.65,2.76,0
20230531:0511,64.97,13.96,10.36,2.62,0
20230531:0611,121.06,22.86,12.06,2.97,0
20230531:0711,247.24,31.97,13.68,3.1,0
20230531:0811,387.68,40.89,15.56,3.17,0
20230531:0911,530.93,49.04,17.26,3.24,0
20230531:1011,651.96,55.55,18.67,3.45,0
20230531:1111,762.51,59.09,19.85,3.59,0
20230531:1211,837.06,58.55,20.7,3.72,0
20230531:1311,853.27,54.12,20.99,3.93,0
20230531:1411,831.67,47.08,21.02,4.14,0
20230531:1511,782.1,38.66,20.66,4.41,0
20230531:1611,682.68,29.65,19.77,4.55,0
20230531:1711,535.7,20.56,18.35,4.62,0
20230531:1811,346.73,11.77,16.48,4.48,0
20230531:1911,13.66,3.61,14.55,4.41,0
20230531:2011,0,0,12.53,4.21,0
20230531:2111,0,0,11.12,3.86,0
20230531:2211,0,0,10.33,3.45,0
20230531:2311,0,0,10.01,3.31,0
20230601:0011,0,0,9.82,3.17,0
20230601:0111,0,0,9.81,3.38,0
20230601:0211,0,0,9.69,3.31,0
20230601:0311,0,0,9.65,3.45,0
20230601:0411,4.78,5.7,9.71,3.59,0
20230601:0511,42.04,14.04,9.9,3.66,0
20230601:0611,111.23,22.94,10.47,3.59,0
20230601:0711,208.36,32.05,11.26,3.38,0
20230601:0811,302.62,40.97,12.09,3.38,0
20230601:0911,406.95,49.14,12.91,3.38,0
20230601:1011,369.38,55.66,13.84,3.59,0
20230601:1111,229.28,59.22,14.67,3.72,0
20230601:1211,237.09,58.69,15.38,3.93,0
20230601:1311,232.21,54.26,15.42,4.21,0
20230601:1411,262.15,47.21,15.4,4.48,0
20230601:1511,284.32,38.79,15.19,4.62,0
20230601:1611,165.23,29.78,14.6,4.62,0
20230601:1711,115.33,20.69,13.86,4.76,0
20230601:1811,79.26,11.9,12.99,4.83,0
20230601:1911,3.9,3.74,11.59,4.62,0
20230601:2011,0,0,11.14,4.34,0
20230601:2111,0,0,10.77,4.21,0
20230601:2211,0,0,10.44,3.93,0
20230601:2311,0,0,10.14,3.24,0
20230602:0011,0,0,9.95,3.38,0
20230602:0111,0,0,9.49,2.9,0
20230602:0211,0,0,9.36,2.83,0
20230602:0311,0,0,9.26,2.41,0
20230602:0411,4.78,5.79,8.96,2.07,0
20230602:0511,32.49,14.13,9.63,1.93,0
20230602:0611,81.96,23.02,10.94,2.69,0
20230602:0711,186.55,32.13,11.63,3.03,0
20230602:0811,270.14,41.05,12.92,3.03,0
20230602:0911,270.06,49.23,14.1,2.9,0
20230602:1011,493.66,55.77,15.78,2.97,0
20230602:1111,718.65,59.35,17.08,3.17,0
20230602:1211,402.59,58.83,17.75,3.38,0
20230602:1311,662.5,54.39,18.05,3.24,0
20230602:1411,556.44,47.34,18.25,3.31,0
20230602:1511,573.51,38.91,18.3,3.24,0
20230602:1611,468.72,29.9,18.29,3.17,0
20230602:1711,524.69,20.81,18.08,3.03,0
20230602:1811,244.3,12.02,17.46,2.55,0
20230602:1911,9.76,3.87,16.44,2.41,0
20230602:2011,0,0,15.84,2.62,0
20230602:2111,0,0,15.39,2.97,0
20230602:2211,0,0,15.05,3.24,0
20230602:2311,0,0,14.65,3.52,0
20230603:0011,0,0,14.03,3.72,0
20230603:0111,0,0,13.65,3.66,0
20230603:0211,0,0,13.09,3.45,0
20230603:0311,0,0,12.33,3.1,0
20230603:0411,31.53,5.87,11.66,2.9,0
20230603:0511,67.84,14.2,11.65,2.62,0
20230603:0611,126.48,23.09,12.78,2.83,0
20230603:0711,251.82,32.2,14.02,3.17,0
20230603:0811,392.25,41.13,15.53,3.31,0
20230603:0911,540.75,49.32,16.96,3.72,0
20230603:1011,658.79,55.87,17.83,4.14,0
20230603:1111,773.24,59.47,18.54,4.21,0
20230603:1211,853.12,58.96,19.12,4.14,0
20230603:1311,880.49,54.52,19.56,4.07,0
20230603:1411,870.27,47.47,19.83,3.93,0
20230603:1511,792.05,39.03,19.88,3.93,0
20230603:1611,684.43,30.02,19.67,3.93,0
20230603:1711,544,20.93,19.2,3.72,0
20230603:1811,368.29,12.14,18.36,3.38,0
20230603:1911,12.68,4,16.9,3.38,0
20230603:2011,0,0,15.25,3.66,0
20230603:2111,0,0,13.97,3.79,0
20230603:2211,0,0,12.9,3.66,0
20230603:2311,0,0,12.01,3.38,0
20230604:0011,0,0,11.23,3.1,0
20230604:0111,0,0,10.55,3.03,0
20230604:0211,0,0,9.97,2.9,0
20230604:0311,0,0,9.45,2.9,0
20230604:0411,35.35,5.95,9.16,2.76,0
20230604:0511,74.53,14.27,10.01,2.55,0
20230604:0611,132.69,23.16,11.82,2.9,0
20230604:0711,252.44,32.27,13.72,2.83,0
20230604:0811,389.78,41.2,15.61,2.76,0
20230604:0911,531.49,49.4,17.3,2.9,0
20230604:1011,654.09,55.97,18.57,2.97,0
20230604:1111,767.41,59.59,19.44,2.9,0
20230604:1211,846.98,59.08,20.04,2.97,0
20230604:1311,873.13,54.64,20.42,2.97,0
20230604:1411,852.88,47.59,20.61,3.1,0
20230604:1511,779.68,39.15,20.52,3.38,0
20230604:1611,673.69,30.13,20.02,3.86,0
20230604:1711,521.78,21.05,18.96,4.48,0
20230604:1811,327.68,12.26,17.39,4.41,0
20230604:1911,66.03,4.12,15.27,4.83,0
20230604:2011,0,0,13.53,4.14,0
20230604:2111,0,0,12.27,3.66,0
20230604:2211,0,0,11.32,3.31,0
20230604:2311,0,0,10.54,3.03,0
20230605:0011,0,0,9.86,2.83,0
20230605:0111,0,0,9.3,2.76,0
20230605:0211,0,0,8.81,2.69,0
20230605:0311,0,0,8.43,2.62,0
20230605:0411,34.4,6.02,8.29,2.62,0
20230605:0511,87.91,14.34,9.17,2.62,0
20230605:0611,140.21,23.22,10.88,3.17,0
20230605:0711,257.09,32.33,12.6,3.52,0
20230605:0811,390.71,41.26,14.22,3.45,0
20230605:0911,530.24,49.47,15.78,3.17,0
20230605:1011,655.11,56.06,17.24,2.97,0
20230605:1111,767.48,59.69,18.55,2.97,0
20230605:1211,843.57,59.2,19.56,3.1,0
20230605:1311,868.83,54.76,20.23,3.31,0
20230605:1411,848.76,47.7,20.5,3.52,0
20230605:1511,776.9,39.26,20.51,3.38,0
20230605:1611,670.49,30.24,20.09,3.72,0
20230605:1711,504.63,21.16,18.94,4.34,0
20230605:1811,322.9,12.37,17.71,4.28,0
20230605:1911,78.38,4.23,15.9,4,0
20230605:2011,0,0,14.23,3.66,0
20230605:2111,0,0,12.84,3.52,0
20230605:2211,0,0,11.72,3.45,0
20230605:2311,0,0,10.88,3.24,0
20230606:0011,0,0,10.26,3.17,0
20230606:0111,0,0,9.77,3.03,0
20230606:0211,0,0,9.4,3.03,0
20230606:0311,0,0,9.16,2.97,0
20230606:0411,35.35,6.08,9.19,2.9,0
20230606:0511,80.26,14.39,10.12,2.76,0
20230606:0611,132.91,23.27,11.85,3.31,0
20230606:0711,0,0,13.7,3.52,0
20230606:0811,391.63,41.32,15.62,3.52,0
20230606:0911,532.66,49.54,17.39,3.52,0
20230606:1011,656.12,56.14,18.89,3.52,0
20230606:1111,765.98,59.79,20.1,3.59,0
20230606:1211,837.41,59.31,20.96,3.86,0
20230606:1311,871.7,54.87,21.4,4.07,0
20230606:1411,847.2,47.81,21.33,4.21,0
20230606:1511,759.11,39.37,20.94,4.34,0
20230606:1611,657.85,30.35,20.18,4.41,0
20230606:1711,340.27,21.26,18.97,4.34,0
20230606:1811,367.52,12.48,17.77,4,0
20230606:1911,31.27,4.34,16.38,3.86,0
20230606:2011,0,0,14.88,3.66,0
20230606:2111,0,0,13.49,3.52,0
20230606:2211,0,0,12.51,3.24,0
20230606:2311,0,0,11.75,2.97,0
20230607:0011,0,0,11.19,2.76,0
20230607:0111,0,0,10.74,2.62,0
20230607:0211,0,0,10.35,2.69,0
20230607:0311,0,0,9.93,2.69,0
20230607:0411,5.73,6.14,9.86,2.69,0
20230607:0511,16.24,14.45,10.59,2.69,0
20230607:0611,157.92,23.32,12.02,2.83,0
20230607:0711,263.61,32.43,12.8,3.03,0
20230607:0811,386.22,41.37,14.37,2.83,0
20230607:0911,526.15,49.6,15.92,2.62,0
20230607:1011,647.29,56.22,17.75,2.62,0
20230607:1111,748.12,59.89,19.23,2.62,0
20230607:1211,807.75,59.42,20.17,2.9,0
20230607:1311,847.88,54.98,20.94,3.24,0
20230607:1411,831.44,47.92,21.29,3.59,0
20230607:1511,775.09,39.47,21.17,3.93,0
20230607:1611,667.99,30.45,20.59,4.21,0
20230607:1711,522.26,21.37,19.5,4.34,0
20230607:1811,346.22,12.59,18.01,4.07,0
20230607:1911,106.69,4.45,16.59,3.86,0
20230607:2011,0,0,14.74,3.86,0
20230607:2111,0,0,13.31,3.66,0
20230607:2211,0,0,12.33,3.38,0
20230607:2311,0,0,11.79,3.31,0
20230608:0011,0,0,11.14,3.17,0
20230608:0111,0,0,10.81,3.1,0
20230608:0211,0,0,10.61,2.97,0
20230608:0311,0,0,10.33,2.9,0
20230608:0411,12.42,6.19,10.23,2.9,0
20230608:0511,92.68,14.49,10.81,3.45,0
20230608:0611,140.51,23.36,11.72,3.38,0
20230608:0711,252.27,32.47,13.49,3.17,0
20230608:0811,384.56,41.42,15.41,3.1,0
20230608:0911,491.58,49.66,17.27,3.31,0
20230608:1011,544.67,56.29,18.71,3.38,0
20230608:1111,615.41,59.98,20.03,3.66,0
20230608:1211,821.8,59.52,20.57,3.86,0
20230608:1311,854.85,55.09,21.76,4.14,0
20230608:1411,828.93,48.02,22.3,4.41,0
20230608:1511,772.29,39.57,22.55,4.55,0
20230608:1611,662.1,30.55,22.32,4.83,0
20230608:1711,521.02,21.46,21.41,4.62,0
20230608:1811,347.26,12.69,20.15,4.07,0
20230608:1911,112.26,4.55,18.35,4.41,0
20230608:2011,0,0,16.61,4.34,0
20230608:2111,0,0,15.41,4.21,0
20230608:2211,0,0,14.5,4,0
20230608:2311,0,0,13.82,3.86,0
20230609:0011,0,0,13.28,3.72,0
20230609:0111,0,0,12.92,3.59,0
20230609:0211,0,0,12.73,3.38,0
20230609:0311,0,0,12.41,3.31,0
20230609:0411,36.31,6.24,12.47,3.31,0
20230609:0511,76.44,14.53,13.44,2.97,0
20230609:0611,137.67,23.4,15.3,3.31,0
20230609:0711,252.85,32.51,17.93,3.59,0
20230609:0811,386.33,41.46,20.26,3.66,0
20230609:0911,523.67,49.7,22.34,3.72,0
20230609:1011,644.06,56.35,24.07,3.86,0
20230609:1111,750.57,60.06,25.5,4.14,0
20230609:1211,815.78,59.61,26.35,4.55,0
20230609:1311,829.94,55.18,26.95,4.9,0
20230609:1411,817.19,48.11,27.15,5.1,0
20230609:1511,699.48,39.66,27,5.1,0
20230609:1611,559.87,30.64,26.15,4.28,0
20230609:1711,483.91,21.56,25.68,4.34,0
20230609:1811,313.53,12.78,24.89,4.07,0
20230609:1911,94.93,4.64,23.81,4.28,0
20230609:2011,0,0,22.45,4.07,0
20230609:2111,0,0,21.29,4.07,0
20230609:2211,0,0,20.48,4.28,0
20230609:2311,0,0,19.93,4.28,0
20230610:0011,0,0,19.24,4.21,0
20230610:0111,0,0,18.33,4.14,0
20230610:0211,0,0,17.49,3.93,0
20230610:0311,0,0,16.78,3.86,0
20230610:0411,37.26,6.28,16.03,3.79,0
20230610:0511,71.66,14.57,16.15,3.66,0
20230610:0611,133.49,23.43,17.05,3.86,0
20230610:0711,255.6,32.54,18.87,3.93,0
20230610:0811,393.03,41.49,20.7,3.86,0
20230610:0911,532.82,49.75,22.57,4,0
20230610:1011,654.83,56.41,24.27,4.14,0
20230610:1111,764.76,60.13,25.53,4.14,0
20230610:1211,830.98,59.7,26.38,4,0
20230610:1311,860.56,55.27,26.72,3.86,0
20230610:1411,850.41,48.2,26.92,3.86,0
20230610:1511,784.04,39.75,26.95,3.86,0
20230610:1611,692.43,30.73,26.71,3.79,0
20230610:1711,558.33,21.65,26.13,3.72,0
20230610:1811,374.32,12.87,25.14,3.38,0
20230610:1911,137.38,4.74,23.72,3.31,0
20230610:2011,0,0,22.1,3.24,0
20230610:2111,0,0,20.88,3.03,0
20230610:2211,0,0,19.95,2.9,0
20230610:2311,0,0,19.25,2.83,0
20230611:0011,0,0,18.72,2.9,0
20230611:0111,0,0,18.45,3.03,0
20230611:0211,0,0,18.23,3.17,0
20230611:0311,0,0,18.01,3.17,0
20230611:0411,35.35,6.31,17.8,3.17,0
20230611:0511,72.62,14.6,18.6,3.03,0
20230611:0611,133.57,23.46,20.33,2.9,0
20230611:0711,254.91,32.56,22.29,3.38,0
20230611:0811,388.41,41.52,24.13,3.45,0
20230611:0911,526.73,49.78,25.74,3.59,0
20230611:1011,649.31,56.46,27.01,3.79,0
20230611:1111,747.53,60.2,27.92,4.28,0
20230611:1211,814.91,59.78,28.34,4.62,0
20230611:1311,838.76,55.36,28.37,4.62,0
20230611:1411,832.16,48.29,28.49,4.48,0
20230611:1511,749.45,39.84,28.61,4.34,0
20230611:1611,651.19,30.82,28.2,4,0
20230611:1711,526.24,21.73,28,4,0
20230611:1811,338.66,12.96,27.13,3.52,0
20230611:1911,110.76,4.82,25.87,4.21,0
20230611:2011,0,0,24.86,4.48,0
20230611:2111,0,0,23.93,4.28,0
20230611:2211,0,0,22.95,3.86,0
20230611:2311,0,0,21.87,3.38,0
20230612:0011,0,0,20.71,3.1,0
20230612:0111,0,0,19.4,2.97,0
20230612:0211,0,0,18.22,2.97,0
20230612:0311,0,0,17.4,2.97,0
20230612:0411,36.31,6.34,16.56,2.83,0
20230612:0511,92.68,14.62,16.94,2.55,0
20230612:0611,142.3,23.48,18.66,2.48,0
20230612:0711,256.71,32.58,20.82,2.48,0
20230612:0811,393.1,41.54,22.88,2.62,0
20230612:0911,0,0,24.83,3.03,0
20230612:1011,654.24,56.5,26.37,3.52,0
20230612:1111,759.09,60.26,27.27,3.86,0
20230612:1211,829.14,59.85,27.74,3.86,0
20230612:1311,757.35,55.44,28.09,3.79,0
20230612:1411,726.61,48.37,28.1,3.86,0
20230612:1511,709.1,39.92,28.18,4,0
20230612:1611,663.33,30.9,27.64,4.14,0
20230612:1711,520.26,21.81,27.06,4.83,0
20230612:1811,357.99,13.04,26.03,4.83,0
20230612:1911,126.08,4.9,25.02,4.21,0
20230612:2011,0,0,23.7,4.07,0
20230612:2111,0,0,22.58,3.93,0
20230612:2211,0,0,21.52,3.66,0
20230612:2311,0,0,20.32,3.38,0
20230613:0011,0,0,19.09,3.24,0
20230613:0111,0,0,17.94,3.24,0
20230613:0211,0,0,16.98,3.38,0
20230613:0311,0,0,16.33,3.52,0
20230613:0411,36.31,6.37,15.83,3.24,0
20230613:0511,72.62,14.64,16.23,2.9,0
20230613:0611,136.53,23.49,17.83,2.9,0
20230613:0711,260.07,32.6,19.68,3.45,0
20230613:0811,397.72,41.56,21.48,3.59,0
20230613:0911,537.81,49.84,23.14,3.79,0
20230613:1011,662.6,56.54,24.51,4.14,0
20230613:1111,769.46,60.31,25.28,4.28,0
20230613:1211,840.8,59.92,25.73,4.21,0
20230613:1311,880.3,55.51,25.99,4.28,0
20230613:1411,856.93,48.45,26.05,4.41,0
20230613:1511,801.16,39.99,25.91,4.55,0
20230613:1611,701.4,30.97,25.51,4.76,0
20230613:1711,560.1,21.89,24.9,4.76,0
20230613:1811,391.65,13.11,23.98,4.62,0
20230613:1911,161.24,4.98,22.78,4.41,0
20230613:2011,0,0,21.36,4,0
20230613:2111,0,0,20.15,3.86,0
20230613:2211,0,0,19.27,4.28,0
20230613:2311,0,0,18.53,4.48,0
20230614:0011,0,0,17.73,4.14,0
20230614:0111,0,0,16.86,3.72,0
20230614:0211,0,0,16.03,3.52,0
20230614:0311,0,0,15.36,3.45,0
20230614:0411,33.44,6.38,15.04,3.38,0
20230614:0511,66.89,14.65,15.81,3.52,0
20230614:0611,132.67,23.5,17.47,3.79,0
20230614:0711,258.53,32.61,18.98,4.21,0
20230614:0811,396.85,41.57,20.58,4.69,0
20230614:0911,535.29,49.85,21.63,5.17,0
20230614:1011,660.75,56.57,22.3,5.59,0
20230614:1111,771.03,60.36,22.8,5.72,0
20230614:1211,838.62,59.98,23.29,5.59,0
20230614:1311,873.9,55.58,23.75,5.31,0
20230614:1411,859.32,48.52,24.25,4.83,0
20230614:1511,804.11,40.07,24.64,4.41,0
20230614:1611,721.39,31.04,24.78,4.28,0
20230614:1711,573.87,21.96,24.41,4.28,0
20230614:1811,362.41,13.18,23.59,4.55,0
20230614:1911,155.86,5.05,22.01,4.55,0
20230614:2011,0,0,20.98,3.52,0
20230614:2111,0,0,19.77,3.03,0
20230614:2211,0,0,18.73,3.24,0
20230614:2311,0,0,17.73,3.24,0
20230615:0011,0,0,16.92,3.1,0
20230615:0111,0,0,16.37,2.83,0
20230615:0211,0,0,15.77,2.62,0
20230615:0311,0,0,15.31,2.41,0
20230615:0411,38.22,6.39,15.09,2.28,0
20230615:0511,82.17,14.66,15.75,2,0
20230615:0611,139.31,23.51,17.46,2.07,0
20230615:0711,257.63,32.61,19.35,2.28,0
20230615:0811,392.62,41.58,21,2.07,0
20230615:0911,530.24,49.87,22.48,1.93,0
20230615:1011,652.91,56.59,23.61,1.93,0
20230615:1111,761.3,60.39,24.32,2.34,0
20230615:1211,835.74,60.03,24.89,2.62,0
20230615:1311,865.45,55.64,25.36,2.62,0
20230615:1411,825.71,48.58,25.39,2.76,0
20230615:1511,637.98,40.13,25.22,3.03,0
20230615:1611,626.54,31.11,25.03,3.31,0
20230615:1711,505.52,22.02,24.41,3.72,0
20230615:1811,349.24,13.25,23.5,3.93,0
20230615:1911,129.4,5.11,22.06,4.07,0
20230615:2011,0,0,20.6,3.38,0
20230615:2111,0,0,19.23,2.76,0
20230615:2211,0,0,17.97,2.34,0
20230615:2311,0,0,16.86,2.14,0
20230616:0011,0,0,15.69,2.14,0
20230616:0111,0,0,14.6,2.07,0
20230616:0211,0,0,13.65,2.07,0
20230616:0311,0,0,12.82,2,0
20230616:0411,17.2,6.4,12.46,1.72,0
20230616:0511,102.24,14.66,13.46,1.1,0
20230616:0611,140.16,23.51,16.1,0.97,0
20230616:0711,257.31,32.61,18.76,1.52,0
20230616:0811,394,41.58,20.85,2.14,0
20230616:0911,531.11,49.87,22.41,2.83,0
20230616:1011,657.76,56.61,23.38,3.52,0
20230616:1111,767.53,60.43,23.96,4,0
20230616:1211,838.92,60.08,23.92,4.21,0
20230616:1311,870.29,55.7,24.32,4.48,0
20230616:1411,851.4,48.64,24.31,4.76,0
20230616:1511,796.02,40.19,23.99,4.83,0
20230616:1611,682.22,31.17,23.4,4.69,0
20230616:1711,552.49,22.08,22.61,4.34,0
20230616:1811,386.7,13.31,21.51,3.79,0
20230616:1911,154.81,5.17,20.26,2.76,0
20230616:2011,0,0,18.67,2.48,0
20230616:2111,0,0,17.21,2.34,0
20230616:2211,0,0,15.96,2.14,0
20230616:2311,0,0,14.77,2,0
20230617:0011,0,0,13.57,1.93,0
20230617:0111,0,0,12.57,1.86,0
20230617:0211,0,0,11.91,1.93,0
20230617:0311,0,0,11.33,2.07,0
20230617:0411,39.18,6.4,11.19,2.07,0
20230617:0511,84.09,14.65,12.87,1.59,0
20230617:0611,163.57,23.5,16.26,1.66,0
20230617:0711,261.29,32.6,17.87,2.14,0
20230617:0811,392.02,41.57,19.62,2.07,0
20230617:0911,531.85,49.87,21.35,2.28,0
20230617:1011,652.74,56.62,22.83,2.41,0
20230617:1111,764.64,60.45,23.94,2.48,0
20230617:1211,835.29,60.12,24.81,2.21,0
20230617:1311,865.94,55.75,25.47,1.86,0
20230617:1411,842.52,48.69,25.95,1.52,0
20230617:1511,736.03,40.25,26.09,1.38,0
20230617:1611,633.3,31.23,26.05,1.45,0
20230617:1711,448.54,22.14,25.68,1.52,0
20230617:1811,290.85,13.36,25.15,1.79,0
20230617:1911,130.35,5.22,23.43,2.41,0
20230617:2011,0,0,21.94,2.48,0
20230617:2111,0,0,20.76,2.76,0
20230617:2211,0,0,19.67,2.9,0
20230617:2311,0,0,18.66,2.83,0
20230618:0011,0,0,17.84,2.69,0
20230618:0111,0,0,17.44,2.69,0
20230618:0211,0,0,17.14,2.69,0
20230618:0311,0,0,16.96,2.62,0
20230618:0411,23.89,6.39,16.84,2.62,0
20230618:0511,46.82,14.64,17.65,2.48,0
20230618:0611,164.06,23.49,19.45,2.55,0
20230618:0711,265.47,32.59,21.09,2.34,0
20230618:0811,382.43,41.56,23.04,2.55,0
20230618:0911,339.9,49.87,24.31,2.48,0
20230618:1011,506.25,56.62,25.55,2.41,0
20230618:1111,604.25,60.47,26.41,2.34,0
20230618:1211,417.67,60.15,26.05,2.62,0
20230618:1311,282.17,55.79,25.75,2.34,0
20230618:1411,181.47,48.74,25.08,1.72,0
20230618:1511,145.37,40.3,25.61,0.62,0
20230618:1611,168.07,31.28,26.23,0.55,0
20230618:1711,59.52,22.19,26.15,0.83,0
20230618:1811,67.09,13.41,25.44,0.9,0
20230618:1911,77.31,5.27,22.89,3.38,0
20230618:2011,0,0,22,3.38,0
20230618:2111,0,0,21.54,3.93,0
20230618:2211,0,0,21.39,4.14,0
20230618:2311,0,0,21.39,4.21,0
20230619:0011,0,0,21.38,4.07,0
20230619:0111,0,0,21.16,3.66,0
20230619:0211,0,0,20.1,3.38,0
20230619:0311,0,0,19.52,3.66,0
20230619:0411,34.4,6.38,19.1,3.93,0
20230619:0511,27.71,14.63,19.48,4.41,0
20230619:0611,80.98,23.47,19.23,5.17,0
20230619:0711,151.23,32.57,19.64,5.24,0
20230619:0811,304.78,41.55,20.22,5.38,0
20230619:0911,400.67,49.85,20.93,5.86,0
20230619:1011,544.66,56.62,22.14,5.93,0
20230619:1111,641.75,60.48,23.3,5.59,0
20230619:1211,676.41,60.18,24.26,5.31,0
20230619:1311,790.11,55.83,24.65,4.97,0
20230619:1411,814.37,48.79,24.92,4.48,0
20230619:1511,754.38,40.34,24.96,3.93,0
20230619:1611,636.3,31.32,24.83,3.24,0
20230619:1711,448.57,22.24,24.53,2.69,0
20230619:1811,345.78,13.46,23.93,2.28,0
20230619:1911,104.24,5.32,22.87,2.34,0
20230619:2011,0,0,21.58,2.34,0
20230619:2111,0,0,20.52,2.41,0
20230619:2211,0,0,19.86,2.48,0
20230619:2311,0,0,19.44,2.48,0
20230620:0011,0,0,19.13,2.28,0
20230620:0111,0,0,18.34,2.41,0
20230620:0211,0,0,17.77,2.55,0
20230620:0311,0,0,17.3,2.9,0
20230620:0411,5.73,6.36,17.13,2.69,0
20230620:0511,66.89,14.61,17.4,2.69,0
20230620:0611,160.26,23.45,18.2,3.17,0
20230620:0711,222.12,32.55,20.74,3.31,0
20230620:0811,379.71,41.52,21.59,3.66,0
20230620:0911,503.17,49.84,22.95,3.93,0
20230620:1011,627.25,56.61,24.83,3.93,0
20230620:1111,674.27,60.49,26.25,3.86,0
20230620:1211,678.19,60.2,27.38,3.59,0
20230620:1311,764.88,55.86,28.28,3.45,0
20230620:1411,610.38,48.82,28.9,3.31,0
20230620:1511,445.31,40.38,29.28,3.1,0
20230620:1611,40.98,31.36,29.33,2.76,0
20230620:1711,27.32,22.28,26.45,3.59,0
20230620:1811,16.59,13.5,21.97,3.86,0
20230620:1911,3.9,5.35,21.38,2.21,0
20230620:2011,0,0,20.92,1.24,0
20230620:2111,0,0,19.98,2.55,0
20230620:2211,0,0,20.06,2.76,0
20230620:2311,0,0,19.69,2.9,0
20230621:0011,0,0,19.15,3.03,0
20230621:0111,0,0,18.68,3.17,0
20230621:0211,0,0,18.22,3.52,0
20230621:0311,0,0,17.76,3.52,0
20230621:0411,38.22,6.34,17.38,3.38,0
20230621:0511,98.42,14.58,17.62,2.9,0
20230621:0611,171.09,23.42,18.41,3.1,0
20230621:0711,260.55,32.52,19.8,3.52,0
20230621:0811,384.95,41.5,21.15,3.59,0
20230621:0911,484.18,49.81,22.32,3.72,0
20230621:1011,597.43,56.59,23.32,4.14,0
20230621:1111,713.5,60.49,24.05,4.41,0
20230621:1211,750.05,60.22,24.55,4.48,0
20230621:1311,665.7,55.89,24.98,4.48,0
20230621:1411,688.28,48.86,24.96,4.34,0
20230621:1511,665.68,40.42,24.65,4.07,0
20230621:1611,641.78,31.4,24.16,3.79,0
20230621:1711,507.84,22.31,23.47,3.45,0
20230621:1811,369.84,13.53,22.55,2.97,0
20230621:1911,148.51,5.38,21.19,2.41,0
20230621:2011,0,0,19.88,2,0
20230621:2111,0,0,18.75,1.72,0
20230621:2211,0,0,17.6,1.72,0
20230621:2311,0,0,16.65,1.66,0
20230622:0011,0,0,15.91,1.66,0
20230622:0111,0,0,15.27,1.72,0
20230622:0211,0,0,14.67,1.86,0
20230622:0311,0,0,14.39,1.86,0
20230622:0411,35.35,6.31,14.59,1.66,0
20230622:0511,98.42,14.55,15.72,1.59,0
20230622:0611,170.55,23.38,17.21,1.93,0
20230622:0711,254.6,32.48,19.95,2.83,0
20230622:0811,382.73,41.46,21.74,3.45,0
20230622:0911,470.17,49.78,23.46,3.93,0
20230622:1011,455.91,56.57,24.74,3.93,0
20230622:1111,240.01,60.48,25.22,3.93,0
20230622:1211,316.83,60.22,25.73,4,0
20230622:1311,137.57,55.91,25.06,4,0
20230622:1411,90.74,48.88,23.86,4.14,0
20230622:1511,81.96,40.45,22.83,3.72,0
20230622:1611,67.32,31.43,21.21,3.66,0
20230622:1711,31.22,22.34,20.05,4.21,0
20230622:1811,15.61,13.56,19.25,5.03,0
20230622:1911,4.88,5.41,17.85,4.41,0
20230622:2011,0,0,17.14,4.41,0
20230622:2111,0,0,16.71,4.28,0
20230622:2211,0,0,16.53,4.21,0
20230622:2311,0,0,16.42,4.07,0
20230623:0011,0,0,16.31,3.79,0
20230623:0111,0,0,16.02,3.31,0
20230623:0211,0,0,15.81,2.97,0
20230623:0311,0,0,15.68,2.9,0
20230623:0411,34.4,6.27,15.58,2.62,0
20230623:0511,67.84,14.51,16.19,2.34,0
20230623:0611,132.7,23.35,17.69,2.76,0
20230623:0711,253.36,32.45,18.85,3.31,0
20230623:0811,389.29,41.43,19.95,3.31,0
20230623:0911,524.98,49.75,21.14,3.52,0
20230623:1011,643.06,56.54,22.03,3.79,0
20230623:1111,753.48,60.46,22.7,4.07,0
20230623:1211,828.1,60.22,22.94,4.34,0
20230623:1311,836.7,55.92,23.16,4.41,0
20230623:1411,822.43,48.9,23.11,4.34,0
20230623:1511,768.56,40.47,22.77,4.07,0
20230623:1611,671.76,31.46,22.27,3.52,0
20230623:1711,496.84,22.37,21.75,2.9,0
20230623:1811,383.5,13.58,21.14,2.14,0
20230623:1911,138.91,5.43,19.9,1.66,0
20230623:2011,0,0,18.5,1.17,0
20230623:2111,0,0,18.17,0.83,0
20230623:2211,0,0,16.83,1.1,0
20230623:2311,0,0,15.26,1.52,0
20230624:0011,0,0,14.39,1.72,0
20230624:0111,0,0,13.93,2,0
20230624:0211,0,0,13.9,2.14,0
20230624:0311,0,0,13.84,2.28,0
20230624:0411,37.26,6.23,14.02,2.21,0
20230624:0511,81.22,14.47,15.66,1.86,0
20230624:0611,131.88,23.3,18.37,2,0
20230624:0711,250.59,32.4,20.29,2.07,0
20230624:0811,380.91,41.38,21.9,2.48,0
20230624:0911,505.56,49.71,23.15,2.9,0
20230624:1011,635.45,56.51,23.98,2.83,0
20230624:1111,745.57,60.44,24.76,2.62,0
20230624:1211,678.83,60.22,25.35,2.55,0
20230624:1311,490.08,55.93,25.83,2.55,0
20230624:1411,596.02,48.92,26.08,2.55,0
20230624:1511,560.5,40.49,25.88,2.55,0
20230624:1611,259.26,31.48,25.39,2.83,0
20230624:1711,82.93,22.39,24.47,3.17,0
20230624:1811,252.8,13.6,23.46,2.97,0
20230624:1911,35.37,5.44,22.57,2.76,0
20230624:2011,0,0,21,2.62,0
20230624:2111,0,0,19.85,2.48,0
20230624:2211,0,0,18.97,2.34,0
20230624:2311,0,0,18.19,2.28,0
20230625:0011,0,0,17.52,2.28,0
20230625:0111,0,0,16.9,2.28,0
20230625:0211,0,0,16.4,2.28,0
20230625:0311,0,0,15.99,2.28,0
20230625:0411,35.35,6.19,15.75,2.07,0
20230625:0511,70.71,14.42,16.68,1.52,0
20230625:0611,129.62,23.25,19.31,1.45,0
20230625:0711,250.78,32.35,22.07,2.07,0
20230625:0811,384.78,41.34,24.05,2.14,0
20230625:0911,520.02,49.67,25.8,2.48,0
20230625:1011,645.31,56.47,27.06,2.83,0
20230625:1111,744.9,60.41,27.96,2.97,0
20230625:1211,810.76,60.2,28.67,3.17,0
20230625:1311,836.15,55.93,29.2,3.45,0
20230625:1411,822.7,48.93,29.57,3.59,0
20230625:1511,624.97,40.51,29.73,3.66,0
20230625:1611,551.93,31.49,29.66,3.59,0
20230625:1711,512.37,22.4,29.29,2.9,0
20230625:1811,354.05,13.61,28.32,2.21,0
20230625:1911,61.9,5.45,26.57,2.21,0
20230625:2011,0,0,24.79,2.69,0
20230625:2111,0,0,23.62,3.03,0
20230625:2211,0,0,22.92,3.24,0
20230625:2311,0,0,22.38,3.24,0
20230626:0011,0,0,21.83,3.24,0
20230626:0111,0,0,21.3,3.24,0
20230626:0211,0,0,20.76,3.59,0
20230626:0311,0,0,20.01,3.86,0
20230626:0411,37.26,6.14,19.35,3.79,0
20230626:0511,90.77,14.37,19.35,4.07,0
20230626:0611,134.31,23.2,19.7,5.45,0
20230626:0711,254.32,32.3,19.69,5.52,0
20230626:0811,364.57,41.28,20.15,5.72,0
20230626:0911,448.59,49.61,20.7,5.86,0
20230626:1011,621.36,56.42,20.98,5.86,0
20230626:1111,649.16,60.37,21.35,6.07,0
20230626:1211,752.63,60.18,21.52,6.55,0
20230626:1311,687.37,55.92,21.21,6.55,0
20230626:1411,642.05,48.93,20.84,6.48,0
20230626:1511,640.32,40.51,20.46,6.34,0
20230626:1611,412.81,31.5,19.99,6.14,0
20230626:1711,488.38,22.41,19.42,5.66,0
20230626:1811,351.46,13.62,18.77,4.83,0
20230626:1911,94.98,5.45,17.95,3.72,0
20230626:2011,0,0,17.19,3.1,0
20230626:2111,0,0,16.48,2.83,0
20230626:2211,0,0,15.79,2.76,0
20230626:2311,0,0,15.32,2.69,0
20230627:0011,0,0,14.88,2.76,0
20230627:0111,0,0,14.57,2.76,0
20230627:0211,0,0,14.37,2.76,0
20230627:0311,0,0,14.19,2.83,0
20230627:0411,35.35,6.08,14.32,2.83,0
20230627:0511,16.24,14.31,15.44,2.69,0
20230627:0611,174.63,23.14,17.12,3.17,0
20230627:0711,251.97,32.24,18.26,3.52,0
20230627:0811,372.86,41.23,19.14,4.07,0
20230627:0911,455.94,49.56,19.84,4.41,0
20230627:1011,602.24,56.37,20.38,4.83,0
20230627:1111,656.74,60.33,20.77,5.17,0
20230627:1211,703.45,60.15,20.94,5.31,0
20230627:1311,707.48,55.91,20.68,5.52,0
20230627:1411,432.44,48.93,20.3,5.45,0
20230627:1511,331.44,40.52,20.16,5.24,0
20230627:1611,314.47,31.51,19.7,4.9,0
20230627:1711,230.98,22.42,19.04,4.41,0
20230627:1811,69.02,13.62,18.4,3.86,0
20230627:1911,17.56,5.45,17.98,3.38,0
20230627:2011,0,0,17.43,2.48,0
20230627:2111,0,0,16.78,1.86,0
20230627:2211,0,0,16.19,1.79,0
20230627:2311,0,0,15.81,1.93,0
20230628:0011,0,0,15.54,2.07,0
20230628:0111,0,0,15.31,2.21,0
20230628:0211,0,0,15.2,2.41,0
20230628:0311,0,0,14.95,2.28,0
20230628:0411,30.58,6.02,14.59,2.21,0
20230628:0511,60.2,14.25,14.56,2.34,0
20230628:0611,51.71,23.08,14.68,2.55,0
20230628:0711,109.27,32.18,15.24,2.28,0
20230628:0811,160.98,41.16,15.53,2.76,0
20230628:0911,175.62,49.5,15.84,2.97,0
20230628:1011,152.2,56.31,16.57,3.31,0
20230628:1111,287.49,60.28,17.43,3.24,0
20230628:1211,136.59,60.12,18.47,3.24,0
20230628:1311,396.62,55.89,19.86,3.24,0
20230628:1411,243.34,48.92,21.29,2.97,0
20230628:1511,93.66,40.51,21.86,2.69,0
20230628:1611,165.12,31.5,21.79,1.59,0
20230628:1711,178.39,22.41,21.43,0.97,0
20230628:1811,41.95,13.62,20.97,0.76,0
20230628:1911,9.76,5.44,20.22,1.52,0
20230628:2011,0,0,19.67,1.38,0
20230628:2111,0,0,19,1.45,0
20230628:2211,0,0,18.4,1.59,0
20230628:2311,0,0,17.91,1.79,0
20230629:0011,0,0,17.46,1.93,0
20230629:0111,0,0,17.25,2,0
20230629:0211,0,0,16.97,2,0
20230629:0311,0,0,17.09,2,0
20230629:0411,6.69,5.95,17.3,2,0
20230629:0511,21.98,14.18,18.01,2.07,0
20230629:0611,32.2,23.01,18.78,2.07,0
20230629:0711,106.35,32.11,19.94,3.1,0
20230629:0811,261.43,41.1,20.64,3.72,0
20230629:0911,339.89,49.43,21.22,4.14,0
20230629:1011,535.51,56.25,22.03,4.48,0
20230629:1111,397.78,60.23,22.62,4.9,0
20230629:1211,240.99,60.08,22.99,5.1,0
20230629:1311,135.62,55.86,22.92,5.03,0
20230629:1411,219.52,48.9,22.89,5.31,0
20230629:1511,319.38,40.5,22.1,5.1,0
20230629:1611,214.78,31.5,20.57,4.48,0
20230629:1711,177.39,22.41,19.28,4.34,0
20230629:1811,60.49,13.6,18.38,4.21,0
20230629:1911,16.59,5.43,16.95,3.86,0
20230629:2011,0,0,16.67,3.24,0
20230629:2111,0,0,16.49,2.41,0
20230629:2211,0,0,15.98,2.41,0
20230629:2311,0,0,15.63,2.34,0
20230630:0011,0,0,14.88,2.34,0
20230630:0111,0,0,14.39,2.48,0
20230630:0211,0,0,13.79,2.48,0
20230630:0311,0,0,13.26,2.28,0
20230630:0411,35.35,5.88,12.83,2.14,0
20230630:0511,70.71,14.11,13.67,1.86,0
20230630:0611,133.1,22.94,15.72,2.28,0
20230630:0711,248.36,32.04,16.99,3.38,0
20230630:0811,380.46,41.02,18.03,3.31,0
20230630:0911,491.05,49.36,18.87,3.45,0
20230630:1011,536.52,56.18,19.49,3.59,0
20230630:1111,0,0,20.46,3.66,0
20230630:1211,669.89,60.03,20.41,3.45,0
20230630:1311,683.48,55.83,20.44,3.66,0
20230630:1411,132.69,48.88,20.67,4.14,0
20230630:1511,175.62,40.49,20.57,4.48,0
20230630:1611,264.81,31.49,20.66,4.76,0
20230630:1711,188.43,22.39,20.16,3.86,0
20230630:1811,44.88,13.59,19.56,3.38,0
20230630:1911,28.41,5.41,19.18,3.1,0
20230630:2011,0,0,18.34,2.9,0
20230630:2111,0,0,17.82,2.97,0
20230630:2211,0,0,17.62,3.45,0
20230630:2311,0,0,17.55,4.07,0
20230701:0011,0,0,17.62,4.76,0
20230701:0111,0,0,17.75,5.38,0
20230701:0211,0,0,17.82,5.79,0
20230701:0311,0,0,17.44,5.86,0
20230701:0411,4.78,5.8,16.89,5.86,0
20230701:0511,22.93,14.03,16.69,5.93,0
20230701:0611,92.69,22.86,16.41,5.79,0
20230701:0711,117.08,31.96,16.19,5.31,0
20230701:0811,121.96,40.95,16.42,5.31,0
20230701:0911,145.37,49.28,16.44,5.52,0
20230701:1011,239.04,56.1,16.84,6.14,0
20230701:1111,144.4,60.1,16.98,5.17,0
20230701:1211,223.43,59.98,17.46,4.62,0
20230701:1311,94.64,55.79,17.64,4.28,0
20230701:1411,104.4,48.86,17.84,3.79,0
20230701:1511,232.75,40.47,17.51,4.21,0
20230701:1611,259.2,31.47,17.48,4.76,0
20230701:1711,126.86,22.37,18.22,4.76,0
20230701:1811,34.15,13.57,18.15,4.34,0
20230701:1911,10.73,5.38,17.69,4,0
20230701:2011,0,0,16.88,3.86,0
20230701:2111,0,0,16.72,4.07,0
20230701:2211,0,0,16.43,4.28,0
20230701:2311,0,0,16.3,4.48,0
20230702:0011,0,0,15.62,4.21,0
20230702:0111,0,0,15.57,4.28,0
20230702:0211,0,0,15.3,4.41,0
20230702:0311,0,0,14.92,4.48,0
20230702:0411,34.4,5.72,14.58,4.69,0
20230702:0511,90.77,13.95,14.82,5.03,0
20230702:0611,161.47,22.78,15.51,5.86,0
20230702:0711,258.3,31.88,16,6.48,0
20230702:0811,372.55,40.87,16.58,6.97,0
20230702:0911,361.87,49.2,17.18,7.1,0
20230702:1011,370.94,56.02,17.85,7.31,0
20230702:1111,449.62,60.02,18.4,7.66,0
20230702:1211,604.4,59.91,18.55,7.59,0
20230702:1311,506.97,55.75,18.92,7.31,0
20230702:1411,700.34,48.82,18.76,7.1,0
20230702:1511,563.59,40.44,18.54,6.69,0
20230702:1611,653.24,31.44,18.47,6.48,0
20230702:1711,280.09,22.35,18.33,6,0
20230702:1811,129.94,13.54,18.04,5.1,0
20230702:1911,16.59,5.35,17.52,4.55,0
20230702:2011,0,0,17.04,4.48,0
20230702:2111,0,0,16.48,4.41,0
20230702:2211,0,0,16,4.48,0
20230702:2311,0,0,15.43,4.34,0
20230703:0011,0,0,15.17,4.41,0
20230703:0111,0,0,14.86,4.41,0
20230703:0211,0,0,14.62,4.48,0
20230703:0311,0,0,14.56,4.55,0
20230703:0411,4.78,5.63,14.32,4.48,0
20230703:0511,93.64,13.86,14.57,4.55,0
20230703:0611,154.92,22.7,14.78,5.17,0
20230703:0711,265.89,31.8,16,5.52,0
20230703:0811,263.82,40.78,16.17,5.52,0
20230703:0911,479.58,49.11,16.78,5.93,0
20230703:1011,251.72,55.94,17.6,6.34,0
20230703:1111,176.6,59.94,17.99,7.03,0
20230703:1211,131.71,59.85,18.34,7.59,0
20230703:1311,112.2,55.7,18.55,7.86,0
20230703:1411,106.35,48.79,18.51,7.72,0
20230703:1511,492.34,40.41,18.46,7.38,0
20230703:1611,568.55,31.41,18.76,7.31,0
20230703:1711,201.63,22.32,18.62,6.76,0
20230703:1811,327.7,13.51,17.48,5.93,0
20230703:1911,28.49,5.31,15.92,5.72,0
20230703:2011,0,0,15.16,6.07,0
20230703:2111,0,0,14.45,6.69,0
20230703:2211,0,0,14,6.83,0
20230703:2311,0,0,13.71,5.52,0
20230704:0011,0,0,13.84,4.55,0
20230704:0111,0,0,13.46,4,0
20230704:0211,0,0,13.19,3.59,0
20230704:0311,0,0,12.97,3.52,0
20230704:0411,4.78,5.54,12.9,3.59,0
20230704:0511,45.86,13.77,13.22,3.79,0
20230704:0611,167.04,22.61,14.39,3.72,0
20230704:0711,263.17,31.71,14.27,5.38,0
20230704:0811,315.41,40.69,15.4,5.45,0
20230704:0911,421.34,49.02,16.71,5.52,0
20230704:1011,306.62,55.84,17.91,5.66,0
20230704:1111,203.91,59.85,18.7,5.59,0
20230704:1211,657.56,59.77,19.31,5.59,0
20230704:1311,678.8,55.64,19.45,5.38,0
20230704:1411,493.55,48.74,19.39,5.1,0
20230704:1511,486.46,40.37,19.8,4.76,0
20230704:1611,415.62,31.38,19.81,4.21,0
20230704:1711,293.4,22.28,19.28,3.17,0
20230704:1811,35.12,13.47,18.66,1.72,0
20230704:1911,4.88,5.26,18.16,0.69,0
20230704:2011,0,0,17.32,2.07,0
20230704:2111,0,0,16.38,2.62,0
20230704:2211,0,0,15.49,3.31,0
20230704:2311,0,0,15.04,4.14,0
20230705:0011,0,0,15.03,4.97,0
20230705:0111,0,0,14.93,5.31,0
20230705:0211,0,0,15.21,5.52,0
20230705:0311,0,0,15.86,6.83,0
20230705:0411,30.58,5.44,15.79,7.72,0
20230705:0511,65.93,13.68,14.85,8.69,0
20230705:0611,139.85,22.51,14.34,9.03,0
20230705:0711,0,0,14,9.31,0
20230705:0811,151.23,40.59,14.02,10.14,0
20230705:0911,231.82,48.92,13.49,12.55,0
20230705:1011,150.25,55.74,13.6,12.76,0
20230705:1111,262.45,59.75,13.97,11.93,0
20230705:1211,317.77,59.69,14.72,9.45,0
20230705:1311,547.96,55.57,14.98,8.62,0
20230705:1411,336,48.69,14.92,8.48,0
20230705:1511,577.26,40.33,16.19,6.69,0
20230705:1611,212.57,31.34,16.31,6.28,0
20230705:1711,198.68,22.24,16.06,5.72,0
20230705:1811,379.49,13.42,15.69,5.31,0
20230705:1911,17.56,5.21,15.62,3.86,0
20230705:2011,0,0,14.88,3.24,0
20230705:2111,0,0,14.11,2.97,0
20230705:2211,0,0,13.48,3.1,0
20230705:2311,0,0,13.21,3.03,0
20230706:0011,0,0,12.86,2.83,0
20230706:0111,0,0,12.63,2.97,0
20230706:0211,0,0,12.51,3.03,0
20230706:0311,0,0,12.55,2.97,0
20230706:0411,5.73,5.34,12.43,2.97,0
20230706:0511,88.86,13.58,13.06,2.76,0
20230706:0611,157.98,22.41,14.37,3.1,0
20230706:0711,250.66,31.51,16.19,4.14,0
20230706:0811,372.61,40.49,17.23,4,0
20230706:0911,472.86,48.82,18.33,4.07,0
20230706:1011,377.16,55.64,19.01,4.28,0
20230706:1111,693.83,59.65,19.19,4.34,0
20230706:1211,110.25,59.6,19.53,4.28,0
20230706:1311,121.96,55.5,19.85,4,0
20230706:1411,422.09,48.63,20.06,3.72,0
20230706:1511,576.37,40.28,20.11,3.45,0
20230706:1611,298.43,31.29,19.89,3.17,0
20230706:1711,195.7,22.19,19.79,2.55,0
20230706:1811,187.5,13.37,19.43,1.59,0
20230706:1911,50.57,5.15,18.62,0.97,0
20230706:2011,0,0,17.98,0.69,0
20230706:2111,0,0,17.66,0.41,0
20230706:2211,0,0,15.71,1.17,0
20230706:2311,0,0,13.66,2,0
20230707:0011,0,0,13.04,2.41,0
20230707:0111,0,0,12.91,2.48,0
20230707:0211,0,0,12.79,2.55,0
20230707:0311,0,0,12.73,2.55,0
20230707:0411,29.62,5.24,12.58,2.48,0
20230707:0511,64.97,13.47,13.61,2.21,0
20230707:0611,115.11,22.31,16.5,2,0
20230707:0711,239.54,31.41,19.49,2.69,0
20230707:0811,377.35,40.39,21.55,3.03,0
20230707:0911,517.54,48.71,22.84,3.17,0
20230707:1011,646.8,55.53,23.7,3.03,0
20230707:1111,754.56,59.55,24.42,3.03,0
20230707:1211,829.57,59.51,25.04,2.9,0
20230707:1311,868.34,55.42,25.55,2.76,0
20230707:1411,858.04,48.57,25.96,2.69,0
20230707:1511,801.06,40.23,26.21,2.62,0
20230707:1611,691.71,31.24,26.21,2.55,0
20230707:1711,541.42,22.14,25.87,2.28,0
20230707:1811,393.48,13.31,24.83,2.28,0
20230707:1911,132.86,5.09,22.94,3.03,0
20230707:2011,0,0,21.23,3.45,0
20230707:2111,0,0,20.17,3.72,0
20230707:2211,0,0,19.37,4,0
20230707:2311,0,0,18.75,4.14,0
20230708:0011,0,0,18.23,4,0
20230708:0111,0,0,17.74,3.86,0
20230708:0211,0,0,17.3,3.72,0
20230708:0311,0,0,16.96,3.66,0
20230708:0411,21.98,5.13,16.65,3.52,0
20230708:0511,75.49,13.37,17.09,3.38,0
20230708:0611,118.69,22.2,18.55,3.03,0
20230708:0711,234.97,31.31,20.66,3.66,0
20230708:0811,368.16,40.28,22.74,3.59,0
20230708:0911,503.88,48.6,24.75,3.52,0
20230708:1011,635.07,55.42,26.59,3.45,0
20230708:1111,740.73,59.43,28.19,3.38,0
20230708:1211,806.88,59.4,29.44,3.52,0
20230708:1311,847.79,55.34,30.34,3.59,0
20230708:1411,832.5,48.5,30.84,3.31,0
20230708:1511,775.66,40.16,31.02,2.83,0
20230708:1611,560.34,31.18,30.83,2.62,0
20230708:1711,127.89,22.08,30.28,2.28,0
20230708:1811,323.18,13.25,28.68,1.93,0
20230708:1911,89.14,5.02,26.75,2.62,0
20230708:2011,0,0,25.14,2.97,0
20230708:2111,0,0,24.07,3.03,0
20230708:2211,0,0,23.29,2.97,0
20230708:2311,0,0,22.41,2.83,0
20230709:0011,0,0,21.55,2.62,0
20230709:0111,0,0,20.59,2.41,0
20230709:0211,0,0,19.74,2.21,0
20230709:0311,0,0,18.92,2.14,0
20230709:0411,5.73,5.01,18.37,2,0
20230709:0511,80.26,13.25,19.17,1.59,0
20230709:0611,149.27,22.09,22.15,1.17,0
20230709:0711,246.44,31.19,23.96,1.03,0
20230709:0811,359.4,40.17,26.02,0.9,0
20230709:0911,480.98,48.49,27.79,0.69,0
20230709:1011,600.89,55.3,29.33,0.76,0
20230709:1111,711.98,59.31,30.3,0.83,0
20230709:1211,697.41,59.29,31.11,0.97,0
20230709:1311,192.21,55.25,31.24,1.24,0
20230709:1411,63.42,48.42,30.25,3.31,0
20230709:1511,90.74,40.1,22.99,4.69,0
20230709:1611,46.83,31.12,21.27,3.45,0
20230709:1711,143.7,22.02,21.22,2.9,0
20230709:1811,132.33,13.18,21.3,2.14,0
20230709:1911,48.13,4.94,20.41,1.86,0
20230709:2011,0,0,19.53,2.48,0
20230709:2111,0,0,18.72,2.34,0
20230709:2211,0,0,18.29,2.21,0
20230709:2311,0,0,17.97,2.21,0
20230710:0011,0,0,17.7,2.07,0
20230710:0111,0,0,17.44,1.72,0
20230710:0211,0,0,17.12,1.72,0
20230710:0311,0,0,16.98,1.66,0
20230710:0411,7.64,4.89,17.08,1.72,0
20230710:0511,69.75,13.14,17.26,1.79,0
20230710:0611,111.62,21.98,17.64,1.86,0
20230710:0711,229.74,31.08,19.08,3.31,0
20230710:0811,362.07,40.05,20.28,3.93,0
20230710:0911,490.97,48.37,21.14,4.07,0
20230710:1011,583.53,55.17,21.93,4.34,0
20230710:1111,649.25,59.19,22.51,4.76,0
20230710:1211,759.04,59.18,22.7,4.97,0
20230710:1311,799.67,55.15,22.88,4.62,0
20230710:1411,790.7,48.34,23.12,4.14,0
20230710:1511,759.04,40.02,22.75,3.38,0
20230710:1611,659.26,31.05,22.47,2.76,0
20230710:1711,485.47,21.95,22.2,2.14,0
20230710:1811,351.34,13.11,21.76,1.45,0
20230710:1911,24.88,4.86,20.94,1.24,0
20230710:2011,0,0,19.65,1.86,0
20230710:2111,0,0,18.6,2.28,0
20230710:2211,0,0,18.22,2.69,0
20230710:2311,0,0,18.07,2.97,0
20230711:0011,0,0,18.26,3.03,0
20230711:0111,0,0,18.2,3.03,0
20230711:0211,0,0,18.22,2.97,0
20230711:0311,0,0,18.09,2.97,0
20230711:0411,14.33,4.77,18.01,2.9,0
20230711:0511,86.95,13.01,18.47,3.03,0
20230711:0611,157.81,21.86,19.97,3.1,0
20230711:0711,227.11,30.96,21.99,4.21,0
20230711:0811,361.55,39.93,23.86,4.9,0
20230711:0911,495.65,48.24,25.24,5.45,0
20230711:1011,622.57,55.04,26.06,5.66,0
20230711:1111,700.01,59.06,26.7,5.59,0
20230711:1211,609.79,59.06,27.23,5.72,0
20230711:1311,550.17,55.05,27.5,5.79,0
20230711:1411,317.32,48.25,27.39,5.86,0
20230711:1511,553.33,39.94,26.5,4.97,0
20230711:1611,245.95,30.97,25.2,4.41,0
20230711:1711,91.71,21.87,23.88,3.86,0
20230711:1811,198.28,13.02,22.79,2.69,0
20230711:1911,54.39,4.77,22.28,1.52,0
20230711:2011,0,0,21.19,1.52,0
20230711:2111,0,0,19.55,2.14,0
20230711:2211,0,0,18.91,1.93,0
20230711:2311,0,0,18.57,2.14,0
20230712:0011,0,0,18.18,2.69,0
20230712:0111,0,0,17.6,3.38,0
20230712:0211,0,0,17.03,3.86,0
20230712:0311,0,0,16.74,3.86,0
20230712:0411,22.93,4.64,16.31,4.41,0
20230712:0511,21.02,12.89,16.08,4.9,0
20230712:0611,148.54,21.74,16.33,5.59,0
20230712:0711,233.43,30.84,16.88,4.62,0
20230712:0811,360.15,39.81,17.76,5.03,0
20230712:0911,200.99,48.11,18.42,5.17,0
20230712:1011,211.72,54.91,19.46,5.03,0
20230712:1111,523.46,58.92,20.31,4.83,0
20230712:1211,415.22,58.93,20.73,4.76,0
20230712:1311,356.29,54.94,21.2,4.9,0
20230712:1411,685.68,48.16,21.17,4.83,0
20230712:1511,740.56,39.86,20.65,4.76,0
20230712:1611,580.96,30.89,20.64,4.76,0
20230712:1711,485.09,21.79,20.08,4.34,0
20230712:1811,363.63,12.94,19.52,3.79,0
20230712:1911,78.87,4.68,18.89,3.31,0
20230712:2011,0,0,18.07,3.38,0
20230712:2111,0,0,17.43,3.52,0
20230712:2211,0,0,16.91,3.52,0
20230712:2311,0,0,16.48,3.59,0
20230713:0011,0,0,16.13,3.72,0
20230713:0111,0,0,15.92,3.93,0
20230713:0211,0,0,15.75,3.93,0
20230713:0311,0,0,15.43,4,0
20230713:0411,19.11,4.5,15.24,4,0
20230713:0511,77.4,12.76,15.62,3.72,0
20230713:0611,118.14,21.61,16.41,4.14,0
20230713:0711,241.85,30.71,17.62,4.69,0
20230713:0811,148.3,39.68,18.59,4.83,0
20230713:0911,373.84,47.98,19.36,5.03,0
20230713:1011,164.89,54.76,20.03,5.1,0
20230713:1111,119.03,58.77,20.52,4.97,0
20230713:1211,560.06,58.79,20.64,5.1,0
20230713:1311,759.89,54.82,20.86,5.17,0
20230713:1411,685.56,48.06,20.46,5.17,0
20230713:1511,674.87,39.77,19.74,4.55,0
20230713:1611,272.37,30.8,19.78,4.21,0
20230713:1711,408.42,21.7,19.74,3.72,0
20230713:1811,218.75,12.85,19.41,3.31,0
20230713:1911,42.73,4.58,18.29,1.93,0
20230713:2011,0,0,17.5,1.93,0
20230713:2111,0,0,16.72,2.07,0
20230713:2211,0,0,16.34,2.28,0
20230713:2311,0,0,15.75,2.55,0
20230714:0011,0,0,15.55,2.62,0
20230714:0111,0,0,15.4,2.69,0
20230714:0211,0,0,15.04,2.62,0
20230714:0311,0,0,14.83,2.48,0
20230714:0411,21.02,4.37,14.54,2.41,0
20230714:0511,79.31,12.63,15.09,2.21,0
20230714:0611,123.45,21.48,16.33,2.55,0
20230714:0711,224.92,30.59,17.31,3.59,0
20230714:0811,353.76,39.55,18.36,3.93,0
20230714:0911,445.07,47.84,19.52,4.55,0
20230714:1011,404.21,54.62,20.52,4.48,0
20230714:1111,463.59,58.62,21.47,4.41,0
20230714:1211,473.03,58.65,22.21,3.93,0
20230714:1311,545.77,54.7,23.05,3.59,0
20230714:1411,521.91,47.95,23.43,3.93,0
20230714:1511,380.06,39.67,23.98,3.66,0
20230714:1611,236.22,30.71,24.55,3.24,0
20230714:1711,142.85,21.61,24.47,2,0
20230714:1811,53.66,12.75,23.58,2.41,0
20230714:1911,39.93,4.48,20.61,2.83,0
20230714:2011,0,0,20.03,3.59,0
20230714:2111,0,0,19.6,4.28,0
20230714:2211,0,0,19.53,4.28,0
20230714:2311,0,0,20.15,4.14,0
20230715:0011,0,0,20.84,4.69,0
20230715:0111,0,0,21.29,4.97,0
20230715:0211,0,0,21.26,4.69,0
20230715:0311,0,0,20.82,3.93,0
20230715:0411,19.11,4.23,20.16,3.45,0
20230715:0511,73.57,12.49,20.22,3.24,0
20230715:0611,136.51,21.35,20.92,3.31,0
20230715:0711,228.74,30.45,22.13,3.79,0
20230715:0811,350.76,39.42,22.71,4.21,0
20230715:0911,397.31,47.7,23.05,5.17,0
20230715:1011,465.75,54.47,24.02,6.62,0
20230715:1111,152.2,58.47,24.05,5.66,0
20230715:1211,454.33,58.51,24.36,5.66,0
20230715:1311,771.07,54.57,25.08,6.34,0
20230715:1411,744.9,47.83,25.75,6.62,0
20230715:1511,506.96,39.57,25.64,6.48,0
20230715:1611,75.13,30.61,24.92,5.66,0
20230715:1711,301.07,21.51,24.34,5.86,0
20230715:1811,13.66,12.64,22.62,5.66,0
20230715:1911,4.88,4.36,20.45,5.17,0
20230715:2011,0,0,19.66,4.28,0
20230715:2111,0,0,18.98,4.07,0
20230715:2211,0,0,18.46,4.21,0
20230715:2311,0,0,18.19,4.41,0
20230716:0011,0,0,18.03,4.69,0
20230716:0111,0,0,17.73,5.1,0
20230716:0211,0,0,17.6,5.66,0
20230716:0311,0,0,17.43,6.21,0
20230716:0411,19.11,4.08,17.21,6.62,0
20230716:0511,67.84,12.35,17.26,7.03,0
20230716:0611,103.17,21.21,17.68,6.62,0
20230716:0711,217.96,30.32,18.43,9.66,0
20230716:0811,353.55,39.28,18.98,8.83,0
20230716:0911,396.33,47.55,19.25,8.34,0
20230716:1011,278.16,54.31,19.99,8.62,0
20230716:1111,163.91,58.31,20.77,8.48,0
20230716:1211,156.11,58.35,21.37,8.28,0
20230716:1311,539.31,54.43,21.92,7.79,0
20230716:1411,625.42,47.71,22.19,7.1,0
20230716:1511,196.48,39.46,21.33,6.34,0
20230716:1611,272.24,30.51,20.17,5.66,0
20230716:1711,117.17,21.4,20.06,4.69,0
20230716:1811,53.66,12.53,19.67,3.93,0
20230716:1911,7.81,4.24,19.23,3.38,0
20230716:2011,0,0,18.59,3.45,0
20230716:2111,0,0,18.05,4,0
20230716:2211,0,0,17.38,3.66,0
20230716:2311,0,0,17.07,3.59,0
20230717:0011,0,0,16.58,3.72,0
20230717:0111,0,0,16.35,4,0
20230717:0211,0,0,16.13,4.21,0
20230717:0311,0,0,15.8,4.34,0
20230717:0411,15.29,3.93,15.32,4.62,0
20230717:0511,75.49,12.21,15.51,4.9,0
20230717:0611,152.05,21.07,16.2,5.79,0
20230717:0711,215.48,30.18,16.72,5.59,0
20230717:0811,352.98,39.13,17.69,5.66,0
20230717:0911,476.89,47.4,18.44,5.72,0
20230717:1011,597.49,54.15,19.31,5.79,0
20230717:1111,312.27,58.14,20.05,5.66,0
20230717:1211,89.76,58.19,20.49,5.59,0
20230717:1311,530.88,54.29,20.73,5.38,0
20230717:1411,318.51,47.59,19.51,5.38,0
20230717:1511,349.27,39.34,18.43,5.38,0
20230717:1611,531.29,30.39,18.96,5.45,0
20230717:1711,411.77,21.29,18.82,5.03,0
20230717:1811,339.17,12.42,18.5,4.41,0
20230717:1911,61.1,4.12,17.2,2.62,0
20230717:2011,0,0,16.34,2.41,0
20230717:2111,0,0,15.57,2.62,0
20230717:2211,0,0,15.15,2.83,0
20230717:2311,0,0,14.84,2.76,0
20230718:0011,0,0,14.55,2.69,0
20230718:0111,0,0,14.24,2.76,0
20230718:0211,0,0,14.15,2.97,0
20230718:0311,0,0,13.97,2.97,0
20230718:0411,13.38,3.78,13.96,2.76,0
20230718:0511,81.22,12.06,14.43,2.62,0
20230718:0611,132.35,20.93,15.6,2.9,0
20230718:0711,213.66,30.03,17.11,3.24,0
20230718:0811,346.79,38.99,18.3,3.17,0
20230718:0911,479.48,47.25,19.35,3.38,0
20230718:1011,586.18,53.99,20.15,3.45,0
20230718:1111,603.11,57.97,20.95,3.38,0
20230718:1211,692.69,58.02,21.51,3.17,0
20230718:1311,630.03,54.14,21.99,3.17,0
20230718:1411,365.43,47.45,22.1,3.03,0
20230718:1511,328.91,39.22,22.09,2.69,0
20230718:1611,267.12,30.28,21.71,2.41,0
20230718:1711,200.22,21.17,21.19,2.41,0
20230718:1811,101.77,12.29,20.46,2.41,0
20230718:1911,23.86,3.99,19.27,2.14,0
20230718:2011,0,0,18.12,1.66,0
20230718:2111,0,0,17.17,1.45,0
20230718:2211,0,0,16.31,1.72,0
20230718:2311,0,0,15.41,1.72,0
20230719:0011,0,0,14.93,1.38,0
20230719:0111,0,0,14.94,1.17,0
20230719:0211,0,0,14.55,1.38,0
20230719:0311,0,0,14.5,1.72,0
20230719:0411,3.82,3.62,14.39,1.93,0
20230719:0511,35.35,11.91,15.03,1.72,0
20230719:0611,148.13,20.78,16.46,1.72,0
20230719:0711,229.32,29.89,17.51,2.76,0
20230719:0811,346.58,38.84,18.15,2.76,0
20230719:0911,324.71,47.09,18.63,3.03,0
20230719:1011,529.57,53.82,19.12,3.52,0
20230719:1111,607.97,57.79,18.74,3.66,0
20230719:1211,531.07,57.85,18.98,3.59,0
20230719:1311,608.91,53.98,19.07,3.79,0
20230719:1411,647.69,47.32,19.51,4,0
20230719:1511,326.58,39.09,19.56,4.07,0
20230719:1611,270.53,30.15,19.15,4.07,0
20230719:1711,253.79,21.05,18.69,3.79,0
20230719:1811,90.95,12.16,18.12,3.24,0
20230719:1911,14.63,3.85,17.56,2.14,0
20230719:2011,0,0,16.75,2.07,0
20230719:2111,0,0,16.16,2.14,0
20230719:2211,0,0,15.68,2.07,0
20230719:2311,0,0,15.55,2,0
20230720:0011,0,0,15.23,1.93,0
20230720:0111,0,0,15.05,2,0
20230720:0211,0,0,14.62,2.14,0
20230720:0311,0,0,14.18,2.28,0
20230720:0411,16.24,3.46,13.78,2.14,0
20230720:0511,61.15,11.76,14.28,1.66,0
20230720:0611,92.29,20.63,15.34,1.79,0
20230720:0711,209.27,29.74,16.4,1.86,0
20230720:0811,346.94,38.68,17,2.07,0
20230720:0911,370.15,46.93,17.7,2.34,0
20230720:1011,464.4,53.64,18.46,2.48,0
20230720:1111,459.75,57.61,19.03,2.55,0
20230720:1211,647.73,57.67,19.55,2.41,0
20230720:1311,712.1,53.82,19.68,2.34,0
20230720:1411,614.54,47.17,19.82,2.41,0
20230720:1511,704.07,38.96,19.75,2.41,0
20230720:1611,460.64,30.03,19.38,2.34,0
20230720:1711,395.46,20.92,18.93,2.41,0
20230720:1811,83.13,12.03,18.23,2.14,0
20230720:1911,10.73,3.71,17.78,2.07,0
20230720:2011,0,0,16.97,1.93,0
20230720:2111,0,0,16.25,1.86,0
20230720:2211,0,0,15.65,1.59,0
20230720:2311,0,0,14.91,1.24,0
20230721:0011,0,0,14.76,0.9,0
20230721:0111,0,0,14.98,0.55,0
20230721:0211,0,0,14.5,0.41,0
20230721:0311,0,0,14.2,0.21,0
20230721:0411,2.87,3.3,13.93,0.21,0
20230721:0511,67.84,11.6,13.89,0.21,0
20230721:0611,110,20.48,14.93,0.41,0
20230721:0711,220.69,29.58,16.54,1.31,0
20230721:0811,344.51,38.53,17.61,1.38,0
20230721:0911,430.69,46.76,18.72,2.07,0
20230721:1011,542.58,53.46,19.42,2.55,0
20230721:1111,686.64,57.42,19.9,2.83,0
20230721:1211,496.5,57.49,18.09,4.14,0
20230721:1311,79.03,53.65,16.33,4.21,0
20230721:1411,261.31,47.02,16.85,4,0
20230721:1511,227.91,38.82,17.52,4.34,0
20230721:1611,407.9,29.89,17.65,4.9,0
20230721:1711,353.94,20.78,17.22,4.83,0
20230721:1811,304.3,11.89,16.88,4.41,0
20230721:1911,23.5,3.56,16.39,3.66,0
20230721:2011,0,0,15.43,3.24,0
20230721:2111,0,0,14.75,2.9,0
20230721:2211,0,0,14.25,2.76,0
20230721:2311,0,0,13.95,2.76,0
20230722:0011,0,0,13.63,2.76,0
20230722:0111,0,0,13.48,2.69,0
20230722:0211,0,0,13.32,2.62,0
20230722:0311,0,0,13.1,2.55,0
20230722:0411,1.91,3.13,12.92,2.55,0
20230722:0511,38.22,11.44,13.51,2.48,0
20230722:0611,136.15,20.32,14.84,2.83,0
20230722:0711,216.32,29.43,15.46,3.59,0
20230722:0811,285.07,38.37,16.4,3.72,0
20230722:0911,315.62,46.59,17.58,4.07,0
20230722:1011,181.47,53.28,18.32,4.76,0
20230722:1111,124.89,57.22,17.88,4.62,0
20230722:1211,104.4,57.3,17.87,4.14,0
20230722:1311,120.01,53.47,18.13,4.21,0
20230722:1411,111.23,46.86,17.96,3.79,0
20230722:1511,102.44,38.67,17.1,4.21,0
20230722:1611,104.4,29.75,17.22,3.17,0
20230722:1711,61.47,20.64,17.23,3.1,0
20230722:1811,29.27,11.74,16.93,3.24,0
20230722:1911,2.93,3.41,16.26,2.83,0
20230722:2011,0,0,15.45,2.9,0
20230722:2111,0,0,15.21,3.52,0
20230722:2211,0,0,15.03,3.86,0
20230722:2311,0,0,14.86,4.14,0
20230723:0011,0,0,14.77,4.62,0
20230723:0111,0,0,14.71,4.83,0
20230723:0211,0,0,14.71,4.62,0
20230723:0311,0,0,14.74,4.14,0
20230723:0411,1.91,2.96,14.75,3.86,0
20230723:0511,15.29,11.27,15.07,4.14,0
20230723:0611,105.27,20.16,15.52,4.55,0
20230723:0711,64.39,29.27,15.74,5.24,0
20230723:0811,242.37,38.2,15.65,5.93,0
20230723:0911,223.01,46.42,15.79,6.14,0
20230723:1011,136.59,53.09,16.39,6.48,0
20230723:1111,168.79,57.02,16.76,6.21,0
20230723:1211,381.57,57.1,17.24,6.76,0
20230723:1311,397.57,53.29,18.12,5.59,0
20230723:1411,518.23,46.7,20.01,7.66,0
20230723:1511,380.75,38.52,20.71,7.66,0
20230723:1611,153.82,29.6,21.05,6.41,0
20230723:1711,136.36,20.49,20.98,5.24,0
20230723:1811,46.83,11.59,20.79,4.76,0
20230723:1911,21.05,3.25,20.09,4.34,0
20230723:2011,0,0,19.2,4.34,0
20230723:2111,0,0,18.73,4.34,0
20230723:2211,0,0,18.28,4.48,0
20230723:2311,0,0,17.93,4.34,0
20230724:0011,0,0,17.59,4.41,0
20230724:0111,0,0,17.28,4.28,0
20230724:0211,0,0,17.2,3.86,0
20230724:0311,0,0,16.98,3.66,0
20230724:0411,1.91,2.79,16.71,3.45,0
20230724:0511,14.33,11.11,16.9,3.45,0
20230724:0611,138.04,20,17.31,3.72,0
20230724:0711,228.99,29.11,17.58,4.34,0
20230724:0811,253.56,38.04,18.49,4.21,0
20230724:0911,347.78,46.24,19.34,4.34,0
20230724:1011,308.75,52.9,20.21,4.48,0
20230724:1111,614.17,56.82,20.84,4.21,0
20230724:1211,594.57,56.9,21.44,3.66,0
20230724:1311,164.89,53.11,19.05,4.48,0
20230724:1411,323.1,46.53,18.93,4.55,0
20230724:1511,367.3,38.36,19.14,3.59,0
20230724:1611,204.78,29.45,17.63,4,0
20230724:1711,79.03,20.34,16.99,4.21,0
20230724:1811,150.58,11.43,16.67,3.93,0
20230724:1911,8.78,3.08,15.79,4,0
20230724:2011,0,0,15.34,3.17,0
20230724:2111,0,0,14.71,2.83,0
20230724:2211,0,0,13.79,2.55,0
20230724:2311,0,0,13.18,2.48,0
20230725:0011,0,0,12.72,2.48,0
20230725:0111,0,0,12.58,2.41,0
20230725:0211,0,0,12.31,2.28,0
20230725:0311,0,0,12.13,2.14,0
20230725:0411,1.91,2.61,12.21,2.07,0
20230725:0511,21.02,10.94,12.81,2,0
20230725:0611,47.81,19.83,14.23,2.34,0
20230725:0711,217,28.94,15.31,2.97,0
20230725:0811,339,37.87,16.03,3.17,0
20230725:0911,453.1,46.06,16.77,3.59,0
20230725:1011,577.96,52.7,17.23,4.21,0
20230725:1111,643.21,56.61,17.62,4.69,0
20230725:1211,491.55,56.69,17.74,5.03,0
20230725:1311,685.56,52.91,17.78,5.31,0
20230725:1411,572.08,46.35,17.69,5.31,0
20230725:1511,546.33,38.2,17.65,5.17,0
20230725:1611,548.1,29.29,17.28,4.97,0
20230725:1711,241.61,20.18,16.95,4.62,0
20230725:1811,146.22,11.27,16.41,3.79,0
20230725:1911,29.95,2.91,15.59,2.97,0
20230725:2011,0,0,14.74,2.69,0
20230725:2111,0,0,14.03,2.69,0
20230725:2211,0,0,13.78,2.83,0
20230725:2311,0,0,13.45,3.03,0
20230726:0011,0,0,13.01,3.1,0
20230726:0111,0,0,12.61,2.97,0
20230726:0211,0,0,12.47,2.83,0
20230726:0311,0,0,12.1,2.62,0
20230726:0411,1.91,2.43,12.06,2.48,0
20230726:0511,45.86,10.77,12.49,2.34,0
20230726:0611,66.35,19.67,13.22,2.28,0
20230726:0711,97.57,28.78,14.93,2.9,0
20230726:0811,327.99,37.69,15.75,3.45,0
20230726:0911,466.5,45.88,16.61,3.52,0
20230726:1011,542.7,52.5,17.43,3.86,0
20230726:1111,557.33,56.4,17.94,4.34,0
20230726:1211,462.88,56.47,18.37,4.76,0
20230726:1311,600.3,52.71,18.42,4.97,0
20230726:1411,648.31,46.17,17.86,4.97,0
20230726:1511,725.92,38.03,18.21,4.55,0
20230726:1611,623.95,29.13,18.19,4.41,0
20230726:1711,486.94,20.02,18.03,4.34,0
20230726:1811,310.81,11.1,17.51,3.24,0
20230726:1911,75.2,2.73,16.95,2.21,0
20230726:2011,0,0,15.75,2.14,0
20230726:2111,0,0,14.85,2.28,0
20230726:2211,0,0,14.17,2.41,0
20230726:2311,0,0,14.38,2.34,0
20230727:0011,0,0,14.7,2.55,0
20230727:0111,0,0,14.95,2.9,0
20230727:0211,0,0,14.57,3.17,0
20230727:0311,0,0,14.05,3.03,0
20230727:0411,0.96,2.24,14.21,3.31,0
20230727:0511,22.93,10.59,14.4,3.79,0
20230727:0611,75.13,19.5,14.63,4.14,0
20230727:0711,106.35,28.61,14.44,3.59,0
20230727:0811,135.62,37.52,14.57,3.59,0
20230727:0911,190.25,45.69,14.82,3.38,0
20230727:1011,146.35,52.3,15.66,4.14,0
20230727:1111,313.78,56.18,16.49,3.38,0
20230727:1211,274.99,56.25,17.42,2.55,0
20230727:1311,214.65,52.51,18.23,3.93,0
20230727:1411,206.84,45.98,18.91,4.69,0
20230727:1511,208.99,37.85,18.8,5.31,0
20230727:1611,105.37,28.96,18.68,5.24,0
20230727:1711,84.88,19.85,18.59,5.17,0
20230727:1811,22.44,10.93,18.33,5.03,0
20230727:1911,1.95,2.55,17.76,4.76,0
20230727:2011,0,0,17.53,4.48,0
20230727:2111,0,0,17.26,4.34,0
20230727:2211,0,0,17.25,4.07,0
20230727:2311,0,0,17.16,3.93,0
20230728:0011,0,0,17.1,3.79,0
20230728:0111,0,0,17.04,3.79,0
20230728:0211,0,0,17.1,3.66,0
20230728:0311,0,0,17.22,3.59,0
20230728:0411,0.96,2.06,17.24,3.59,0
20230728:0511,67.84,10.41,17.45,3.52,0
20230728:0611,133.27,19.32,17.88,3.86,0
20230728:0711,198.3,28.43,18.94,4.41,0
20230728:0811,239.6,37.34,19.54,4.14,0
20230728:0911,109.27,45.5,20.14,3.86,0
20230728:1011,205.87,52.09,21.12,3.59,0
20230728:1111,484.95,55.95,22.06,3.59,0
20230728:1211,659.32,56.03,22.32,3.59,0
20230728:1311,417.94,52.3,22.92,3.66,0
20230728:1411,411.83,45.79,22.64,3.52,0
20230728:1511,399.47,37.67,22.91,3.38,0
20230728:1611,583.12,28.78,21.25,3.24,0
20230728:1711,220.62,19.67,21.28,2.9,0
20230728:1811,124.78,10.75,20.74,1.86,0
20230728:1911,1.95,2.36,20.09,1.38,0
20230728:2011,0,0,18.98,1.93,0
20230728:2111,0,0,18.3,2.14,0
20230728:2211,0,0,17.55,2.21,0
20230728:2311,0,0,17.18,2.34,0
20230729:0011,0,0,17.15,2.48,0
20230729:0111,0,0,17.01,2.76,0
20230729:0211,0,0,16.82,2.83,0
20230729:0311,0,0,16.49,2.76,0
20230729:0411,0.96,1.87,16.24,2.97,0
20230729:0511,44.91,10.23,16.19,3.31,0
20230729:0611,108.39,19.15,16.54,3.31,0
20230729:0711,195.84,28.26,17.46,5.17,0
20230729:0811,324.02,37.16,18.91,4.97,0
20230729:0911,407.48,45.3,19.15,5.66,0
20230729:1011,457,51.88,20.13,6,0
20230729:1111,504.58,55.72,21.07,5.59,0
20230729:1211,508.61,55.8,21.99,4.69,0
20230729:1311,728.45,52.08,19.43,5.31,0
20230729:1411,343.93,45.59,19.36,4.34,0
20230729:1511,403.88,37.48,20.09,4.07,0
20230729:1611,452.82,28.6,20.51,3.66,0
20230729:1711,285.56,19.49,20.28,3.38,0
20230729:1811,67.23,10.56,18.79,3.45,0
20230729:1911,7.81,2.17,18.28,3.17,0
20230729:2011,0,0,17.6,2.76,0
20230729:2111,0,0,16.95,2.9,0
20230729:2211,0,0,16.44,3.03,0
20230729:2311,0,0,16.03,3.31,0
20230730:0011,0,0,15.72,3.59,0
20230730:0111,0,0,15.41,3.79,0
20230730:0211,0,0,15.2,3.93,0
20230730:0311,0,0,15.15,4,0
20230730:0411,0.96,1.67,15.3,4.14,0
20230730:0511,21.02,10.05,15.49,4.28,0
20230730:0611,122.72,18.97,16.03,4.14,0
20230730:0711,155.68,28.08,16.63,5.45,0
20230730:0811,162.94,36.97,17.17,5.66,0
20230730:0911,234.25,45.11,17.8,6.07,0
20230730:1011,273.21,51.66,18.54,6.14,0
20230730:1111,667.65,55.49,19.02,6,0
20230730:1211,583.5,55.56,19.14,5.79,0
20230730:1311,382.51,51.86,19.43,5.86,0
20230730:1411,318.28,45.38,19.5,6,0
20230730:1511,477.05,37.29,18.65,5.72,0
20230730:1611,212.77,28.41,19.02,5.66,0
20230730:1711,148.49,19.3,18.7,4.41,0
20230730:1811,37.08,10.37,18.43,4.07,0
20230730:1911,2.93,1.97,17.39,4.69,0
20230730:2011,0,0,16.52,4.48,0
20230730:2111,0,0,16.23,4.34,0
20230730:2211,0,0,15.85,4.21,0
20230730:2311,0,0,15.67,4.07,0
20230731:0011,0,0,16,4.34,0
20230731:0111,0,0,16.15,4.9,0
20230731:0211,0,0,16.25,5.79,0
20230731:0311,0,0,16.15,6.55,0
20230731:0411,0.96,1.48,15.77,6.48,0
20230731:0511,9.56,9.86,15.72,6,0
20230731:0611,122.89,18.79,15.81,5.79,0
20230731:0711,198.64,27.9,15.83,5.66,0
20230731:0811,191.02,36.79,15.82,6.21,0
20230731:0911,204.89,44.91,16.35,5.52,0
20230731:1011,222.45,51.44,17.01,5.79,0
20230731:1111,189.28,55.25,18.37,6,0
20230731:1211,288.49,55.32,19.2,5.86,0
20230731:1311,202.94,51.63,19.37,7.03,0
20230731:1411,165.86,45.17,19.37,6.28,0
20230731:1511,78.05,37.09,19.22,5.72,0
20230731:1611,56.59,28.22,18.51,5.52,0
20230731:1711,41.95,19.11,17.82,4.48,0
20230731:1811,10.73,10.17,17.32,4.69,0
20230731:1911,0.98,1.76,17.04,6.48,0
20230731:2011,0,0,17.17,5.38,0
20230731:2111,0,0,16.96,4.9,0
20230731:2211,0,0,16.42,4.55,0
20230731:2311,0,0,16.15,4.28,0
20230801:0011,0,0,15.89,4,0
20230801:0111,0,0,15.64,3.72,0
20230801:0211,0,0,15.4,3.66,0
20230801:0311,0,0,15.34,3.93,0
20230801:0411,0,0,15.3,4.48,0
20230801:0511,9.56,9.67,14.83,4.28,0
20230801:0611,119.48,18.6,15.22,4.34,0
20230801:0711,188.52,27.71,15.61,5.17,0
20230801:0811,317.07,36.6,16.27,5.17,0
20230801:0911,114.15,44.7,17.42,5.03,0
20230801:1011,352.98,51.21,16.88,6.34,0
20230801:1111,389.86,55.01,17.59,5.93,0
20230801:1211,488.3,55.07,17.76,5.52,0
20230801:1311,766.02,51.39,18.72,5.79,0
20230801:1411,511.37,44.95,19.22,5.93,0
20230801:1511,423.85,36.88,18.45,6.48,0
20230801:1611,333.23,28.02,17.6,5.66,0
20230801:1711,137.45,18.91,17.41,5.86,0
20230801:1811,230.47,9.97,17.1,5.03,0
20230801:1911,2.93,1.55,16.6,4.76,0
20230801:2011,0,0,16.2,4.55,0
20230801:2111,0,0,15.82,3.79,0
20230801:2211,0,0,15.52,3.45,0
20230801:2311,0,0,15.23,3.52,0
20230802:0011,0,0,15.06,3.17,0
20230802:0111,0,0,14.71,2.97,0
20230802:0211,0,0,14.6,2.97,0
20230802:0311,0,0,14.68,3.1,0
20230802:0411,0,0,14.32,3.17,0
20230802:0511,11.47,9.48,14.69,3.38,0
20230802:0611,38.05,18.42,15.58,3.52,0
20230802:0711,45.86,27.53,15.41,4.21,0
20230802:0811,109.27,36.4,15.6,4.55,0
20230802:0911,183.42,44.49,15.67,5.17,0
20230802:1011,191.23,50.98,15.74,5.66,0
20230802:1111,607.22,54.76,16.9,6.34,0
20230802:1211,497.02,54.82,19.02,5.03,0
20230802:1311,649.47,51.15,20.39,5.66,0
20230802:1411,90.74,44.73,19.88,4.97,0
20230802:1511,197.88,36.67,19.29,5.66,0
20230802:1611,211.75,27.81,18.99,5.1,0
20230802:1711,131.41,18.71,18.52,4.62,0
20230802:1811,212.69,9.76,18.09,4.41,0
20230802:1911,1.95,1.33,16.62,3.86,0
20230802:2011,0,0,16.17,3.72,0
20230802:2111,0,0,16.22,4.76,0
20230802:2211,0,0,16.12,5.72,0
20230802:2311,0,0,15.98,6,0
20230803:0011,0,0,15.68,5.52,0
20230803:0111,0,0,15.43,5.24,0
20230803:0211,0,0,15.2,5.1,0
20230803:0311,0,0,15.79,5.72,0
20230803:0411,0,0,15.79,6.21,0
20230803:0511,59.24,9.29,15.95,5.52,0
20230803:0611,122.66,18.23,16.25,4.69,0
20230803:0711,208.2,27.34,17.08,4.41,0
20230803:0811,299.65,36.21,17.32,3.93,0
20230803:0911,412.79,44.28,18.4,4,0
20230803:1011,404.36,50.75,19.76,4.55,0
20230803:1111,500.45,54.51,19.36,4.83,0
20230803:1211,378.27,54.56,19.32,4.76,0
20230803:1311,98.54,50.91,19.69,5.17,0
20230803:1411,172.69,44.5,18.74,5.66,0
20230803:1511,283.06,36.46,18.5,5.52,0
20230803:1611,253.13,27.6,17.4,5.03,0
20230803:1711,171.25,18.5,17.27,5.24,0
20230803:1811,104.14,9.54,16.9,4.55,0
20230803:1911,0,0,16.33,3.79,0
20230803:2011,0,0,15.9,3.1,0
20230803:2111,0,0,15.39,2.76,0
20230803:2211,0,0,14.85,2.62,0
20230803:2311,0,0,14.31,2.62,0
20230804:0011,0,0,14.14,2.55,0
20230804:0111,0,0,14.06,2.55,0
20230804:0211,0,0,14.01,2.48,0
20230804:0311,0,0,13.75,2.34,0
20230804:0411,0,0,13.78,2.14,0
20230804:0511,10.51,9.09,14.28,2.07,0
20230804:0611,105.45,18.04,15.04,1.93,0
20230804:0711,210.37,27.15,16.4,2.41,0
20230804:0811,156.11,36.01,17.04,2.55,0
20230804:0911,313.4,44.07,17.92,2.9,0
20230804:1011,386.1,50.52,18.66,3.24,0
20230804:1111,562.36,54.25,19.11,3.52,0
20230804:1211,466.21,54.3,18.93,3.93,0
20230804:1311,654.7,50.65,18.47,4.28,0
20230804:1411,192.21,44.26,18.89,4.07,0
20230804:1511,543.42,36.24,18.2,4.21,0
20230804:1611,80.98,27.39,18.16,4.34,0
20230804:1711,133.88,18.28,17.87,4.07,0
20230804:1811,229.95,9.32,17.37,3.38,0
20230804:1911,0,0,16.8,2.34,0
20230804:2011,0,0,15.67,2.07,0
20230804:2111,0,0,14.85,2,0
20230804:2211,0,0,13.88,1.66,0
20230804:2311,0,0,13.65,1.1,0
20230805:0011,0,0,14.32,0.69,0
20230805:0111,0,0,13.9,0.76,0
20230805:0211,0,0,12.47,1.1,0
20230805:0311,0,0,11.45,1.45,0
20230805:0411,0,0,10.76,1.66,0
20230805:0511,8.6,8.89,11.77,1.59,0
20230805:0611,86.95,17.85,13.61,1.86,0
20230805:0711,208.71,26.96,15.56,2.9,0
20230805:0811,303.62,35.81,16.46,3.72,0
20230805:0911,393.57,43.85,17.56,3.79,0
20230805:1011,524.34,50.28,18.43,4,0
20230805:1111,530.47,53.99,19.1,4.21,0
20230805:1211,279.78,54.03,19.64,4.41,0
20230805:1311,103.42,50.4,19.34,4.21,0
20230805:1411,80,44.02,17.84,3.93,0
20230805:1511,73.17,36.01,15.79,3.31,0
20230805:1611,75.13,27.17,15.22,1.38,0
20230805:1711,22.44,18.06,15.36,2.14,0
20230805:1811,55.94,9.1,15.34,2.9,0
20230805:1911,0,0,14.63,2.69,0
20230805:2011,0,0,14.33,3.24,0
20230805:2111,0,0,14.16,3.38,0
20230805:2211,0,0,14.22,3.31,0
20230805:2311,0,0,13.9,3.24,0
20230806:0011,0,0,13.85,3.03,0
20230806:0111,0,0,13.75,2.48,0
20230806:0211,0,0,13.67,2.21,0
20230806:0311,0,0,13.67,1.93,0
20230806:0411,0,0,13.64,1.52,0
20230806:0511,43.95,8.69,13.4,1.45,0
20230806:0611,40.13,17.65,14.07,1.59,0
20230806:0711,150.64,26.76,14.58,1.45,0
20230806:0811,144.4,35.6,15.41,1.59,0
20230806:0911,239.6,43.63,16.5,2.21,0
20230806:1011,346.22,50.03,16.9,2.83,0
20230806:1111,217.57,53.72,18.03,3.31,0
20230806:1211,371.47,53.76,18.52,3.59,0
20230806:1311,172.69,50.14,17.49,3.86,0
20230806:1411,65.37,43.78,16.4,4.83,0
20230806:1511,146.35,35.77,15.91,4.69,0
20230806:1611,114.15,26.94,15.84,4.62,0
20230806:1711,87.06,17.84,15.9,4.41,0
20230806:1811,115.08,8.87,15.63,4.21,0
20230806:1911,0,0,14.83,3.79,0
20230806:2011,0,0,14.44,3.86,0
20230806:2111,0,0,14.36,3.93,0
20230806:2211,0,0,14.37,3.86,0
20230806:2311,0,0,14.32,3.86,0
20230807:0011,0,0,14.26,3.66,0
20230807:0111,0,0,14.18,3.38,0
20230807:0211,0,0,14.06,3.52,0
20230807:0311,0,0,13.97,3.93,0
20230807:0411,0,0,13.66,4.55,0
20230807:0511,53.51,8.49,13.79,4.69,0
20230807:0611,85.04,17.46,14.13,4.9,0
20230807:0711,170.66,26.56,14.73,5.17,0
20230807:0811,292.78,35.4,14.6,5.86,0
20230807:0911,418.67,43.41,15.73,6.62,0
20230807:1011,157.08,49.78,16.21,7.1,0
20230807:1111,505.19,53.45,16.31,7.03,0
20230807:1211,424.72,53.48,16.52,7.03,0
20230807:1311,526.77,49.87,16.57,7.45,0
20230807:1411,207.82,43.53,16.78,7.86,0
20230807:1511,339.04,35.54,16.7,7.38,0
20230807:1611,558.24,26.71,16.54,6.83,0
20230807:1711,442.51,17.6,16.28,5.79,0
20230807:1811,243.12,8.63,15.85,4.76,0
20230807:1911,0,0,14.9,4.14,0
20230807:2011,0,0,14.35,4.07,0
20230807:2111,0,0,14.02,4.21,0
20230807:2211,0,0,13.86,4.28,0
20230807:2311,0,0,13.86,4.28,0
20230808:0011,0,0,13.81,4.55,0
20230808:0111,0,0,13.73,4.41,0
20230808:0211,0,0,13.59,4.14,0
20230808:0311,0,0,13.57,3.93,0
20230808:0411,0,0,13.47,3.93,0
20230808:0511,47.78,8.29,13.7,4.14,0
20230808:0611,88.86,17.26,14.47,4.21,0
20230808:0711,155.76,26.36,15.32,4.69,0
20230808:0811,291.72,35.19,16.16,5.93,0
20230808:0911,332.74,43.18,16.8,6.41,0
20230808:1011,396.61,49.53,17.29,6.76,0
20230808:1111,536.65,53.18,17.58,6.83,0
20230808:1211,647.36,53.2,16.16,7.24,0
20230808:1311,656.07,49.6,17.01,6.55,0
20230808:1411,528.64,43.27,16.9,6.9,0
20230808:1511,521.53,35.29,17.01,6.69,0
20230808:1611,363.62,26.47,16.48,6.34,0
20230808:1711,111.51,17.37,16.12,5.66,0
20230808:1811,13.66,8.39,15.4,4.55,0
20230808:1911,0,0,14.62,3.52,0
20230808:2011,0,0,14.38,2.97,0
20230808:2111,0,0,14.3,2.62,0
20230808:2211,0,0,14.17,2.41,0
20230808:2311,0,0,13.98,2.21,0
20230809:0011,0,0,13.85,2.14,0
20230809:0111,0,0,13.74,2.14,0
20230809:0211,0,0,13.08,2.41,0
20230809:0311,0,0,12.77,2.41,0
20230809:0411,0,0,12.36,2.41,0
20230809:0511,43,8.08,12.27,2.41,0
20230809:0611,113.71,17.06,13.65,2.21,0
20230809:0711,198.12,26.16,15.08,2.55,0
20230809:0811,284.81,34.98,16.54,3.03,0
20230809:0911,422.19,42.95,17.68,3.45,0
20230809:1011,495.09,49.28,17.98,3.52,0
20230809:1111,525.66,52.9,18.68,3.93,0
20230809:1211,708.67,52.91,19.06,3.93,0
20230809:1311,691.5,49.32,19.17,4,0
20230809:1411,796.93,43.01,19.01,4.41,0
20230809:1511,676.8,35.04,18.72,4.83,0
20230809:1611,566.31,26.23,18.31,4.55,0
20230809:1711,358.29,17.13,17.64,4.07,0
20230809:1811,195.38,8.15,16.7,3.52,0
20230809:1911,0,0,15.75,2.76,0
20230809:2011,0,0,14.64,2.21,0
20230809:2111,0,0,13.94,2,0
20230809:2211,0,0,13.45,1.93,0
20230809:2311,0,0,13.17,1.79,0
20230810:0011,0,0,12.61,1.86,0
20230810:0111,0,0,12.14,1.93,0
20230810:0211,0,0,12.44,1.79,0
20230810:0311,0,0,12.73,1.66,0
20230810:0411,0,0,13.01,1.52,0
20230810:0511,44.91,7.87,13.09,1.45,0
20230810:0611,116.57,16.86,14.02,1.45,0
20230810:0711,196.65,25.96,16.03,1.72,0
20230810:0811,281.39,34.77,17.08,1.79,0
20230810:0911,335.68,42.72,18.09,1.72,0
20230810:1011,393.95,49.02,18.91,1.72,0
20230810:1111,460.55,52.62,19.46,1.79,0
20230810:1211,640.45,52.62,20.15,2.28,0
20230810:1311,593.53,49.04,20.98,2.62,0
20230810:1411,386.75,42.74,21.33,2.62,0
20230810:1511,351.4,34.79,21.72,2.69,0
20230810:1611,336.32,25.98,21.88,2.34,0
20230810:1711,279.43,16.88,21.69,1.59,0
20230810:1811,216.56,7.9,21.1,0.69,0
20230810:1911,0,0,19.75,1.17,0
20230810:2011,0,0,18.2,1.52,0
20230810:2111,0,0,16.98,1.79,0
20230810:2211,0,0,16.28,2.07,0
20230810:2311,0,0,15.97,2.34,0
20230811:0011,0,0,15.73,2.55,0
20230811:0111,0,0,15.62,2.62,0
20230811:0211,0,0,15.55,2.69,0
20230811:0311,0,0,15.41,2.69,0
20230811:0411,0,0,15.23,2.62,0
20230811:0511,45.86,7.66,15.29,2.62,0
20230811:0611,83.13,16.65,16.6,2.55,0
20230811:0711,144.44,25.75,18.55,2.83,0
20230811:0811,271.91,34.55,20.39,2.97,0
20230811:0911,410.43,42.49,22.1,3.03,0
20230811:1011,509.62,48.76,23.59,3.24,0
20230811:1111,585.93,52.33,24.71,3.31,0
20230811:1211,711.44,52.33,25.62,3.38,0
20230811:1311,369.01,48.75,26.1,3.72,0
20230811:1411,519.01,42.47,26.07,4.07,0
20230811:1511,409.77,34.53,25.02,3.72,0
20230811:1611,82.93,25.73,24.45,3.1,0
20230811:1711,85.21,16.63,23.52,2.41,0
20230811:1811,54.24,7.64,22.53,2.07,0
20230811:1911,0,0,21.46,1.86,0
20230811:2011,0,0,20.64,1.38,0
20230811:2111,0,0,20.01,1.38,0
20230811:2211,0,0,19.44,1.52,0
20230811:2311,0,0,19.26,1.93,0
20230812:0011,0,0,19.1,2.28,0
20230812:0111,0,0,18.96,2.34,0
20230812:0211,0,0,18.73,2.28,0
20230812:0311,0,0,18.57,2.21,0
20230812:0411,0,0,18.23,2.14,0
20230812:0511,6.69,7.45,17.97,2.07,0
20230812:0611,28.67,16.45,18.65,1.79,0
20230812:0711,57.56,25.55,19.27,2.14,0
20230812:0811,55.61,34.33,19.52,2.07,0
20230812:0911,133.67,42.25,19.26,2.62,0
20230812:1011,156.11,48.5,19.06,2.55,0
20230812:1111,276.45,52.04,19.32,3.93,0
20230812:1211,707.76,52.03,20.22,4.48,0
20230812:1311,743.8,48.46,21.68,5.03,0
20230812:1411,726.33,42.19,22.08,5.38,0
20230812:1511,596.4,34.27,21.85,5.45,0
20230812:1611,558.4,25.47,21.29,4.97,0
20230812:1711,397.59,16.37,20.6,4,0
20230812:1811,198.75,7.38,19.81,3.03,0
20230812:1911,0,0,19.36,2.97,0
20230812:2011,0,0,18.24,2.76,0
20230812:2111,0,0,17.56,2.83,0
20230812:2211,0,0,17.03,3.1,0
20230812:2311,0,0,16.75,3.31,0
20230813:0011,0,0,16.53,3.45,0
20230813:0111,0,0,16.2,3.52,0
20230813:0211,0,0,16.16,3.59,0
20230813:0311,0,0,15.98,3.59,0
20230813:0411,0,0,15.82,3.59,0
20230813:0511,43,7.24,15.77,3.66,0
20230813:0611,92.68,16.24,16.47,3.45,0
20230813:0711,160.78,25.34,17.53,4.48,0
20230813:0811,267.3,34.11,18.66,5.59,0
20230813:0911,401.78,42.01,19.66,5.38,0
20230813:1011,399.18,48.23,20.42,5.31,0
20230813:1111,240.99,51.75,20.93,5.03,0
20230813:1211,465.39,51.72,21.04,5.03,0
20230813:1311,191.23,48.16,21.1,4.76,0
20230813:1411,203.15,41.91,20.79,3.86,0
20230813:1511,160.98,34,21.18,3.31,0
20230813:1611,131.48,25.21,21.1,2.83,0
20230813:1711,191.53,16.11,20.56,2.48,0
20230813:1811,156.91,7.12,19.85,1.86,0
20230813:1911,0,0,19.12,1.52,0
20230813:2011,0,0,18.16,1.59,0
20230813:2111,0,0,17.06,2,0
20230813:2211,0,0,16.41,2.14,0
20230813:2311,0,0,15.76,2.28,0
20230814:0011,0,0,15.29,2.28,0
20230814:0111,0,0,14.88,2.28,0
20230814:0211,0,0,14.49,2.21,0
20230814:0311,0,0,14.12,2.21,0
20230814:0411,0,0,13.96,2.28,0
20230814:0511,18.15,7.03,14.23,2.28,0
20230814:0611,88.86,16.03,15.52,1.93,0
20230814:0711,174.07,25.13,17.7,2.07,0
20230814:0811,281.9,33.89,19.48,2.28,0
20230814:0911,403.4,41.77,20.86,2.34,0
20230814:1011,512.18,47.96,22.22,2.69,0
20230814:1111,614.48,51.45,23.09,3.24,0
20230814:1211,679.66,51.42,23.57,3.66,0
20230814:1311,670.71,47.86,23.82,3.59,0
20230814:1411,748.9,41.62,24,3.17,0
20230814:1511,692.58,33.72,24.09,2.76,0
20230814:1611,589.57,24.95,24.06,2.41,0
20230814:1711,399.18,15.85,23.71,1.79,0
20230814:1811,202.11,6.85,22.87,1.52,0
20230814:1911,0,0,21.84,1.38,0
20230814:2011,0,0,20.4,1.31,0
20230814:2111,0,0,18.6,1.86,0
20230814:2211,0,0,17.69,2.21,0
20230814:2311,0,0,17.63,2.21,0
20230815:0011,0,0,17.98,2.07,0
20230815:0111,0,0,17.94,2.21,0
20230815:0211,0,0,17.95,2.34,0
20230815:0311,0,0,17.81,2.41,0
20230815:0411,0,0,17.8,2.69,0
20230815:0511,41.09,6.81,17.5,2.34,0
20230815:0611,77.4,15.82,17.92,2.28,0
20230815:0711,141.14,24.91,18.89,3.59,0
20230815:0811,278.07,33.67,19.82,4.28,0
20230815:0911,377.53,41.52,20.83,4.9,0
20230815:1011,267.53,47.69,21.69,4.9,0
20230815:1111,204.89,51.15,22.25,4.83,0
20230815:1211,389.38,51.1,22.23,4.55,0
20230815:1311,334.01,47.55,21.94,4.14,0
20230815:1411,529.62,41.33,21.97,3.86,0
20230815:1511,495.92,33.44,21.64,3.52,0
20230815:1611,555.68,24.67,20.96,2.97,0
20230815:1711,379.68,15.58,20.49,2.76,0
20230815:1811,167.94,6.57,19.74,2.14,0
20230815:1911,0,0,18.52,1.86,0
20230815:2011,0,0,17.4,1.52,0
20230815:2111,0,0,16.15,1.24,0
20230815:2211,0,0,15.88,1.1,0
20230815:2311,0,0,16.22,0.83,0
20230816:0011,0,0,15.42,1.03,0
20230816:0111,0,0,14.68,1.17,0
20230816:0211,0,0,14,1.45,0
20230816:0311,0,0,13.17,1.17,0
20230816:0411,0,0,13.14,1.17,0
20230816:0511,40.13,6.59,13.3,1.24,0
20230816:0611,108.93,15.61,14.7,1.24,0
20230816:0711,126.48,24.7,16.08,1.72,0
20230816:0811,258.79,33.44,17.77,2.07,0
20230816:0911,397.12,41.27,19.13,2.62,0
20230816:1011,532.77,47.41,20.26,2.83,0
20230816:1111,581.81,50.85,21.2,2.9,0
20230816:1211,710.99,50.79,21.79,2.9,0
20230816:1311,744.2,47.24,22.36,3.1,0
20230816:1411,633.36,41.03,22.68,3.24,0
20230816:1511,414.73,33.16,22.61,3.38,0
20230816:1611,316.96,24.4,22.34,3.59,0
20230816:1711,120.76,15.3,21.65,3.24,0
20230816:1811,67.11,6.3,20.58,3.52,0
20230816:1911,0,0,19.48,3.66,0
20230816:2011,0,0,18.5,4,0
20230816:2111,0,0,17.72,4.14,0
20230816:2211,0,0,17.19,4,0
20230816:2311,0,0,16.77,3.79,0
20230817:0011,0,0,16.28,3.79,0
20230817:0111,0,0,15.79,3.79,0
20230817:0211,0,0,15.52,3.72,0
20230817:0311,0,0,15.43,3.79,0
20230817:0411,0,0,15.29,3.79,0
20230817:0511,38.22,6.37,15.39,3.86,0
20230817:0611,107.02,15.39,15.84,3.52,0
20230817:0711,178.66,24.48,16.01,3.93,0
20230817:0811,271.48,33.21,16.76,4.14,0
20230817:0911,271.31,41.02,17.24,4.55,0
20230817:1011,141.47,47.13,18.09,5.38,0
20230817:1111,246.63,50.54,18.93,5.17,0
20230817:1211,222.45,50.47,19.6,4.97,0
20230817:1311,156.11,46.93,20.44,4.48,0
20230817:1411,189.28,40.73,20.75,3.79,0
20230817:1511,163.37,32.87,21.16,3.86,0
20230817:1611,121.75,24.12,21.1,3.79,0
20230817:1711,75.59,15.02,20.56,3.52,0
20230817:1811,33.13,6.01,20.03,3.38,0
20230817:1911,0,0,18.62,3.79,0
20230817:2011,0,0,18.02,3.45,0
20230817:2111,0,0,17.52,2.97,0
20230817:2211,0,0,17.19,2.69,0
20230817:2311,0,0,17.09,2.48,0
20230818:0011,0,0,17.11,2.41,0
20230818:0111,0,0,17.07,2.55,0
20230818:0211,0,0,16.93,2.55,0
20230818:0311,0,0,16.91,2.34,0
20230818:0411,0,0,16.84,2.21,0
20230818:0511,16.24,6.15,16.68,2.28,0
20230818:0611,90.77,15.18,17.05,2.34,0
20230818:0711,177.04,24.26,17.37,2.69,0
20230818:0811,232.06,32.98,18.63,3.1,0
20230818:0911,317.32,40.77,19.73,3.17,0
20230818:1011,485.95,46.85,21.04,3.24,0
20230818:1111,620.64,50.23,22.2,3.17,0
20230818:1211,684.98,50.14,23.45,2.62,0
20230818:1311,740.33,46.61,24.16,2,0
20230818:1411,735.08,40.43,24.53,1.79,0
20230818:1511,620.34,32.58,24.81,2.21,0
20230818:1611,294.82,23.83,24.96,2.62,0
20230818:1711,104.8,14.74,24.79,2.28,0
20230818:1811,10.73,5.72,23.96,2.07,0
20230818:1911,0,0,23.04,2.48,0
20230818:2011,0,0,22.27,2.41,0
20230818:2111,0,0,21.47,2.41,0
20230818:2211,0,0,20.94,2.48,0
20230818:2311,0,0,20.59,2.48,0
20230819:0011,0,0,20.44,2.62,0
20230819:0111,0,0,20.43,2.69,0
20230819:0211,0,0,20.44,2.76,0
20230819:0311,0,0,20.49,2.83,0
20230819:0411,0,0,20.45,2.76,0
20230819:0511,4.78,5.93,20.56,2.48,0
20230819:0611,42.04,14.96,21.04,2.62,0
20230819:0711,145.36,24.04,22.76,3.17,0
20230819:0811,257.34,32.75,24.07,3.17,0
20230819:0911,176.6,40.51,26.06,4,0
20230819:1011,248.7,46.56,26.84,4.21,0
20230819:1111,465.14,49.91,26.66,4.55,0
20230819:1211,322.48,49.81,25.87,5.1,0
20230819:1311,193.18,46.28,25.64,4.76,0
20230819:1411,70.25,40.12,25.27,4.76,0
20230819:1511,194.5,32.28,24.38,4.83,0
20230819:1611,546.88,23.54,23.29,4.07,0
20230819:1711,356.22,14.45,22.44,3.17,0
20230819:1811,100.45,5.43,21.54,2.34,0
20230819:1911,0,0,20.49,1.79,0
20230819:2011,0,0,19.03,1.72,0
20230819:2111,0,0,17.99,1.93,0
20230819:2211,0,0,17.32,1.93,0
20230819:2311,0,0,16.73,1.86,0
20230820:0011,0,0,16.18,1.86,0
20230820:0111,0,0,15.8,2.07,0
20230820:0211,0,0,15.73,2.14,0
20230820:0311,0,0,15.91,2.21,0
20230820:0411,0,0,16.08,2.28,0
20230820:0511,32.49,5.7,16,2.34,0
20230820:0611,73.57,14.74,16.84,2.07,0
20230820:0711,111.69,23.82,18.67,2.41,0
20230820:0811,243.93,32.51,19.84,2.55,0
20230820:0911,383,40.26,21.2,2.76,0
20230820:1011,523.51,46.27,22.36,2.9,0
20230820:1111,616.42,49.6,23.29,2.9,0
20230820:1211,631.46,49.48,23.84,2.97,0
20230820:1311,569.04,45.96,24.21,3.38,0
20230820:1411,724.11,39.8,24.31,3.59,0
20230820:1511,656.6,31.98,23.83,3.24,0
20230820:1611,551.96,23.25,23.19,2.69,0
20230820:1711,365.48,14.16,22.62,2.21,0
20230820:1811,44.23,5.14,21.68,1.93,0
20230820:1911,0,0,20.43,1.72,0
20230820:2011,0,0,19.21,1.52,0
20230820:2111,0,0,18.05,1.24,0
20230820:2211,0,0,18.5,0.76,0
20230820:2311,0,0,18.29,0.21,0
20230821:0011,0,0,17.92,0.41,0
20230821:0111,0,0,17.49,0.76,0
20230821:0211,0,0,17.09,0.83,0
20230821:0311,0,0,17.11,0.76,0
20230821:0411,0,0,16.99,0.48,0
20230821:0511,28.67,5.48,16.72,0.28,0
20230821:0611,97.46,14.52,16.92,0.41,0
20230821:0711,121.96,23.6,18.64,0.28,0
20230821:0811,263.6,32.28,19.86,0.41,0
20230821:0911,377.34,40,20.89,0.76,0
20230821:1011,504.93,45.98,22.12,1.17,0
20230821:1111,612.51,49.28,23.08,1.59,0
20230821:1211,681.97,49.15,23.88,2,0
20230821:1311,724.79,45.63,24.22,2.62,0
20230821:1411,697.61,39.49,24.21,2.76,0
20230821:1511,655.97,31.67,24.07,2.48,0
20230821:1611,546.64,22.95,23.73,2.28,0
20230821:1711,350.92,13.86,23.01,2,0
20230821:1811,92.14,4.84,21.8,1.86,0
20230821:1911,0,0,20.19,1.79,0
20230821:2011,0,0,18.57,1.59,0
20230821:2111,0,0,17.92,1.03,0
20230821:2211,0,0,18.15,0.48,0
20230821:2311,0,0,17.55,0.07,0
20230822:0011,0,0,17.05,0.34,0
20230822:0111,0,0,16.84,0.62,0
20230822:0211,0,0,15.56,0.97,0
20230822:0311,0,0,14.24,1.45,0
20230822:0411,0,0,13.95,1.59,0
20230822:0511,25.8,5.25,13.97,1.66,0
20230822:0611,91.73,14.3,15.48,1.24,0
20230822:0711,106.96,23.37,18.57,1.93,0
20230822:0811,260.58,32.04,19.94,2.83,0
20230822:0911,368.4,39.73,20.81,3.1,0
20230822:1011,403.65,45.69,21.54,3.24,0
20230822:1111,457.48,48.95,22.27,3.31,0
20230822:1211,604.87,48.81,23,3.52,0
20230822:1311,715.87,45.29,23.63,3.93,0
20230822:1411,688.4,39.16,23.78,4.21,0
20230822:1511,596.71,31.36,23.61,4.21,0
20230822:1611,439.47,22.65,22.94,4,0
20230822:1711,308.6,13.56,21.83,3.38,0
20230822:1811,62.53,4.53,20.54,2.9,0
20230822:1911,0,0,19.34,2.41,0
20230822:2011,0,0,18.09,2.14,0
20230822:2111,0,0,17.11,1.79,0
20230822:2211,0,0,15.98,1.66,0
20230822:2311,0,0,15.27,1.59,0
20230823:0011,0,0,14.54,1.79,0
20230823:0111,0,0,14.15,1.93,0
20230823:0211,0,0,13.92,1.93,0
20230823:0311,0,0,13.79,2,0
20230823:0411,0,0,13.87,2.07,0
20230823:0511,28.67,5.02,13.96,2.14,0
20230823:0611,87.91,14.08,15.37,1.86,0
20230823:0711,121.21,23.14,17.31,2.34,0
20230823:0811,231.1,31.8,19.1,2.76,0
20230823:0911,365.01,39.47,20.53,2.9,0
20230823:1011,495.77,45.39,21.93,3.17,0
20230823:1111,588.77,48.62,22.99,3.38,0
20230823:1211,646.19,48.47,23.55,3.38,0
20230823:1311,688.78,44.95,23.85,3.38,0
20230823:1411,666.56,38.84,23.93,3.52,0
20230823:1511,592.29,31.05,23.68,3.31,0
20230823:1611,506.09,22.34,23.24,2.9,0
20230823:1711,321.66,13.26,22.31,2.55,0
20230823:1811,68.59,4.22,21.08,2.41,0
20230823:1911,0,0,19.59,2.41,0
20230823:2011,0,0,18.5,2.07,0
20230823:2111,0,0,17.58,1.86,0
20230823:2211,0,0,16.62,1.79,0
20230823:2311,0,0,15.74,1.72,0
20230824:0011,0,0,15.03,1.79,0
20230824:0111,0,0,14.53,1.72,0
20230824:0211,0,0,14.5,1.72,0
20230824:0311,0,0,14.79,1.93,0
20230824:0411,0,0,15.08,2.07,0
20230824:0511,26.75,4.8,15.4,2.28,0
20230824:0611,77.4,13.85,16.24,1.59,0
20230824:0711,103.63,22.92,18.22,2.48,0
20230824:0811,229.85,31.55,20.23,2.76,0
20230824:0911,338.31,39.2,21.9,3.24,0
20230824:1011,199.04,45.09,23.46,3.24,0
20230824:1111,159.03,48.29,24.14,2.76,0
20230824:1211,325.07,48.12,23.93,2,0
20230824:1311,201.96,44.61,24.08,2.34,0
20230824:1411,161.96,38.51,25.09,3.24,0
20230824:1511,143.42,30.73,24.54,3.45,0
20230824:1611,91.71,22.03,23.59,3.72,0
20230824:1711,40,12.95,22.74,3.66,0
20230824:1811,16.59,3.91,21.88,2.76,0
20230824:1911,0,0,21.23,2.21,0
20230824:2011,0,0,20.53,2.28,0
20230824:2111,0,0,20.06,2.34,0
20230824:2211,0,0,19.97,2.48,0
20230824:2311,0,0,19.97,2.34,0
20230825:0011,0,0,19.68,2.41,0
20230825:0111,0,0,19.59,2.34,0
20230825:0211,0,0,19.46,2.14,0
20230825:0311,0,0,19.21,2.14,0
20230825:0411,0,0,18.91,1.72,0
20230825:0511,6.69,4.57,18.73,1.59,0
20230825:0611,61.15,13.63,18.71,1.52,0
20230825:0711,161.48,22.69,19.02,1.1,0
20230825:0811,182.68,31.31,19.45,0.9,0
20230825:0911,110.25,38.93,19.77,1.45,0
20230825:1011,60.49,44.79,19.97,1.72,0
20230825:1111,385.89,47.96,20.28,1.93,0
20230825:1211,64.39,47.77,20.94,1.52,0
20230825:1311,59.52,44.26,21.79,1.31,0
20230825:1411,180.5,38.17,22.31,1.72,0
20230825:1511,249.31,30.41,22.43,2.28,0
20230825:1611,115.02,21.71,20.36,3.59,0
20230825:1711,54.64,12.64,19.96,2.97,0
20230825:1811,13.66,3.6,19.49,2.55,0
20230825:1911,0,0,18.74,2.21,0
20230825:2011,0,0,17.74,2.48,0
20230825:2111,0,0,17.33,2.62,0
20230825:2211,0,0,17.23,2.76,0
20230825:2311,0,0,16.57,2.34,0
20230826:0011,0,0,16.3,2.07,0
20230826:0111,0,0,15.79,2.28,0
20230826:0211,0,0,15.66,2.55,0
20230826:0311,0,0,15.22,2.97,0
20230826:0411,0,0,14.63,3.52,0
20230826:0511,9.56,4.33,14.45,3.52,0
20230826:0611,81.22,13.4,14.59,3.17,0
20230826:0711,111.36,22.45,15.06,5.24,0
20230826:0811,226.81,31.06,15.94,5.66,0
20230826:0911,329.44,38.66,16.85,5.93,0
20230826:1011,479.53,44.48,17.73,6,0
20230826:1111,519.59,47.62,18.52,6,0
20230826:1211,261.2,47.42,18.94,5.59,0
20230826:1311,595.15,43.91,19.38,5.31,0
20230826:1411,98.54,37.84,19.34,4.34,0
20230826:1511,204.52,30.08,19.26,3.72,0
20230826:1611,147.86,21.4,19.08,3.24,0
20230826:1711,159.64,12.32,18.38,2.21,0
20230826:1811,4.88,3.28,17.19,2.34,0
20230826:1911,0,0,15.47,1.52,0
20230826:2011,0,0,14.69,2.14,0
20230826:2111,0,0,14.44,2.28,0
20230826:2211,0,0,14.37,2.48,0
20230826:2311,0,0,14.31,2.48,0
20230827:0011,0,0,14.11,2.41,0
20230827:0111,0,0,14.12,2.48,0
20230827:0211,0,0,14.05,2.62,0
20230827:0311,0,0,13.96,2.48,0
20230827:0411,0,0,13.6,2.55,0
20230827:0511,2.87,4.1,13.25,2.48,0
20230827:0611,83.13,13.17,13.71,2.21,0
20230827:0711,91.89,22.22,14.46,3.17,0
20230827:0811,237.44,30.81,15.48,3.59,0
20230827:0911,340.34,38.38,16.34,3.45,0
20230827:1011,380.25,44.17,17.15,3.52,0
20230827:1111,217.57,47.29,17.7,3.66,0
20230827:1211,93.66,47.07,18.05,3.93,0
20230827:1311,683.63,43.56,16.02,4.55,0
20230827:1411,59.52,37.5,16.01,4.76,0
20230827:1511,151.71,29.76,16.38,5.31,0
20230827:1611,331.11,21.08,15.96,4.76,0
20230827:1711,291.45,12,15.77,4.21,0
20230827:1811,40.83,2.96,15.18,3.86,0
20230827:1911,0,0,14.38,3.79,0
20230827:2011,0,0,13.89,3.24,0
20230827:2111,0,0,13.73,3.03,0
20230827:2211,0,0,13.46,3.17,0
20230827:2311,0,0,13.43,3.24,0
20230828:0011,0,0,13.23,2.97,0
20230828:0111,0,0,13.28,2.83,0
20230828:0211,0,0,12.96,2.62,0
20230828:0311,0,0,12.66,2.41,0
20230828:0411,0,0,12.69,2.14,0
20230828:0511,18.15,3.87,12.46,2.07,0
20230828:0611,89.82,12.94,13.29,1.59,0
20230828:0711,91.77,21.99,14.88,1.93,0
20230828:0811,243.86,30.56,16.37,2,0
20230828:0911,335.59,38.11,17.46,1.79,0
20230828:1011,447.13,43.86,18.11,2.07,0
20230828:1111,236.85,46.94,18.84,2.55,0
20230828:1211,255.34,46.71,19.19,2.69,0
20230828:1311,384.49,43.21,19.39,2.62,0
20230828:1411,123.91,37.15,19.64,2.69,0
20230828:1511,249.33,29.42,19.08,2.69,0
20230828:1611,83.91,20.75,18.75,2.69,0
20230828:1711,52.69,11.68,18.16,1.86,0
20230828:1811,9.76,2.63,17.39,1.93,0
20230828:1911,0,0,16.5,2.21,0
20230828:2011,0,0,15.66,2.21,0
20230828:2111,0,0,15,2,0
20230828:2211,0,0,14.25,1.86,0
20230828:2311,0,0,13.23,1.79,0
20230829:0011,0,0,12.61,1.45,0
20230829:0111,0,0,13.75,0.83,0
20230829:0211,0,0,13.56,0.62,0
20230829:0311,0,0,13.25,0.62,0
20230829:0411,0,0,12.32,1.03,0
20230829:0511,20.07,3.63,11.03,1.45,0
20230829:0611,68.8,12.71,12.28,1.03,0
20230829:0711,147.94,21.75,13.78,0.9,0
20230829:0811,232.1,30.31,15.06,1.1,0
20230829:0911,313.3,37.83,16.48,1.24,0
20230829:1011,426.45,43.55,17.42,1.31,0
20230829:1111,484.22,46.6,17.31,1.45,0
20230829:1211,382.33,46.35,17.84,1.66,0
20230829:1311,202.94,42.85,18.22,1.79,0
20230829:1411,174.64,36.8,18.42,1.52,0
20230829:1511,276.19,29.09,18.8,1.45,0
20230829:1611,190.5,20.42,18.64,1.72,0
20230829:1711,73.19,11.35,17.66,1.86,0
20230829:1811,21.58,2.3,16.81,1.52,0
20230829:1911,0,0,15.98,1.86,0
20230829:2011,0,0,15.56,1.79,0
20230829:2111,0,0,14.96,1.86,0
20230829:2211,0,0,14.22,2.07,0
20230829:2311,0,0,13.6,2.21,0
20230830:0011,0,0,13.03,2.28,0
20230830:0111,0,0,12.48,2.34,0
20230830:0211,0,0,12.11,2.48,0
20230830:0311,0,0,12,2.55,0
20230830:0411,0,0,12.03,2.69,0
20230830:0511,11.47,3.4,11.98,2.83,0
20230830:0611,86,12.48,12.68,2.9,0
20230830:0711,62.44,21.51,14.05,3.1,0
20230830:0811,70.25,30.06,15.08,3.59,0
20230830:0911,281.15,37.55,15.42,3.86,0
20230830:1011,111.23,43.24,15.61,4.97,0
20230830:1111,92.69,46.25,15.61,4.83,0
20230830:1211,205.87,45.98,15.57,4.28,0
20230830:1311,515.8,42.48,15.57,4,0
20230830:1411,305.16,36.45,16.19,4.55,0
20230830:1511,39.03,28.75,15.94,4.55,0
20230830:1611,456.64,20.09,15.68,4.14,0
20230830:1711,243.09,11.02,14.62,3.31,0
20230830:1811,8.78,1.97,13.84,3.79,0
20230830:1911,0,0,14.24,3.31,0
20230830:2011,0,0,13.4,2.97,0
20230830:2111,0,0,12.87,2.9,0
20230830:2211,0,0,12.58,3.24,0
20230830:2311,0,0,12.35,3.45,0
20230831:0011,0,0,12.19,3.38,0
20230831:0111,0,0,11.99,3.24,0
20230831:0211,0,0,11.76,3.45,0
20230831:0311,0,0,11.69,3.86,0
20230831:0411,0,0,12.01,3.93,0
20230831:0511,15.29,3.16,12.13,4.07,0
20230831:0611,65.93,12.25,12.81,4.14,0
20230831:0711,106.39,21.27,13.86,4.34,0
20230831:0811,228.43,29.8,14.99,4.69,0
20230831:0911,340.86,37.26,15.95,4.41,0
20230831:1011,369.47,42.92,16.59,4.41,0
20230831:1111,214.65,45.91,17.3,4.41,0
20230831:1211,190.25,45.62,17.36,4.34,0
20230831:1311,219.58,42.12,17.48,4.62,0
20230831:1411,500.09,36.1,17.38,4.55,0
20230831:1511,586.06,28.41,17.32,4.34,0
20230831:1611,473.07,19.76,17.24,3.86,0
20230831:1711,281.29,10.69,16.81,2.55,0
20230831:1811,7.81,1.64,15.86,1.93,0
20230831:1911,0,0,14.62,1.45,0
20230831:2011,0,0,14.08,0.97,0
20230831:2111,0,0,12.79,1.31,0
20230831:2211,0,0,12.36,1.31,0
20230831:2311,0,0,12.17,1.24,0
20230901:0011,0,0,11.69,1.38,0
20230901:0111,0,0,10.78,1.66,0
20230901:0211,0,0,10.33,1.72,0
20230901:0311,0,0,10.05,1.79,0
20230901:0411,0,0,9.81,1.79,0
20230901:0511,8.6,2.92,9.82,1.79,0
20230901:0611,43.95,12.01,11.23,1.38,0
20230901:0711,81.96,21.03,13.59,1.45,0
20230901:0811,98.54,29.54,15.4,1.79,0
20230901:0911,197.93,36.98,16.7,2.14,0
20230901:1011,124.89,42.6,17.49,2.55,0
20230901:1111,146.35,45.55,17.75,2.41,0
20230901:1211,378.03,45.25,18.04,2.28,0
20230901:1311,218.61,41.75,18.24,1.93,0
20230901:1411,124.89,35.74,18.68,1.86,0
20230901:1511,110.25,28.06,18.93,2.07,0
20230901:1611,102.43,19.42,18.99,1.59,0
20230901:1711,110.81,10.36,18.89,0.9,0
20230901:1811,0.98,1.3,18.45,0.28,0
20230901:1911,0,0,16.95,1.1,0
20230901:2011,0,0,16.03,1.1,0
20230901:2111,0,0,15.27,1.59,0
20230901:2211,0,0,14.83,1.52,0
20230901:2311,0,0,14.38,1.45,0
20230902:0011,0,0,14.05,1.31,0
20230902:0111,0,0,14.01,1.17,0
20230902:0211,0,0,13.79,1.31,0
20230902:0311,0,0,13.53,1.38,0
20230902:0411,0,0,13.33,1.38,0
20230902:0511,4.78,2.69,13.11,1.52,0
20230902:0611,44.91,11.78,14.01,1.03,0
20230902:0711,86.83,20.79,15.16,0.97,0
20230902:0811,143.42,29.28,16.52,1.52,0
20230902:0911,160.98,36.69,18.08,2,0
20230902:1011,345.54,42.28,19.07,1.59,0
20230902:1111,249.04,45.2,19.97,1.66,0
20230902:1211,427.75,44.88,20.55,1.93,0
20230902:1311,606.25,41.38,20.83,2.14,0
20230902:1411,519.18,35.38,21.12,2.07,0
20230902:1511,525.81,27.71,21.14,1.66,0
20230902:1611,304.88,19.08,20.88,2,0
20230902:1711,183.08,10.02,20.21,2,0
20230902:1811,0,0,18.78,2.28,0
20230902:1911,0,0,16.79,2.55,0
20230902:2011,0,0,15.77,2.41,0
20230902:2111,0,0,14.95,2.34,0
20230902:2211,0,0,14.19,2.21,0
20230902:2311,0,0,13.52,2,0
20230903:0011,0,0,12.78,1.72,0
20230903:0111,0,0,11.95,1.59,0
20230903:0211,0,0,11.44,1.52,0
20230903:0311,0,0,11.7,1.17,0
20230903:0411,0,0,11.7,0.97,0
20230903:0511,10.51,2.45,11.17,0.9,0
20230903:0611,64.97,11.54,11.55,0.34,0
20230903:0711,137.63,20.55,13.59,0.28,0
20230903:0811,231.26,29.02,15.17,0.41,0
20230903:0911,328.9,36.4,17.22,0.83,0
20230903:1011,439.43,41.95,18.66,0.83,0
20230903:1111,562.13,44.84,19.75,0.28,0
20230903:1211,609.39,44.51,20.45,0.41,0
20230903:1311,661.29,41.01,20.94,0.62,0
20230903:1411,569.18,35.02,21.14,0.41,0
20230903:1511,386.94,27.36,21.09,0.62,0
20230903:1611,253.77,18.74,20.83,0.62,0
20230903:1711,124.63,9.68,20.23,0.55,0
20230903:1811,0,0,18.98,1.38,0
20230903:1911,0,0,17.08,2.21,0
20230903:2011,0,0,15.85,2.21,0
20230903:2111,0,0,14.99,2.14,0
20230903:2211,0,0,14.26,2.14,0
20230903:2311,0,0,13.57,2.21,0
20230904:0011,0,0,12.99,2.14,0
20230904:0111,0,0,12.43,2.07,0
20230904:0211,0,0,11.99,2,0
20230904:0311,0,0,11.55,1.93,0
20230904:0411,0,0,11.21,2.14,0
20230904:0511,0.96,2.21,11.08,2.28,0
20230904:0611,73.57,11.3,11.91,2,0
20230904:0711,90.77,20.3,14.84,2,0
20230904:0811,188.27,28.76,17.12,2.41,0
20230904:0911,322.77,36.11,19.08,2.69,0
20230904:1011,451.93,41.63,20.61,2.9,0
20230904:1111,550.44,44.49,21.76,2.76,0
20230904:1211,613.47,44.13,22.66,2.48,0
20230904:1311,621.49,40.63,23.31,2.41,0
20230904:1411,637.36,34.65,23.73,2.41,0
20230904:1511,529.99,27.01,23.85,2.34,0
20230904:1611,299.27,18.39,23.59,2,0
20230904:1711,112.74,9.34,22.55,2.07,0
20230904:1811,0,0,20.65,2.76,0
20230904:1911,0,0,19.33,3.1,0
20230904:2011,0,0,18.41,3.24,0
20230904:2111,0,0,17.68,3.1,0
20230904:2211,0,0,16.93,2.83,0
20230904:2311,0,0,16.12,2.62,0
20230905:0011,0,0,15.33,2.48,0
20230905:0111,0,0,14.74,2.48,0
20230905:0211,0,0,14.38,2.55,0
20230905:0311,0,0,14.23,2.69,0
20230905:0411,0,0,14.23,2.83,0
20230905:0511,7.64,1.97,14.32,2.83,0
20230905:0611,58.29,11.06,15.15,2.83,0
20230905:0711,55.34,20.06,18.03,2.9,0
20230905:0811,180.91,28.5,20.48,2.97,0
20230905:0911,315.62,35.82,22.27,3.52,0
20230905:1011,447.08,41.3,23.64,3.66,0
20230905:1111,563.18,44.13,24.86,3.45,0
20230905:1211,618.77,43.75,25.9,3.1,0
20230905:1311,650.76,40.26,26.69,2.97,0
20230905:1411,642.72,34.29,27.16,2.97,0
20230905:1511,577.02,26.65,27.26,2.97,0
20230905:1611,435.5,18.04,26.84,2.62,0
20230905:1711,237.27,8.99,25.7,2.76,0
20230905:1811,0,0,23.88,3.03,0
20230905:1911,0,0,22.8,3.17,0
20230905:2011,0,0,21.73,2.97,0
20230905:2111,0,0,20.74,2.83,0
20230905:2211,0,0,19.84,2.83,0
20230905:2311,0,0,19.1,2.76,0
20230906:0011,0,0,18.4,2.69,0
20230906:0111,0,0,17.75,2.62,0
20230906:0211,0,0,17.1,2.55,0
20230906:0311,0,0,16.52,2.48,0
20230906:0411,0,0,16,2.41,0
20230906:0511,3.82,1.72,15.59,2.48,0
20230906:0611,57.33,10.82,16,2.28,0
20230906:0711,87.91,19.81,18.38,2.34,0
20230906:0811,177.7,28.23,20.62,2.69,0
20230906:0911,312.62,35.52,22.51,2.83,0
20230906:1011,442.88,40.97,24.27,2.83,0
20230906:1111,557.22,43.76,25.72,2.97,0
20230906:1211,614.28,43.37,26.86,3.03,0
20230906:1311,649.08,39.88,27.59,3.03,0
20230906:1411,641.67,33.92,27.92,2.76,0
20230906:1511,566.9,26.29,27.95,2.34,0
20230906:1611,429.55,17.69,27.52,1.52,0
20230906:1711,233.51,8.64,26.46,1.79,0
20230906:1811,0,0,24.48,2.55,0
20230906:1911,0,0,22.75,2.69,0
20230906:2011,0,0,21.56,2.76,0
20230906:2111,0,0,20.62,2.76,0
20230906:2211,0,0,19.87,2.83,0
20230906:2311,0,0,19.25,2.83,0
20230907:0011,0,0,18.69,2.83,0
20230907:0111,0,0,18.17,2.9,0
20230907:0211,0,0,17.71,2.9,0
20230907:0311,0,0,17.27,2.9,0
20230907:0411,0,0,16.8,2.9,0
20230907:0511,1.91,1.48,16.35,2.83,0
20230907:0611,58.29,10.58,16.56,2.69,0
20230907:0711,89.82,19.56,18.45,2.21,0
20230907:0811,175.38,27.96,20.64,2.69,0
20230907:0911,308.6,35.23,22.47,3.1,0
20230907:1011,437.97,40.63,24.12,3.31,0
20230907:1111,552.14,43.4,25.48,3.38,0
20230907:1211,609,42.99,26.53,3.45,0
20230907:1311,643.32,39.5,27.23,3.59,0
20230907:1411,631.62,33.55,27.61,3.52,0
20230907:1511,560.21,25.93,27.62,3.31,0
20230907:1611,418.8,17.34,27.12,2.76,0
20230907:1711,222.46,8.29,25.83,2.9,0
20230907:1811,0,0,24.01,3.24,0
20230907:1911,0,0,22.97,3.45,0
20230907:2011,0,0,21.98,3.45,0
20230907:2111,0,0,21.17,3.38,0
20230907:2211,0,0,20.43,3.38,0
20230907:2311,0,0,19.71,3.17,0
20230908:0011,0,0,18.94,2.97,0
20230908:0111,0,0,18.22,2.9,0
20230908:0211,0,0,17.57,2.76,0
20230908:0311,0,0,16.93,2.62,0
20230908:0411,0,0,16.32,2.55,0
20230908:0511,0,0,15.83,2.48,0
20230908:0611,58.29,10.34,16.06,2.28,0
20230908:0711,89.82,19.31,18.35,2.14,0
20230908:0811,170.03,27.69,20.68,2.34,0
20230908:0911,304.27,34.93,22.67,2.28,0
20230908:1011,432.6,40.3,24.43,2.21,0
20230908:1111,545.02,43.03,25.88,2.14,0
20230908:1211,603.42,42.61,27.01,2.07,0
20230908:1311,634.5,39.11,27.74,2,0
20230908:1411,620.6,33.17,28.15,1.72,0
20230908:1511,538.23,25.57,28.24,1.52,0
20230908:1611,406.5,16.99,27.94,1.31,0
20230908:1711,226.16,7.94,26.86,1.52,0
20230908:1811,0,0,25.05,2.14,0
20230908:1911,0,0,23.23,1.93,0
20230908:2011,0,0,21.39,1.93,0
20230908:2111,0,0,20.23,1.93,0
20230908:2211,0,0,19.34,1.86,0
20230908:2311,0,0,18.61,1.79,0
20230909:0011,0,0,17.94,1.72,0
20230909:0111,0,0,17.42,1.72,0
20230909:0211,0,0,16.98,1.72,0
20230909:0311,0,0,16.57,1.72,0
20230909:0411,0,0,16.09,1.86,0
20230909:0511,0,0,15.74,1.79,0
20230909:0611,66.89,10.1,16.21,1.52,0
20230909:0711,138.55,19.06,18.97,1.03,0
20230909:0811,215.95,27.42,21.44,1.31,0
20230909:0911,300.98,34.63,23.06,1.45,0
20230909:1011,425.73,39.96,24.35,1.59,0
20230909:1111,537.2,42.67,25.33,1.72,0
20230909:1211,597.78,42.22,26.07,1.93,0
20230909:1311,624.64,38.73,26.52,2,0
20230909:1411,602.78,32.8,26.69,1.93,0
20230909:1511,518.18,25.21,26.6,1.72,0
20230909:1611,361.18,16.63,26.24,1.45,0
20230909:1711,150.6,7.59,25.29,0.9,0
20230909:1811,0,0,23.44,1.03,0
20230909:1911,0,0,21.17,1.72,0
20230909:2011,0,0,19.69,1.79,0
20230909:2111,0,0,18.71,1.79,0
20230909:2211,0,0,18.03,1.72,0
20230909:2311,0,0,17.5,1.72,0
20230910:0011,0,0,16.86,1.52,0
20230910:0111,0,0,16.38,1.31,0
20230910:0211,0,0,16.29,1.31,0
20230910:0311,0,0,16.18,1.38,0
20230910:0411,0,0,16.07,1.38,0
20230910:0511,0,0,16.16,1.31,0
20230910:0611,64.02,9.86,16.74,1.1,0
20230910:0711,109.88,18.81,18.47,1.31,0
20230910:0811,168.73,27.15,20.58,1.45,0
20230910:0911,290.85,34.33,22.88,1.52,0
20230910:1011,410.74,39.63,25.04,1.79,0
20230910:1111,515.77,42.3,26.5,2.07,0
20230910:1211,555.39,41.84,27.48,2.21,0
20230910:1311,570.1,38.34,28.13,2.28,0
20230910:1411,555.27,32.42,28.48,2.21,0
20230910:1511,493.37,24.84,28.55,2.21,0
20230910:1611,255.94,16.27,28.26,2.07,0
20230910:1711,58.13,7.23,27.27,2,0
20230910:1811,0,0,25.53,2.55,0
20230910:1911,0,0,24.4,2.62,0
20230910:2011,0,0,23.45,2.69,0
20230910:2111,0,0,22.68,2.76,0
20230910:2211,0,0,22.06,2.76,0
20230910:2311,0,0,21.6,2.76,0
20230911:0011,0,0,21.16,2.76,0
20230911:0111,0,0,20.76,2.69,0
20230911:0211,0,0,20.58,2.55,0
20230911:0311,0,0,20.16,2.55,0
20230911:0411,0,0,19.93,2.69,0
20230911:0511,0,0,19.78,2.69,0
20230911:0611,52.55,9.61,19.97,2.55,0
20230911:0711,100.33,18.55,21.58,2.55,0
20230911:0811,162.14,26.87,23.3,3.1,0
20230911:0911,287.43,34.02,24.41,3.24,0
20230911:1011,410.37,39.29,25.39,3.17,0
20230911:1111,515.04,41.92,26.3,3.24,0
20230911:1211,572.85,41.45,26.84,3.24,0
20230911:1311,574.79,37.95,26.93,3.24,0
20230911:1411,536.19,32.04,26.8,3.17,0
20230911:1511,393.28,24.47,26.34,2.97,0
20230911:1611,220.14,15.91,25.54,2.76,0
20230911:1711,6.83,6.88,24.24,2.48,0
20230911:1811,0,0,22.57,2.48,0
20230911:1911,0,0,20.97,2,0
20230911:2011,0,0,20.31,1.24,0
20230911:2111,0,0,19.67,1.45,0
20230911:2211,0,0,18.87,1.17,0
20230911:2311,0,0,18.43,1.03,0
20230912:0011,0,0,18.02,1.52,0
20230912:0111,0,0,17.88,1.52,0
20230912:0211,0,0,17.52,1.52,0
20230912:0311,0,0,16.97,1.38,0
20230912:0411,0,0,16.42,1.66,0
20230912:0511,0,0,16.03,1.72,0
20230912:0611,58.29,9.37,16.48,1.52,0
20230912:0711,116.57,18.3,17.84,1.86,0
20230912:0811,199.34,26.6,19,2.41,0
20230912:0911,289.78,33.72,20.55,2.07,0
20230912:1011,376.31,38.95,21.29,1.38,0
20230912:1111,459.52,41.55,21.85,1.38,0
20230912:1211,487.04,41.06,22.62,1.72,0
20230912:1311,429.61,37.56,22.8,1.72,0
20230912:1411,267.69,31.66,21.1,2.69,0
20230912:1511,324.84,24.1,21.04,1.86,0
20230912:1611,330.75,15.55,21.12,1.38,0
20230912:1711,135.49,6.52,20.8,1.24,0
20230912:1811,0,0,20.14,1.45,0
20230912:1911,0,0,19.78,1.93,0
20230912:2011,0,0,19.24,2.07,0
20230912:2111,0,0,18.72,2.21,0
20230912:2211,0,0,18.26,2.21,0
20230912:2311,0,0,17.87,1.93,0
20230913:0011,0,0,17.56,1.59,0
20230913:0111,0,0,17.28,1.24,0
20230913:0211,0,0,17.08,0.76,0
20230913:0311,0,0,16.53,0.9,0
20230913:0411,0,0,16.95,1.03,0
20230913:0511,0,0,16.95,0.83,0
20230913:0611,48.73,9.12,17,0.62,0
20230913:0711,121.35,18.04,16.71,4.07,0
20230913:0811,152.47,26.32,15.6,5.93,0
20230913:0911,236.22,33.41,15.09,5.03,0
20230913:1011,383.94,38.6,15.38,4.14,0
20230913:1111,126.84,41.18,16.03,4.97,0
20230913:1211,447.78,40.67,16.81,4.62,0
20230913:1311,419.02,37.17,17.58,4.34,0
20230913:1411,494.39,31.28,18.04,3.93,0
20230913:1511,306.87,23.73,18.05,3.66,0
20230913:1611,221.45,15.19,17.73,3.52,0
20230913:1711,48.81,6.16,17.12,3.1,0
20230913:1811,0,0,16.27,2.83,0
20230913:1911,0,0,14.72,2.48,0
20230913:2011,0,0,13.84,2.28,0
20230913:2111,0,0,13.02,1.86,0
20230913:2211,0,0,12.1,1.45,0
20230913:2311,0,0,12.26,1.1,0
20230914:0011,0,0,12.72,0.9,0
20230914:0111,0,0,12.85,0.76,0
20230914:0211,0,0,12.76,0.55,0
20230914:0311,0,0,12.52,0.62,0
20230914:0411,0,0,12.28,0.55,0
20230914:0511,0,0,11.6,0.76,0
20230914:0611,56.38,8.87,10.54,1.31,0
20230914:0711,93.64,17.78,12.8,1.52,0
20230914:0811,160.1,26.04,14.9,2.07,0
20230914:0911,279.47,33.1,16.23,2.07,0
20230914:1011,404.32,38.26,17.16,1.52,0
20230914:1111,467.1,40.8,17.83,1.38,0
20230914:1211,535.05,40.27,18.02,1.24,0
20230914:1311,553.71,36.78,18.61,1.31,0
20230914:1411,504.39,30.89,18.8,1.24,0
20230914:1511,496.31,23.36,19.05,1.17,0
20230914:1611,357.75,14.82,18.95,1.17,0
20230914:1711,129.71,5.8,18.45,1.31,0
20230914:1811,0,0,17.37,1.93,0
20230914:1911,0,0,16.48,2.14,0
20230914:2011,0,0,15.66,2.34,0
20230914:2111,0,0,15.13,2.48,0
20230914:2211,0,0,14.67,2.69,0
20230914:2311,0,0,14.43,2.69,0
20230915:0011,0,0,14.16,2.62,0
20230915:0111,0,0,14.06,2.55,0
20230915:0211,0,0,13.8,2.55,0
20230915:0311,0,0,13.5,2.55,0
20230915:0411,0,0,13.05,2.48,0
20230915:0511,0,0,12.49,2.41,0
20230915:0611,51.6,8.62,12.29,2.28,0
20230915:0711,91.73,17.52,12.92,2.21,0
20230915:0811,145.3,25.76,14.58,2.34,0
20230915:0911,275.62,32.79,16.4,2.28,0
20230915:1011,397.41,37.91,18.01,2.28,0
20230915:1111,505.18,40.43,19.16,2.34,0
20230915:1211,565.89,39.88,19.84,2.21,0
20230915:1311,588.99,36.38,20.25,2,0
20230915:1411,586.93,30.51,20.55,1.93,0
20230915:1511,485.01,22.99,20.68,2.14,0
20230915:1611,241.02,14.46,20.48,2.14,0
20230915:1711,102.89,5.44,19.55,1.72,0
20230915:1811,0,0,18.1,1.86,0
20230915:1911,0,0,17.06,2.21,0
20230915:2011,0,0,15.94,2.21,0
20230915:2111,0,0,15.25,2.21,0
20230915:2211,0,0,14.48,2.28,0
20230915:2311,0,0,14,2.28,0
20230916:0011,0,0,13.53,2.28,0
20230916:0111,0,0,13.29,2.34,0
20230916:0211,0,0,13.23,2.28,0
20230916:0311,0,0,13.17,2.14,0
20230916:0411,0,0,12.84,2.07,0
20230916:0511,0,0,12.81,2,0
20230916:0611,50.64,8.37,12.89,1.79,0
20230916:0711,121.35,17.26,14.95,1.17,0
20230916:0811,157.5,25.48,16.96,0.97,0
20230916:0911,280.92,32.48,19,0.83,0
20230916:1011,380.52,37.57,20.44,1.03,0
20230916:1111,462.22,40.05,21.57,1.45,0
20230916:1211,549.25,39.49,22.33,1.72,0
20230916:1311,502.39,35.99,23.09,1.59,0
20230916:1411,502.97,30.12,23.41,1.38,0
20230916:1511,270.32,22.61,23.41,1.24,0
20230916:1611,133.21,14.09,23.12,1.38,0
20230916:1711,31.29,5.08,22.08,1.72,0
20230916:1811,0,0,20.51,2.28,0
20230916:1911,0,0,18.93,3.03,0
20230916:2011,0,0,18.18,3.1,0
20230916:2111,0,0,17.58,3.24,0
20230916:2211,0,0,16.98,2.9,0
20230916:2311,0,0,16.47,2.48,0
20230917:0011,0,0,16.12,2.34,0
20230917:0111,0,0,15.86,2.62,0
20230917:0211,0,0,15.61,2.76,0
20230917:0311,0,0,15.48,2.83,0
20230917:0411,0,0,15.25,2.83,0
20230917:0511,0,0,15.11,3.1,0
20230917:0611,7.64,8.12,15.34,3.17,0
20230917:0711,21.98,17,15.6,3.52,0
20230917:0811,33.17,25.2,15.86,3.45,0
20230917:0911,89.76,32.16,16.76,3.24,0
20230917:1011,89.76,37.22,17.64,2.55,0
20230917:1111,123.91,39.67,18.5,2.21,0
20230917:1211,83.91,39.09,20.01,2.14,0
20230917:1311,120.01,35.59,21.22,2.48,0
20230917:1411,113.18,29.74,21.91,2.76,0
20230917:1511,226.71,22.24,22.24,2.76,0
20230917:1611,69.63,13.73,21.99,2.07,0
20230917:1711,15.61,4.71,21.41,1.52,0
20230917:1811,0,0,20.61,0.48,0
20230917:1911,0,0,19.12,0.28,0
20230917:2011,0,0,17.29,1.79,0
20230917:2111,0,0,16.95,2.14,0
20230917:2211,0,0,17.49,2.41,0
20230917:2311,0,0,17.86,2.62,0
20230918:0011,0,0,18.1,2.83,0
20230918:0111,0,0,18.31,3.03,0
20230918:0211,0,0,18.4,3.17,0
20230918:0311,0,0,18.53,3.66,0
20230918:0411,0,0,18.71,4,0
20230918:0511,0,0,18.56,3.24,0
20230918:0611,19.11,7.87,18.42,3.66,0
20230918:0711,44.91,16.74,18.6,4.28,0
20230918:0811,70.25,24.91,18.79,4.14,0
20230918:0911,249.25,31.85,19.15,4.48,0
20230918:1011,366.14,36.87,20.47,5.03,0
20230918:1111,78.05,39.29,21.29,5.03,0
20230918:1211,211.5,38.7,22.14,5.31,0
20230918:1311,523.26,35.2,22.67,5.45,0
20230918:1411,504.48,29.35,22.82,5.59,0
20230918:1511,383.22,21.86,22.29,5.38,0
20230918:1611,40.98,13.36,20.65,6.28,0
20230918:1711,16.59,4.35,19.75,6.83,0
20230918:1811,0,0,19.24,7.31,0
20230918:1911,0,0,18.33,8,0
20230918:2011,0,0,17.63,7.79,0
20230918:2111,0,0,16.64,7.45,0
20230918:2211,0,0,15.75,6.83,0
20230918:2311,0,0,15.55,5.86,0
20230919:0011,0,0,15.05,5.24,0
20230919:0111,0,0,14.59,5.1,0
20230919:0211,0,0,14.47,5.24,0
20230919:0311,0,0,14.2,5.52,0
20230919:0411,0,0,14.03,5.59,0
20230919:0511,0,0,13.96,5.59,0
20230919:0611,47.78,7.62,14.06,5.66,0
20230919:0711,116.57,16.47,14.71,6.21,0
20230919:0811,164.16,24.63,15.38,6.55,0
20230919:0911,270.63,31.53,16.25,7.59,0
20230919:1011,308.89,36.52,17.36,9.31,0
20230919:1111,271.55,38.91,18.12,8.97,0
20230919:1211,110.25,38.3,18.5,7.93,0
20230919:1311,96.59,34.8,18.83,7.86,0
20230919:1411,156.41,28.96,19.29,7.52,0
20230919:1511,128.86,21.48,19.23,8.9,0
20230919:1611,69.72,12.99,18.93,8.41,0
20230919:1711,9.76,3.98,18.56,8.28,0
20230919:1811,0,0,18.32,8.14,0
20230919:1911,0,0,16.73,7.52,0
20230919:2011,0,0,16.55,7.31,0
20230919:2111,0,0,16.67,7.03,0
20230919:2211,0,0,16.89,6.69,0
20230919:2311,0,0,17.02,6.48,0
20230920:0011,0,0,17.19,6.41,0
20230920:0111,0,0,17.32,6.34,0
20230920:0211,0,0,17.42,6.21,0
20230920:0311,0,0,17.56,6.14,0
20230920:0411,0,0,17.7,6.07,0
20230920:0511,0,0,17.48,6,0
20230920:0611,37.26,7.36,17.22,5.93,0
20230920:0711,41.09,16.21,17.33,5.93,0
20230920:0811,154.17,24.34,17.98,5.17,0
20230920:0911,174.62,31.21,18.96,8.21,0
20230920:1011,111.23,36.16,20.04,8.41,0
20230920:1111,329.3,38.53,20.38,7.79,0
20230920:1211,396.26,37.9,20.5,6.76,0
20230920:1311,378.19,34.4,20.81,7.31,0
20230920:1411,444.18,28.57,21.05,7.31,0
20230920:1511,221.24,21.11,20.88,6.07,0
20230920:1611,65.85,12.62,20.47,5.59,0
20230920:1711,8.78,3.62,20.09,5.31,0
20230920:1811,0,0,19.73,5.03,0
20230920:1911,0,0,19.52,5.03,0
20230920:2011,0,0,19.25,4.9,0
20230920:2111,0,0,18.85,4.9,0
20230920:2211,0,0,18.68,5.24,0
20230920:2311,0,0,18.67,5.59,0
20230921:0011,0,0,18.78,5.79,0
20230921:0111,0,0,18.8,5.93,0
20230921:0211,0,0,18.81,6,0
20230921:0311,0,0,18.98,6,0
20230921:0411,0,0,18.65,5.59,0
20230921:0511,0,0,18.37,5.17,0
20230921:0611,6.69,7.11,18.35,5.31,0
20230921:0711,58.29,15.94,18.78,5.03,0
20230921:0811,60.49,24.05,18.33,4.97,0
20230921:0911,54.64,30.89,17.93,4.55,0
20230921:1011,100.49,35.81,17.38,4.14,0
20230921:1111,73.17,38.14,17.06,3.1,0
20230921:1211,124.89,37.5,16.8,1.79,0
20230921:1311,80.98,34,16.63,0.69,0
20230921:1411,91.71,28.18,16.59,1.31,0
20230921:1511,110.94,20.73,16.23,1.86,0
20230921:1611,39.03,12.25,15.87,2.21,0
20230921:1711,2.93,3.25,15.46,2.34,0
20230921:1811,0,0,14.81,2.28,0
20230921:1911,0,0,15.2,0.62,0
20230921:2011,0,0,14.61,0.28,0
20230921:2111,0,0,14.54,1.17,0
20230921:2211,0,0,14.2,1.79,0
20230921:2311,0,0,14.06,2,0
20230922:0011,0,0,14.17,2.69,0
20230922:0111,0,0,13.8,3.93,0
20230922:0211,0,0,13.47,4.41,0
20230922:0311,0,0,13.11,4.41,0
20230922:0411,0,0,12.67,4,0
20230922:0511,0,0,12.31,3.59,0
20230922:0611,43.95,6.85,12.07,3.52,0
20230922:0711,107.97,15.67,12.87,5.1,0
20230922:0811,179.79,23.76,13.78,5.79,0
20230922:0911,261.45,30.57,14.65,5.86,0
20230922:1011,363.56,35.46,15.35,6.28,0
20230922:1111,446.63,37.76,16.03,6.55,0
20230922:1211,372.18,37.11,16.42,6.48,0
20230922:1311,307.57,33.61,16.7,6,0
20230922:1411,354.4,27.8,16.8,5.03,0
20230922:1511,232.57,20.35,16.72,3.93,0
20230922:1611,195.74,11.88,16.42,2.83,0
20230922:1711,7.81,2.89,15.26,2.48,0
20230922:1811,0,0,14.19,1.66,0
20230922:1911,0,0,13.32,1.86,0
20230922:2011,0,0,13.04,2,0
20230922:2111,0,0,12.9,2.41,0
20230922:2211,0,0,12.68,2.76,0
20230922:2311,0,0,12.29,2.97,0
20230923:0011,0,0,12.26,3.38,0
20230923:0111,0,0,12.21,3.1,0
20230923:0211,0,0,11.88,3.17,0
20230923:0311,0,0,11.65,3.66,0
20230923:0411,0,0,11.51,3.59,0
20230923:0511,0,0,11.46,3.45,0
20230923:0611,38.22,6.6,11.43,3.52,0
20230923:0711,101.28,15.41,12.35,4.83,0
20230923:0811,120.9,23.47,13.29,5.1,0
20230923:0911,256.68,30.25,14.17,5.03,0
20230923:1011,333.18,35.1,14.91,4.69,0
20230923:1111,361.58,37.38,15.72,4.76,0
20230923:1211,190.14,36.71,15.87,4.34,0
20230923:1311,507.63,33.21,15.7,4.76,0
20230923:1411,385.31,27.41,15.65,4.48,0
20230923:1511,361.67,19.97,15.67,4.28,0
20230923:1611,152.99,11.51,15.09,4.21,0
20230923:1711,21.09,2.52,14.44,3.1,0
20230923:1811,0,0,13.79,2.48,0
20230923:1911,0,0,13.22,2.21,0
20230923:2011,0,0,12.81,2.21,0
20230923:2111,0,0,12.49,2.21,0
20230923:2211,0,0,12.06,2.28,0
20230923:2311,0,0,11.87,2.34,0
20230924:0011,0,0,11.74,2.34,0
20230924:0111,0,0,11.47,2.48,0
20230924:0211,0,0,11.12,2.76,0
20230924:0311,0,0,10.91,2.97,0
20230924:0411,0,0,10.69,3.03,0
20230924:0511,0,0,10.29,2.97,0
20230924:0611,39.18,6.34,10.05,2.97,0
20230924:0711,102.24,15.14,10.89,2.83,0
20230924:0811,119.78,23.18,12.41,3.31,0
20230924:0911,242.65,29.93,13.98,3.79,0
20230924:1011,355.89,34.75,15.6,4.21,0
20230924:1111,440,36.99,16.86,4.48,0
20230924:1211,444,36.31,17.84,4.69,0
20230924:1311,523.13,32.81,18.43,4.9,0
20230924:1411,505.21,27.02,18.68,4.83,0
20230924:1511,427.96,19.6,18.69,4.41,0
20230924:1611,274.79,11.15,18.15,3.52,0
20230924:1711,10.73,2.16,17,3.24,0
20230924:1811,0,0,15.6,3.31,0
20230924:1911,0,0,14.91,3.79,0
20230924:2011,0,0,14.64,4.21,0
20230924:2111,0,0,14.51,4.48,0
20230924:2211,0,0,14.35,4.55,0
20230924:2311,0,0,14.07,4.62,0
20230925:0011,0,0,13.87,4.48,0
20230925:0111,0,0,13.54,4.34,0
20230925:0211,0,0,13.29,4.48,0
20230925:0311,0,0,13,4.55,0
20230925:0411,0,0,12.81,4.55,0
20230925:0511,0,0,12.65,4.48,0
20230925:0611,32.49,6.08,12.59,4.34,0
20230925:0711,104.15,14.87,13.31,4.21,0
20230925:0811,162,22.89,14.65,4,0
20230925:0911,252.33,29.61,16.15,4.41,0
20230925:1011,340.76,34.39,17.45,4.34,0
20230925:1111,424.96,36.61,18.48,4.14,0
20230925:1211,358.11,35.91,19.32,3.86,0
20230925:1311,327.34,32.41,19.78,3.59,0
20230925:1411,490.14,26.63,20.12,3.38,0
20230925:1511,415.43,19.22,20.23,3.03,0
20230925:1611,269.06,10.78,19.82,2.07,0
20230925:1711,8.78,1.8,18.75,1.93,0
20230925:1811,0,0,17.37,2.07,0
20230925:1911,0,0,17.14,1.66,0
20230925:2011,0,0,16.65,1.52,0
20230925:2111,0,0,16.13,1.52,0
20230925:2211,0,0,15.57,1.52,0
20230925:2311,0,0,14.73,1.59,0
20230926:0011,0,0,14.48,1.59,0
20230926:0111,0,0,14.1,1.59,0
20230926:0211,0,0,13.89,1.66,0
20230926:0311,0,0,13.5,1.79,0
20230926:0411,0,0,13.26,1.79,0
20230926:0511,0,0,12.85,1.86,0
20230926:0611,34.4,5.83,12.61,1.86,0
20230926:0711,104.15,14.59,13.27,1.93,0
20230926:0811,167.23,22.59,14.71,2.07,0
20230926:0911,240.49,29.28,16.47,2.07,0
20230926:1011,304.47,34.03,18.05,2.21,0
20230926:1111,363.84,36.22,19.1,2.48,0
20230926:1211,383.59,35.51,19.84,2.76,0
20230926:1311,323.42,32.01,20.37,3.1,0
20230926:1411,206.74,26.24,20.61,3.17,0
20230926:1511,337.1,18.84,20.52,2.76,0
20230926:1611,68.83,10.41,19.94,2.21,0
20230926:1711,0.98,1.43,18.79,2.41,0
20230926:1811,0,0,17.69,2.62,0
20230926:1911,0,0,16.93,2.62,0
20230926:2011,0,0,16.27,2.69,0
20230926:2111,0,0,15.75,2.62,0
20230926:2211,0,0,15.37,2.55,0
20230926:2311,0,0,14.9,2.48,0
20230927:0011,0,0,14.59,2.48,0
20230927:0111,0,0,14.19,2.34,0
20230927:0211,0,0,13.75,2.21,0
20230927:0311,0,0,13.3,2,0
20230927:0411,0,0,12.79,1.93,0
20230927:0511,0,0,12.45,1.86,0
20230927:0611,33.44,5.57,12.3,1.72,0
20230927:0711,64.02,14.32,13.63,1.66,0
20230927:0811,140.61,22.3,15.72,1.72,0
20230927:0911,219.11,28.96,17.49,1.59,0
20230927:1011,301.62,33.67,18.91,1.59,0
20230927:1111,378.54,35.84,20.12,1.86,0
20230927:1211,414.75,35.11,20.73,1.86,0
20230927:1311,477.78,31.62,21.26,2.34,0
20230927:1411,399.34,25.85,21.21,2.69,0
20230927:1511,127.71,18.47,20.96,2.41,0
20230927:1611,64.09,10.04,20.42,2.62,0
20230927:1711,0,0,19.55,2.97,0
20230927:1811,0,0,18.75,3.38,0
20230927:1911,0,0,18.79,3.59,0
20230927:2011,0,0,18.59,3.86,0
20230927:2111,0,0,18.59,4.14,0
20230927:2211,0,0,18.68,4.48,0
20230927:2311,0,0,18.8,4.41,0
20230928:0011,0,0,18.85,4.34,0
20230928:0111,0,0,18.75,4.21,0
20230928:0211,0,0,18.49,4.21,0
20230928:0311,0,0,18.12,4.14,0
20230928:0411,0,0,17.62,4,0
20230928:0511,0,0,16.74,3.86,0
20230928:0611,32.49,5.31,15.93,3.86,0
20230928:0711,86,14.05,16.51,4.14,0
20230928:0811,159.86,22,17.24,4.28,0
20230928:0911,161.51,28.63,18.22,5.86,0
20230928:1011,301.96,33.31,18.93,5.45,0
20230928:1111,284.32,35.45,19.23,4.97,0
20230928:1211,353.19,34.71,19.45,4.62,0
20230928:1311,271.59,31.22,19.34,4.41,0
20230928:1411,264.47,25.47,19.18,4,0
20230928:1511,151.13,18.09,19,3.1,0
20230928:1611,75.21,9.68,18.68,2.48,0
20230928:1711,0,0,18.21,2.28,0
20230928:1811,0,0,17.8,2.41,0
20230928:1911,0,0,16.45,2.34,0
20230928:2011,0,0,15.92,2.76,0
20230928:2111,0,0,15.98,2.83,0
20230928:2211,0,0,15.79,2.83,0
20230928:2311,0,0,15.64,2.62,0
20230929:0011,0,0,15.39,2.69,0
20230929:0111,0,0,15.45,2.9,0
20230929:0211,0,0,15.87,3.17,0
20230929:0311,0,0,16.37,3.52,0
20230929:0411,0,0,16.26,3.93,0
20230929:0511,0,0,16.52,4,0
20230929:0611,21.02,5.05,16.63,4,0
20230929:0711,95.55,13.77,17.39,4.41,0
20230929:0811,150.16,21.71,18.13,4.48,0
20230929:0911,157.59,28.3,19.28,3.66,0
20230929:1011,265.09,32.96,20.1,4.55,0
20230929:1111,247.07,35.07,20.42,5.1,0
20230929:1211,123.91,34.32,19.6,4.48,0
20230929:1311,159.12,30.82,18.57,5.1,0
20230929:1411,188.25,25.08,18.05,4.76,0
20230929:1511,342.74,17.71,17.91,4.9,0
20230929:1611,137.96,9.31,17.42,4.9,0
20230929:1711,0,0,16.33,4,0
20230929:1811,0,0,15.27,3.59,0
20230929:1911,0,0,14.67,3.59,0
20230929:2011,0,0,14.25,3.24,0
20230929:2111,0,0,13.85,2.69,0
20230929:2211,0,0,13.31,2.76,0
20230929:2311,0,0,12.87,2.69,0
20230930:0011,0,0,12.5,2.76,0
20230930:0111,0,0,12.53,2.76,0
20230930:0211,0,0,12.75,2.69,0
20230930:0311,0,0,12.62,2.76,0
20230930:0411,0,0,12.51,2.76,0
20230930:0511,0,0,12.52,2.69,0
20230930:0611,27.71,4.78,12.43,2.62,0
20230930:0711,95.55,13.5,13.23,2.48,0
20230930:0811,95.55,21.41,14.34,2.69,0
20230930:0911,210.31,27.98,15.8,2.97,0
20230930:1011,322.87,32.6,16.98,3.72,0
20230930:1111,403.79,34.68,17.64,3.86,0
20230930:1211,331.07,33.92,18.1,4.07,0
20230930:1311,290.82,30.43,18.29,4.07,0
20230930:1411,311.69,24.69,18.27,3.59,0
20230930:1511,147.73,17.34,17.99,2.41,0
20230930:1611,114.92,8.94,17.64,2.28,0
20230930:1711,0,0,16.78,2.21,0
20230930:1811,0,0,16.28,2.07,0
20230930:1911,0,0,15.49,2,0
20230930:2011,0,0,15.29,2,0
20230930:2111,0,0,15.24,2.14,0
20230930:2211,0,0,15.18,2.48,0
20230930:2311,0,0,15.15,2.76,0
20231001:0011,0,0,14.95,2.83,0
20231001:0111,0,0,14.82,2.83,0
20231001:0211,0,0,14.72,2.9,0
20231001:0311,0,0,14.68,3.03,0
20231001:0411,0,0,14.74,3.24,0
20231001:0511,0,0,14.57,3.59,0
20231001:0611,18.15,4.52,14.39,3.79,0
20231001:0711,62.11,13.22,14.37,3.52,0
20231001:0811,144.65,21.11,15.49,3.72,0
20231001:0911,216.77,27.65,16.83,4,0
20231001:1011,273.01,32.24,18.47,4.41,0
20231001:1111,344.7,34.3,19.62,4.69,0
20231001:1211,438.8,33.52,20.49,4.76,0
20231001:1311,383.87,30.03,20.89,4.48,0
20231001:1411,244.61,24.31,21.06,4.21,0
20231001:1511,162.94,16.97,21.08,3.66,0
20231001:1611,96.21,8.58,20.66,3.24,0
20231001:1711,0,0,19.77,2.9,0
20231001:1811,0,0,18.94,2.41,0
20231001:1911,0,0,17.73,2.48,0
20231001:2011,0,0,17.48,2.48,0
20231001:2111,0,0,17.15,2.48,0
20231001:2211,0,0,16.72,2.55,0
20231001:2311,0,0,16.37,2.55,0
20231002:0011,0,0,15.97,2.69,0
20231002:0111,0,0,15.7,2.76,0
20231002:0211,0,0,15.39,2.83,0
20231002:0311,0,0,15.16,2.83,0
20231002:0411,0,0,14.96,2.9,0
20231002:0511,0,0,14.81,2.9,0
20231002:0611,21.98,4.26,14.66,2.83,0
20231002:0711,89.82,12.95,15.83,2.69,0
20231002:0811,125.13,20.81,17.27,2.9,0
20231002:0911,223.35,27.32,18.67,3.17,0
20231002:1011,295.38,31.88,19.87,3.17,0
20231002:1111,365.46,33.91,20.53,3.1,0
20231002:1211,386.94,33.13,21.4,3.24,0
20231002:1311,344.72,29.64,22.13,3.31,0
20231002:1411,291.37,23.92,22.53,2.9,0
20231002:1511,225.69,16.6,22.49,2.14,0
20231002:1611,135.29,8.22,22.03,1.38,0
20231002:1711,0,0,20.96,1.79,0
20231002:1811,0,0,19.35,2.14,0
20231002:1911,0,0,18.34,2.07,0
20231002:2011,0,0,17.94,2.41,0
20231002:2111,0,0,17.96,2.69,0
20231002:2211,0,0,17.87,3.03,0
20231002:2311,0,0,17.6,3.31,0
20231003:0011,0,0,17.29,3.59,0
20231003:0111,0,0,17.2,4,0
20231003:0211,0,0,17.36,4.41,0
20231003:0311,0,0,17.8,5.17,0
20231003:0411,0,0,18.35,5.79,0
20231003:0511,0,0,18.62,6.41,0
20231003:0611,16.24,4,17.76,7.24,0
20231003:0711,34.4,12.67,17.73,6.97,0
20231003:0811,81.96,20.51,17.53,6.69,0
20231003:0911,43.9,26.99,16.82,6.07,0
20231003:1011,140.5,31.52,16.2,5.45,0
20231003:1111,71.22,33.53,15.79,4.97,0
20231003:1211,149.28,32.73,15.68,5.38,0
20231003:1311,371.45,29.25,14.54,5.59,0
20231003:1411,106.35,23.54,13.71,5.24,0
20231003:1511,341.82,16.23,13.86,5.17,0
20231003:1611,150.55,7.86,14.02,4.97,0
20231003:1711,0,0,13.63,4.97,0
20231003:1811,0,0,13.5,4.62,0
20231003:1911,0,0,14.21,5.24,0
20231003:2011,0,0,14.35,5.24,0
20231003:2111,0,0,14.47,5.1,0
20231003:2211,0,0,14.42,4.9,0
20231003:2311,0,0,14.33,4.69,0
20231004:0011,0,0,14.02,4.41,0
20231004:0111,0,0,14,4.41,0
20231004:0211,0,0,13.7,4.28,0
20231004:0311,0,0,13.65,4.14,0
20231004:0411,0,0,13.51,3.86,0
20231004:0511,0,0,13.11,3.59,0
20231004:0611,20.07,3.73,12.8,3.59,0
20231004:0711,73.57,12.39,13.15,3.66,0
20231004:0811,89.55,20.21,13.88,3.45,0
20231004:0911,211.6,26.66,14.85,4.21,0
20231004:1011,242.36,31.16,15.83,5.72,0
20231004:1111,192.24,33.15,16.52,5.93,0
20231004:1211,177.45,32.34,16.91,6.55,0
20231004:1311,226.18,28.85,16.87,6.55,0
20231004:1411,168.85,23.16,16.63,6.14,0
20231004:1511,86.74,15.86,16.39,5.52,0
20231004:1611,125.01,7.5,15.84,5.24,0
20231004:1711,0,0,15.36,4.9,0
20231004:1811,0,0,14.62,4.48,0
20231004:1911,0,0,14.44,4.48,0
20231004:2011,0,0,14.58,4.76,0
20231004:2111,0,0,14.62,4.9,0
20231004:2211,0,0,14.7,5.03,0
20231004:2311,0,0,14.64,4.97,0
20231005:0011,0,0,14.72,4.97,0
20231005:0111,0,0,14.76,4.9,0
20231005:0211,0,0,14.67,4.9,0
20231005:0311,0,0,14.62,4.76,0
20231005:0411,0,0,14.36,4.55,0
20231005:0511,0,0,14.34,4.34,0
20231005:0611,6.69,3.47,14.19,4.14,0
20231005:0711,59.24,12.11,14.08,4.14,0
20231005:0811,135.03,19.91,14.67,3.72,0
20231005:0911,200.71,26.33,15.21,4.07,0
20231005:1011,272.76,30.8,15.59,3.86,0
20231005:1111,263.46,32.77,15.96,3.93,0
20231005:1211,289,31.95,16.91,4,0
20231005:1311,255.48,28.46,17.2,3.59,0
20231005:1411,259.21,22.78,17.39,3.45,0
20231005:1511,185.29,15.49,17.3,3.45,0
20231005:1611,177.24,7.14,16.82,3.45,0
20231005:1711,0,0,16.09,3.31,0
20231005:1811,0,0,15.15,3.24,0
20231005:1911,0,0,15.02,3.52,0
20231005:2011,0,0,14.79,3.52,0
20231005:2111,0,0,14.02,3.45,0
20231005:2211,0,0,13.56,3.59,0
20231005:2311,0,0,13.08,3.86,0
20231006:0011,0,0,12.84,4.21,0
20231006:0111,0,0,12.8,4.48,0
20231006:0211,0,0,12.9,4.76,0
20231006:0311,0,0,12.91,4.97,0
20231006:0411,0,0,13.01,5.1,0
20231006:0511,0,0,12.9,5.24,0
20231006:0611,3.82,3.2,12.99,5.38,0
20231006:0711,73.57,11.83,13.48,5.72,0
20231006:0811,134.71,19.6,13.9,5.66,0
20231006:0911,201.83,26,14.76,5.72,0
20231006:1011,260.89,30.44,16.32,6.55,0
20231006:1111,278.01,32.38,17.81,7.1,0
20231006:1211,362.35,31.55,18.48,6.62,0
20231006:1311,254.85,28.08,19.12,6.9,0
20231006:1411,173.16,22.4,19.35,6.41,0
20231006:1511,75.06,15.12,19.09,6.14,0
20231006:1611,15.61,6.79,18.54,5.86,0
20231006:1711,0,0,17.75,5.66,0
20231006:1811,0,0,17.16,5.59,0
20231006:1911,0,0,16.76,5.86,0
20231006:2011,0,0,16.44,5.72,0
20231006:2111,0,0,16.04,5.52,0
20231006:2211,0,0,15.92,5.52,0
20231006:2311,0,0,15.79,5.72,0
20231007:0011,0,0,15.83,5.79,0
20231007:0111,0,0,16.01,5.59,0
20231007:0211,0,0,16.05,5.38,0
20231007:0311,0,0,16.19,5.24,0
20231007:0411,0,0,16.33,4.83,0
20231007:0511,0,0,16.51,4.76,0
20231007:0611,1.91,2.94,16.63,4.9,0
20231007:0711,62.11,11.55,17.13,5.24,0
20231007:0811,101.69,19.3,17.53,4.9,0
20231007:0911,192.08,25.67,18.48,7.03,0
20231007:1011,139.52,30.08,19.26,7.1,0
20231007:1111,305.25,32,19.78,7.31,0
20231007:1211,279.24,31.16,19.8,7.52,0
20231007:1311,328.78,27.69,19.56,7.38,0
20231007:1411,176.46,22.03,19.19,6.9,0
20231007:1511,120.17,14.76,19.41,7.24,0
20231007:1611,89.02,6.43,18.65,5.72,0
20231007:1711,0,0,18.02,5.59,0
20231007:1811,0,0,17.47,5.31,0
20231007:1911,0,0,17.64,5.66,0
20231007:2011,0,0,17.76,5.38,0
20231007:2111,0,0,17.85,4.97,0
20231007:2211,0,0,17.62,4.28,0
20231007:2311,0,0,17.37,3.66,0
20231008:0011,0,0,16.61,2.97,0
20231008:0111,0,0,15.91,2.9,0
20231008:0211,0,0,15.18,3.1,0
20231008:0311,0,0,14.34,2.9,0
20231008:0411,0,0,13.68,2.62,0
20231008:0511,0,0,13.08,2.34,0
20231008:0611,7.64,2.67,12.51,2.28,0
20231008:0711,55.42,11.27,12.75,2.21,0
20231008:0811,138.55,19,13.13,2.21,0
20231008:0911,194.68,25.34,13.81,2.48,0
20231008:1011,263.19,29.72,14.79,2.83,0
20231008:1111,346.88,31.62,15.57,2.69,0
20231008:1211,381.86,30.78,16.15,2.34,0
20231008:1311,45.86,27.3,16.32,2.21,0
20231008:1411,43.9,21.65,16.46,2,0
20231008:1511,113.51,14.4,16.68,1.72,0
20231008:1611,75.71,6.08,16.56,1.17,0
20231008:1711,0,0,16,1.72,0
20231008:1811,0,0,15.56,2.28,0
20231008:1911,0,0,15.12,2.55,0
20231008:2011,0,0,14.97,2.76,0
20231008:2111,0,0,14.72,2.76,0
20231008:2211,0,0,14.69,2.69,0
20231008:2311,0,0,14.28,2.69,0
20231009:0011,0,0,14.2,2.9,0
20231009:0111,0,0,14.49,3.38,0
20231009:0211,0,0,14.96,3.66,0
20231009:0311,0,0,15.29,3.66,0
20231009:0411,0,0,15.41,3.66,0
20231009:0511,0,0,15.32,3.38,0
20231009:0611,1.91,2.4,15.49,3.17,0
20231009:0711,49.69,10.99,15.92,3.45,0
20231009:0811,61.15,18.69,16.66,3.17,0
20231009:0911,124.89,25.01,17.15,3.59,0
20231009:1011,89.76,29.36,17.48,3.93,0
20231009:1111,146.35,31.24,18.29,5.24,0
20231009:1211,222.26,30.39,18.76,5.45,0
20231009:1311,82.93,26.92,18.77,5.66,0
20231009:1411,147.77,21.28,18.46,4.83,0
20231009:1511,106.78,14.04,18.22,4.41,0
20231009:1611,55.18,5.73,17.71,4,0
20231009:1711,0,0,16.93,3.38,0
20231009:1811,0,0,16.14,2.97,0
20231009:1911,0,0,16.12,2.41,0
20231009:2011,0,0,15.6,2.21,0
20231009:2111,0,0,15.29,1.93,0
20231009:2211,0,0,15.06,1.72,0
20231009:2311,0,0,15.04,1.59,0
20231010:0011,0,0,14.87,1.59,0
20231010:0111,0,0,14.88,1.59,0
20231010:0211,0,0,15.01,1.86,0
20231010:0311,0,0,15.04,2,0
20231010:0411,0,0,14.96,2,0
20231010:0511,0,0,14.95,2.07,0
20231010:0611,0.96,2.14,14.83,2.69,0
20231010:0711,31.53,10.71,14.77,2.83,0
20231010:0811,121.35,18.39,15.28,3.93,0
20231010:0911,188.16,24.68,16.35,4.14,0
20231010:1011,270.96,29.01,17.34,4,0
20231010:1111,359.03,30.87,18.67,3.93,0
20231010:1211,408.14,30,19.7,3.59,0
20231010:1311,214.91,26.54,20.36,3.45,0
20231010:1411,229.78,20.91,20.61,3.52,0
20231010:1511,62.44,13.68,20.5,3.38,0
20231010:1611,42.57,5.38,19.89,3.59,0
20231010:1711,0,0,18.85,3.86,0
20231010:1811,0,0,18.25,4.07,0
20231010:1911,0,0,18.05,4.76,0
20231010:2011,0,0,17.92,5.03,0
20231010:2111,0,0,17.64,5.31,0
20231010:2211,0,0,17.24,5.38,0
20231010:2311,0,0,16.85,5.38,0
20231011:0011,0,0,16.37,5.31,0
20231011:0111,0,0,16.02,5.24,0
20231011:0211,0,0,15.76,5.24,0
20231011:0311,0,0,15.56,5.17,0
20231011:0411,0,0,15.39,5.24,0
20231011:0511,0,0,15.36,5.31,0
20231011:0611,5.73,1.87,15.26,5.24,0
20231011:0711,47.78,10.43,16.1,5.59,0
20231011:0811,128.99,18.09,16.74,4.9,0
20231011:0911,75.13,24.35,17.36,6.97,0
20231011:1011,79.03,28.65,18.45,7.38,0
20231011:1111,290.64,30.49,19.04,7.45,0
20231011:1211,256.06,29.62,19.56,6.55,0
20231011:1311,153.47,26.16,19.76,6.9,0
20231011:1411,151.72,20.54,19.51,6.83,0
20231011:1511,84.15,13.33,19.54,6.76,0
20231011:1611,35.87,5.04,19.29,5.86,0
20231011:1711,0,0,18.77,5.52,0
20231011:1811,0,0,18.35,5.45,0
20231011:1911,0,0,17.55,5.52,0
20231011:2011,0,0,17.17,5.17,0
20231011:2111,0,0,16.86,5.03,0
20231011:2211,0,0,16.48,4.62,0
20231011:2311,0,0,15.95,3.45,0
20231012:0011,0,0,15.38,2.69,0
20231012:0111,0,0,14.8,2.69,0
20231012:0211,0,0,14.11,2.55,0
20231012:0311,0,0,13.63,1.52,0
20231012:0411,0,0,13.33,1.31,0
20231012:0511,0,0,13.11,1.38,0
20231012:0611,4.78,1.6,12.78,0.76,0
20231012:0711,66.89,10.14,13.38,1.17,0
20231012:0811,56.38,17.78,13.48,0.9,0
20231012:0911,118.06,24.02,13.85,1.31,0
20231012:1011,87.81,28.29,14.37,1.59,0
20231012:1111,103.42,30.11,15.06,1.79,0
20231012:1211,92.69,29.24,15.38,1.79,0
20231012:1311,38.05,25.78,15.23,1.79,0
20231012:1411,26.34,20.18,14.94,1.93,0
20231012:1511,24.39,12.97,14.78,2,0
20231012:1611,83.7,4.7,14.69,2.07,0
20231012:1711,0,0,14.65,1.79,0
20231012:1811,0,0,14.93,1.66,0
20231012:1911,0,0,14.95,2.48,0
20231012:2011,0,0,15.37,3.03,0
20231012:2111,0,0,15.88,3.59,0
20231012:2211,0,0,16.23,3.79,0
20231012:2311,0,0,16.37,4,0
20231013:0011,0,0,16.42,4.14,0
20231013:0111,0,0,16.38,4.55,0
20231013:0211,0,0,16.41,4.62,0
20231013:0311,0,0,16.38,4.55,0
20231013:0411,0,0,16.34,4.21,0
20231013:0511,0,0,16.27,4.28,0
20231013:0611,0.96,1.33,16.48,5.24,0
20231013:0711,10.51,9.86,17.36,6.83,0
20231013:0811,86,17.48,17.5,6.28,0
20231013:0911,99.52,23.69,18.72,7.72,0
20231013:1011,79.03,27.94,19.89,8.14,0
20231013:1111,205.5,29.74,20.49,8.76,0
20231013:1211,58.54,28.86,19.45,8.48,0
20231013:1311,48.78,25.41,19.3,8.14,0
20231013:1411,58.54,19.81,20.42,8.14,0
20231013:1511,24.39,12.62,20.28,8.14,0
20231013:1611,24.16,4.36,19.67,7.86,0
20231013:1711,0,0,19.47,7.86,0
20231013:1811,0,0,18.84,7.72,0
20231013:1911,0,0,18.08,7.66,0
20231013:2011,0,0,17.8,7.66,0
20231013:2111,0,0,17.7,7.79,0
20231013:2211,0,0,17.32,7.31,0
20231013:2311,0,0,15.41,5.93,0
20231014:0011,0,0,13.01,5.24,0
20231014:0111,0,0,12.4,4.28,0
20231014:0211,0,0,12.39,4.9,0
20231014:0311,0,0,12.37,5.1,0
20231014:0411,0,0,12.16,4.97,0
20231014:0511,0,0,11.91,4.69,0
20231014:0611,0,0,11.6,4.48,0
20231014:0711,65.93,9.58,11.41,4.76,0
20231014:0811,78.35,17.18,12.13,5.1,0
20231014:0911,142.72,23.36,12.56,5.66,0
20231014:1011,156.91,27.58,13.17,6.34,0
20231014:1111,119.03,29.37,13.55,6.48,0
20231014:1211,340.63,28.48,12.95,6.76,0
20231014:1311,78.05,25.03,12.5,6.34,0
20231014:1411,246.13,19.45,12.46,6.34,0
20231014:1511,262.83,12.28,12.04,5.72,0
20231014:1611,69.65,4.02,11.46,5.72,0
20231014:1711,0,0,10.93,5.03,0
20231014:1811,0,0,10.41,4.76,0
20231014:1911,0,0,10.19,4.41,0
20231014:2011,0,0,9.76,3.86,0
20231014:2111,0,0,9.5,4,0
20231014:2211,0,0,9.14,4.21,0
20231014:2311,0,0,8.82,4,0
20231015:0011,0,0,8.47,4,0
20231015:0111,0,0,8.07,3.86,0
20231015:0211,0,0,7.52,3.59,0
20231015:0311,0,0,7.17,3.24,0
20231015:0411,0,0,7.17,3.45,0
20231015:0511,0,0,7.09,3.31,0
20231015:0611,0,0,7,3.38,0
20231015:0711,64.02,9.3,7.12,3.31,0
20231015:0811,27.71,16.87,8.06,3.31,0
20231015:0911,178.83,23.03,8.94,4.28,0
20231015:1011,250.64,27.23,9.58,4.62,0
20231015:1111,50.73,29,10.12,4.69,0
20231015:1211,198.57,28.1,10.48,4.83,0
20231015:1311,420.1,24.66,10.62,4.9,0
20231015:1411,382.61,19.1,10.58,5.03,0
20231015:1511,288.04,11.93,10.08,5.17,0
20231015:1611,53.43,3.69,9.45,4.21,0
20231015:1711,0,0,8.77,3.31,0
20231015:1811,0,0,8.19,2.76,0
20231015:1911,0,0,7.61,2.76,0
20231015:2011,0,0,7.73,2.69,0
20231015:2111,0,0,7.72,2.69,0
20231015:2211,0,0,7.69,2.83,0
20231015:2311,0,0,7.76,2.69,0
20231016:0011,0,0,7.29,2.55,0
20231016:0111,0,0,7.02,2.48,0
20231016:0211,0,0,6.82,2.55,0
20231016:0311,0,0,6.9,2.55,0
20231016:0411,0,0,7.11,2.41,0
20231016:0511,0,0,7.12,2.21,0
20231016:0611,0,0,7.19,2.14,0
20231016:0711,49.69,9.01,7.71,2,0
20231016:0811,103.2,16.57,8.79,1.72,0
20231016:0911,179.96,22.7,10.18,1.72,0
20231016:1011,248.41,26.88,11.22,1.66,0
20231016:1111,276.35,28.63,11.86,1.45,0
20231016:1211,148.16,27.73,12.14,1.45,0
20231016:1311,298.38,24.3,12.2,1.45,0
20231016:1411,224.65,18.74,12.23,1.38,0
20231016:1511,113.14,11.59,12.03,1.24,0
20231016:1611,5.85,3.36,11.61,1.03,0
20231016:1711,0,0,10.59,1.38,0
20231016:1811,0,0,9.49,1.66,0
20231016:1911,0,0,8.51,2,0
20231016:2011,0,0,8.14,2.14,0
20231016:2111,0,0,7.84,2,0
20231016:2211,0,0,7.38,2,0
20231016:2311,0,0,6.88,2.07,0
20231017:0011,0,0,6.43,2,0
20231017:0111,0,0,6.18,2,0
20231017:0211,0,0,5.76,2.07,0
20231017:0311,0,0,5.57,2.14,0
20231017:0411,0,0,5.27,2.21,0
20231017:0511,0,0,4.94,2.21,0
20231017:0611,0,0,4.53,2.34,0
20231017:0711,45.86,8.73,4.91,2.48,0
20231017:0811,70.71,16.26,6.92,2.48,0
20231017:0911,124.89,22.37,8.86,3.03,0
20231017:1011,240.78,26.53,10.3,3.31,0
20231017:1111,334.92,28.26,11.32,3.52,0
20231017:1211,394.53,27.36,11.94,3.93,0
20231017:1311,412.34,23.93,12.34,3.86,0
20231017:1411,357.1,18.39,12.33,3.79,0
20231017:1511,279.76,11.26,11.94,3.38,0
20231017:1611,48.34,3.04,10.88,3.31,0
20231017:1711,0,0,9.41,3.45,0
20231017:1811,0,0,8.5,3.59,0
20231017:1911,0,0,7.55,3.45,0
20231017:2011,0,0,7.04,3.59,0
20231017:2111,0,0,6.66,3.72,0
20231017:2211,0,0,6.37,3.66,0
20231017:2311,0,0,6.09,3.59,0
20231018:0011,0,0,5.83,3.59,0
20231018:0111,0,0,5.58,3.66,0
20231018:0211,0,0,5.51,3.79,0
20231018:0311,0,0,5.4,3.93,0
20231018:0411,0,0,5.37,4.07,0
20231018:0511,0,0,5.36,4.21,0
20231018:0611,0,0,5.41,4.21,0
20231018:0711,57.33,8.45,5.54,4.34,0
20231018:0811,118.48,15.96,6.5,4.14,0
20231018:0911,172.78,22.05,7.65,4.9,0
20231018:1011,219.17,26.18,8.92,5.17,0
20231018:1111,294.98,27.9,9.93,4.97,0
20231018:1211,289.38,26.99,10.87,5.1,0
20231018:1311,263.78,23.57,11.7,5.38,0
20231018:1411,195.41,18.04,11.9,5.31,0
20231018:1511,94.71,10.92,11.63,5.72,0
20231018:1611,7.81,2.71,11.07,5.93,0
20231018:1711,0,0,10.58,6,0
20231018:1811,0,0,10.5,6.07,0
20231018:1911,0,0,11.09,6,0
20231018:2011,0,0,11.14,6,0
20231018:2111,0,0,10.38,5.59,0
20231018:2211,0,0,10.05,5.66,0
20231018:2311,0,0,9.52,5.66,0
20231019:0011,0,0,9.7,5.66,0
20231019:0111,0,0,10.04,5.31,0
20231019:0211,0,0,10.57,4.48,0
20231019:0311,0,0,11.24,3.52,0
20231019:0411,0,0,12.47,2.9,0
20231019:0511,0,0,13.93,3.17,0
20231019:0611,0,0,14.58,3.38,0
20231019:0711,46.82,8.17,13.87,3.03,0
20231019:0811,78.35,15.66,14.21,3.24,0
20231019:0911,43.9,21.72,14.67,2.69,0
20231019:1011,212.51,25.83,15.97,3.72,0
20231019:1111,222.45,27.54,16.84,3.31,0
20231019:1211,40.98,26.63,17.44,3.17,0
20231019:1311,133.88,23.21,17.75,3.03,0
20231019:1411,40.98,17.7,17.78,2.76,0
20231019:1511,71.56,10.59,17.27,3.03,0
20231019:1611,1.95,2.39,16.35,3.24,0
20231019:1711,0,0,15.22,3.72,0
20231019:1811,0,0,14.33,4.07,0
20231019:1911,0,0,13.46,3.93,0
20231019:2011,0,0,13.03,4.48,0
20231019:2111,0,0,12.6,4.41,0
20231019:2211,0,0,12.29,4.34,0
20231019:2311,0,0,11.96,4.48,0
20231020:0011,0,0,11.63,4.83,0
20231020:0111,0,0,11.1,5.03,0
20231020:0211,0,0,10.54,5.17,0
20231020:0311,0,0,10.05,5.66,0
20231020:0411,0,0,9.52,5.72,0
20231020:0511,0,0,9.21,5.93,0
20231020:0611,0,0,8.94,6.14,0
20231020:0711,12.42,7.88,8.68,6.69,0
20231020:0811,37.26,15.36,8.6,6.76,0
20231020:0911,39.03,21.39,8.53,6.55,0
20231020:1011,45.86,25.48,8.43,6.76,0
20231020:1111,47.81,27.18,8.33,7.1,0
20231020:1211,63.42,26.26,8.22,6.9,0
20231020:1311,31.22,22.86,8.16,6.76,0
20231020:1411,40,17.36,8.14,6.76,0
20231020:1511,11.71,10.26,8.09,7.24,0
20231020:1611,1.95,2.08,7.95,6.62,0
20231020:1711,0,0,7.97,5.17,0
20231020:1811,0,0,8.26,3.72,0
20231020:1911,0,0,10.31,2.76,0
20231020:2011,0,0,11.63,3.38,0
20231020:2111,0,0,12.57,4,0
20231020:2211,0,0,12.61,4,0
20231020:2311,0,0,12.25,3.66,0
20231021:0011,0,0,11.97,3.31,0
20231021:0111,0,0,11.71,3.31,0
20231021:0211,0,0,11.57,3.38,0
20231021:0311,0,0,11.54,3.31,0
20231021:0411,0,0,11.49,3.38,0
20231021:0511,0,0,11.52,3.52,0
20231021:0611,0,0,11.75,3.66,0
20231021:0711,40.13,7.6,11.99,4.34,0
20231021:0811,109.88,15.05,12.8,4.76,0
20231021:0911,41.95,21.07,13.63,5.1,0
20231021:1011,144.13,25.14,13.66,5.72,0
20231021:1111,184.78,26.82,14.02,5.59,0
20231021:1211,113.18,25.9,14.81,6.14,0
20231021:1311,318.94,22.51,15.26,5.93,0
20231021:1411,279.61,17.02,15.47,5.93,0
20231021:1511,170.5,9.94,14.97,5.72,0
20231021:1611,6.83,1.77,13.63,5.59,0
20231021:1711,0,0,12.74,5.66,0
20231021:1811,0,0,12.51,5.59,0
20231021:1911,0,0,13.3,6.21,0
20231021:2011,0,0,13.52,6.34,0
20231021:2111,0,0,13.01,6.34,0
20231021:2211,0,0,13.27,6.48,0
20231021:2311,0,0,13.59,6.48,0
20231022:0011,0,0,13.72,6.69,0
20231022:0111,0,0,13.32,6.97,0
20231022:0211,0,0,12.73,6.97,0
20231022:0311,0,0,12.44,7.1,0
20231022:0411,0,0,12.47,7.45,0
20231022:0511,0,0,12.43,7.1,0
20231022:0611,0,0,12.1,6.14,0
20231022:0711,46.82,7.32,11.98,5.17,0
20231022:0811,107.97,14.75,11.93,4.55,0
20231022:0911,155.37,20.75,12.31,4.07,0
20231022:1011,216.57,24.8,13.02,4.41,0
20231022:1111,37.08,26.47,13.51,4.41,0
20231022:1211,133.51,25.55,13.81,4.41,0
20231022:1311,46.83,22.16,14.12,4.48,0
20231022:1411,47.81,16.68,14.11,4.28,0
20231022:1511,132.23,9.62,13.84,3.17,0
20231022:1611,0.98,1.46,12.81,2.34,0
20231022:1711,0,0,11.57,2.14,0
20231022:1811,0,0,10.46,2.14,0
20231022:1911,0,0,10.27,2.28,0
20231022:2011,0,0,9.85,2.21,0
20231022:2111,0,0,9.59,2.21,0
20231022:2211,0,0,9.59,2.07,0
20231022:2311,0,0,9.25,2.14,0
20231023:0011,0,0,9.06,2.14,0
20231023:0111,0,0,8.77,2.14,0
20231023:0211,0,0,8.43,2.07,0
20231023:0311,0,0,8.13,2.07,0
20231023:0411,0,0,7.92,2,0
20231023:0511,0,0,7.4,2,0
20231023:0611,0,0,7.14,1.79,0
20231023:0711,45.86,7.04,6.78,1.93,0
20231023:0811,101.28,14.45,8.54,1.52,0
20231023:0911,112.21,20.43,10.16,1.79,0
20231023:1011,99.52,24.46,11.92,2.07,0
20231023:1111,100.49,26.11,13.33,2.28,0
20231023:1211,172.37,25.19,14.12,2.62,0
20231023:1311,179.68,21.81,14.43,2.9,0
20231023:1411,78.05,16.35,14.31,3.31,0
20231023:1511,40.98,9.3,13.81,3.38,0
20231023:1611,0,0,13.01,3.72,0
20231023:1711,0,0,12.41,4.07,0
20231023:1811,0,0,12.06,4.28,0
20231023:1911,0,0,11.75,4.28,0
20231023:2011,0,0,11.67,4.34,0
20231023:2111,0,0,11.57,4.48,0
20231023:2211,0,0,11.46,4.76,0
20231023:2311,0,0,11.15,4.76,0
20231024:0011,0,0,11.06,4.76,0
20231024:0111,0,0,11.12,4.76,0
20231024:0211,0,0,11.33,4.28,0
20231024:0311,0,0,11.65,3.59,0
20231024:0411,0,0,11.98,3.72,0
20231024:0511,0,0,11.97,4.34,0
20231024:0611,0,0,11.7,4.55,0
20231024:0711,42.04,6.76,11.4,4.14,0
20231024:0811,58.29,14.15,11.49,4.41,0
20231024:0911,89.76,20.11,11.67,4.83,0
20231024:1011,178.7,24.12,12.25,5.24,0
20231024:1111,190.91,25.76,13.07,4.9,0
20231024:1211,46.83,24.84,13.38,5.03,0
20231024:1311,29.27,21.47,13.1,4.48,0
20231024:1411,126.93,16.02,12.62,4.07,0
20231024:1511,85.82,8.99,12.27,4.48,0
20231024:1611,0,0,12.01,4.21,0
20231024:1711,0,0,11.53,4,0
20231024:1811,0,0,11,3.93,0
20231024:1911,0,0,10.9,4.41,0
20231024:2011,0,0,10.65,4.48,0
20231024:2111,0,0,10.48,4.48,0
20231024:2211,0,0,10.1,4.41,0
20231024:2311,0,0,9.76,4.21,0
20231025:0011,0,0,9.42,4,0
20231025:0111,0,0,9.16,3.79,0
20231025:0211,0,0,8.86,3.52,0
20231025:0311,0,0,8.46,3.31,0
20231025:0411,0,0,8.08,3.17,0
20231025:0511,0,0,7.8,3.17,0
20231025:0611,0,0,7.59,3.03,0
20231025:0711,21.98,6.48,8.29,2.9,0
20231025:0811,50.64,13.86,9.1,2.83,0
20231025:0911,114.09,19.79,10.17,2.9,0
20231025:1011,44.88,23.78,10.92,3.17,0
20231025:1111,40.98,25.42,11.54,3.03,0
20231025:1211,43.9,24.5,11.66,3.03,0
20231025:1311,90.74,21.13,11.83,3.31,0
20231025:1411,37.08,15.7,11.7,3.79,0
20231025:1511,20.49,8.68,11.44,4.55,0
20231025:1611,0,0,11.19,4.62,0
20231025:1711,0,0,10.94,4.48,0
20231025:1811,0,0,10.72,4.21,0
20231025:1911,0,0,10.47,3.72,0
20231025:2011,0,0,10.26,3.38,0
20231025:2111,0,0,10.18,3.1,0
20231025:2211,0,0,10.08,2.97,0
20231025:2311,0,0,9.95,2.83,0
20231026:0011,0,0,9.85,2.69,0
20231026:0111,0,0,9.4,2.48,0
20231026:0211,0,0,8.91,2.21,0
20231026:0311,0,0,8.75,1.93,0
20231026:0411,0,0,8.68,1.59,0
20231026:0511,0,0,8.25,1.17,0
20231026:0611,0,0,8.07,0.83,0
20231026:0711,39.18,6.2,8.05,1.03,0
20231026:0811,98.42,13.56,9.44,0.9,0
20231026:0911,139.9,19.47,10.58,1.59,0
20231026:1011,174.48,23.45,11.58,2.34,0
20231026:1111,207.07,25.07,12.15,2.21,0
20231026:1211,244.84,24.15,12.38,2.28,0
20231026:1311,152.38,20.8,12.5,2.48,0
20231026:1411,179.01,15.38,12.35,2.34,0
20231026:1511,51.97,8.38,11.95,2.14,0
20231026:1611,0,0,11.31,2,0
20231026:1711,0,0,10.55,2.34,0
20231026:1811,0,0,10.16,2.34,0
20231026:1911,0,0,9.57,2.21,0
20231026:2011,0,0,9.39,2.34,0
20231026:2111,0,0,9.34,2.41,0
20231026:2211,0,0,9.12,2.48,0
20231026:2311,0,0,9.07,2.41,0
20231027:0011,0,0,9.03,2.41,0
20231027:0111,0,0,9.1,2.41,0
20231027:0211,0,0,9.05,2.55,0
20231027:0311,0,0,8.91,2.34,0
20231027:0411,0,0,8.74,2.28,0
20231027:0511,0,0,8.74,2.34,0
20231027:0611,0,0,8.82,2.41,0
20231027:0711,13.38,5.92,8.69,2.69,0
20231027:0811,16.24,13.26,8.85,2.69,0
20231027:0911,101.42,19.16,9.05,2.69,0
20231027:1011,47.81,23.12,9.37,2.34,0
20231027:1111,62.44,24.73,9.93,2.69,0
20231027:1211,66.35,23.81,10.33,2.28,0
20231027:1311,65.37,20.47,10.3,1.66,0
20231027:1411,32.2,15.07,10.41,1.38,0
20231027:1511,38.05,8.08,10.26,1.24,0
20231027:1611,0,0,10.21,0.97,0
20231027:1711,0,0,10.21,1.1,0
20231027:1811,0,0,10.21,1.38,0
20231027:1911,0,0,10.22,1.17,0
20231027:2011,0,0,10.17,1.52,0
20231027:2111,0,0,9.65,2.14,0
20231027:2211,0,0,9.54,2.28,0
20231027:2311,0,0,9.28,2.41,0
20231028:0011,0,0,9.14,2.69,0
20231028:0111,0,0,9.02,2.69,0
20231028:0211,0,0,9,2.9,0
20231028:0311,0,0,8.69,2.83,0
20231028:0411,0,0,8.49,2.76,0
20231028:0511,0,0,8.23,2.83,0
20231028:0611,0,0,7.93,3.1,0
20231028:0711,28.67,5.64,8.49,3.59,0
20231028:0811,74.53,12.97,9.43,3.79,0
20231028:0911,56.59,18.84,10.25,3.59,0
20231028:1011,192.69,22.79,10.83,4,0
20231028:1111,144.54,24.4,11.19,4.21,0
20231028:1211,196.66,23.48,11.66,4.55,0
20231028:1311,145.44,20.15,12.49,4.14,0
20231028:1411,114.44,14.76,12.62,4.07,0
20231028:1511,135.23,7.78,12.42,3.52,0
20231028:1611,0,0,12.02,3.45,0
20231028:1711,0,0,11.33,3.59,0
20231028:1811,0,0,10.77,3.79,0
20231028:1911,0,0,10.83,4.34,0
20231028:2011,0,0,10.79,4.69,0
20231028:2111,0,0,10.66,4.76,0
20231028:2211,0,0,10.68,5.17,0
20231028:2311,0,0,10.94,5.59,0
20231029:0011,0,0,11.39,6.21,0
20231029:0111,0,0,12.1,6.9,0
20231029:0211,0,0,12.61,6.55,0
20231029:0311,0,0,13.01,6.9,0
20231029:0411,0,0,13.23,7.38,0
20231029:0511,0,0,13.15,7.86,0
20231029:0611,0,0,12.62,8.34,0
20231029:0711,32.49,5.37,12.63,7.66,0
20231029:0811,63.06,12.68,12.64,7.52,0
20231029:0911,102.95,18.53,13.26,7.66,0
20231029:1011,176.03,22.46,13.9,6.83,0
20231029:1111,244.18,24.06,14.45,6.28,0
20231029:1211,107.32,23.15,14.98,6.83,0
20231029:1311,46.83,19.82,15.17,6.34,0
20231029:1411,55.61,14.45,14.88,6.07,0
20231029:1511,7.81,7.49,13.82,5.59,0
20231029:1611,0,0,13.36,6.28,0
20231029:1711,0,0,12.98,7.03,0
20231029:1811,0,0,12.76,7.72,0
20231029:1911,0,0,11.8,6.9,0
20231029:2011,0,0,11.67,7.03,0
20231029:2111,0,0,11.79,6.9,0
20231029:2211,0,0,11.73,6.41,0
20231029:2311,0,0,11.39,5.93,0
20231030:0011,0,0,10.96,5.59,0
20231030:0111,0,0,10.58,5.31,0
20231030:0211,0,0,10.35,5.17,0
20231030:0311,0,0,10.14,4.97,0
20231030:0411,0,0,9.88,4.62,0
20231030:0511,0,0,9.68,4.41,0
20231030:0611,0,0,9.53,4.41,0
20231030:0711,31.53,5.09,10.1,4.62,0
20231030:0811,64.02,12.38,10.99,4.69,0
20231030:0911,74.77,18.22,12.02,4.07,0
20231030:1011,164.06,22.14,13.26,6.28,0
20231030:1111,220.41,23.73,13.46,4.62,0
20231030:1211,95.62,22.82,13.71,3.59,0
20231030:1311,156.92,19.51,13.68,2.55,0
20231030:1411,107.17,14.15,13.61,1.52,0
20231030:1511,39.85,7.21,13.15,0.9,0
20231030:1611,0,0,12.33,1.24,0
20231030:1711,0,0,11.47,1.45,0
20231030:1811,0,0,11.21,1.72,0
20231030:1911,0,0,11.22,1.86,0
20231030:2011,0,0,11.3,1.31,0
20231030:2111,0,0,11.28,0.97,0
20231030:2211,0,0,11.26,1.24,0
20231030:2311,0,0,11.15,2.07,0
20231031:0011,0,0,11.05,3.1,0
20231031:0111,0,0,10.96,4.14,0
20231031:0211,0,0,10.85,4.34,0
20231031:0311,0,0,10.71,4.07,0
20231031:0411,0,0,10.55,3.72,0
20231031:0511,0,0,10.37,3.66,0
20231031:0611,0,0,10.34,3.86,0
20231031:0711,8.6,4.82,9.93,4.07,0
20231031:0811,86,12.09,10.36,4.28,0
20231031:0911,74.36,17.92,10.99,4.55,0
20231031:1011,180.11,21.82,11.9,4.21,0
20231031:1111,240.27,23.41,12.55,3.79,0
20231031:1211,218.13,22.49,12.65,3.52,0
20231031:1311,298.35,19.19,12.67,3.52,0
20231031:1411,110.42,13.85,12.29,3.31,0
20231031:1511,47.65,6.93,11.88,2.83,0
20231031:1611,0,0,11.02,2.55,0
20231031:1711,0,0,10.37,2.21,0
20231031:1811,0,0,10.02,2.14,0
20231031:1911,0,0,9.5,2.41,0
20231031:2011,0,0,9.45,2.55,0
20231031:2111,0,0,9.4,2.41,0
20231031:2211,0,0,9.36,2.69,0
20231031:2311,0,0,9.34,2.97,0
20231101:0011,0,0,9.41,3.24,0
20231101:0111,0,0,9.73,3.66,0
20231101:0211,0,0,9.93,3.66,0
20231101:0311,0,0,9.86,3.31,0
20231101:0411,0,0,9.79,3.31,0
20231101:0511,0,0,9.72,3.38,0
20231101:0611,0,0,9.98,3.59,0
20231101:0711,14.33,4.55,10.35,3.45,0
20231101:0811,56.38,11.81,11.36,4.34,0
20231101:0911,116.58,17.61,12.35,4.97,0
20231101:1011,117.34,21.5,12.91,5.45,0
20231101:1111,166.23,23.08,13.59,7.1,0
20231101:1211,256.9,22.17,13.87,6,0
20231101:1311,276.2,18.89,14.24,5.38,0
20231101:1411,159.72,13.56,14.57,5.86,0
20231101:1511,92.09,6.65,14.4,5.93,0
20231101:1611,0,0,13.63,6.14,0
20231101:1711,0,0,12.93,6.62,0
20231101:1811,0,0,12.2,6.48,0
20231101:1911,0,0,11.74,6.41,0
20231101:2011,0,0,11.42,6.41,0
20231101:2111,0,0,11.2,6,0
20231101:2211,0,0,10.66,5.38,0
20231101:2311,0,0,10.22,5.03,0
20231102:0011,0,0,9.87,5.1,0
20231102:0111,0,0,9.73,5.45,0
20231102:0211,0,0,9.93,6,0
20231102:0311,0,0,10.27,6.41,0
20231102:0411,0,0,10.44,6.9,0
20231102:0511,0,0,10.43,7.52,0
20231102:0611,0,0,10.21,8.28,0
20231102:0711,24.84,4.27,10.48,8.76,0
20231102:0811,81.22,11.52,10.65,8.21,0
20231102:0911,71.22,17.31,11.64,8.21,0
20231102:1011,42.93,21.19,12.62,8.9,0
20231102:1111,59.52,22.76,13.09,9.45,0
20231102:1211,196.95,21.86,13.49,10.97,0
20231102:1311,127.53,18.58,13.55,10.41,0
20231102:1411,38.05,13.27,13.39,10.62,0
20231102:1511,68.67,6.38,12.68,11.1,0
20231102:1611,0,0,11.41,10.83,0
20231102:1711,0,0,10.81,10.55,0
20231102:1811,0,0,10.06,10.28,0
20231102:1911,0,0,11.01,10.48,0
20231102:2011,0,0,10.73,10.28,0
20231102:2111,0,0,9.85,9.93,0
20231102:2211,0,0,9.07,9.59,0
20231102:2311,0,0,8.12,9.38,0
20231103:0011,0,0,7.83,8.9,0
20231103:0111,0,0,8.07,8.41,0
20231103:0211,0,0,8.67,8.34,0
20231103:0311,0,0,8.91,8.28,0
20231103:0411,0,0,8.92,7.86,0
20231103:0511,0,0,8.93,7.66,0
20231103:0611,0,0,9.04,7.38,0
20231103:0711,3.82,4.01,9.2,7.45,0
20231103:0811,17.2,11.24,9.32,7.17,0
20231103:0911,122.49,17.01,9.58,7.03,0
20231103:1011,171.51,20.88,10.14,6.83,0
20231103:1111,190.45,22.45,10.6,6.14,0
20231103:1211,237.92,21.55,11,7.1,0
20231103:1311,140.82,18.28,11.07,6.9,0
20231103:1411,128.01,12.99,11.07,6.69,0
20231103:1511,64.28,6.11,10.7,6.62,0
20231103:1611,0,0,10.24,6.28,0
20231103:1711,0,0,9.81,6.07,0
20231103:1811,0,0,9.41,5.93,0
20231103:1911,0,0,9.12,6.07,0
20231103:2011,0,0,8.85,6,0
20231103:2111,0,0,8.42,5.86,0
20231103:2211,0,0,8.08,5.72,0
20231103:2311,0,0,7.93,5.66,0
20231104:0011,0,0,7.77,5.66,0
20231104:0111,0,0,7.62,5.72,0
20231104:0211,0,0,7.52,5.66,0
20231104:0311,0,0,7.82,5.59,0
20231104:0411,0,0,8.31,5.59,0
20231104:0511,0,0,8.65,5.45,0
20231104:0611,0,0,8.36,5.24,0
20231104:0711,9.56,3.74,8.37,5.1,0
20231104:0811,52.55,10.95,8.62,5.38,0
20231104:0911,118.46,16.71,9.13,4.97,0
20231104:1011,121.63,20.57,10.08,7.45,0
20231104:1111,170.33,22.13,10.56,6.62,0
20231104:1211,98.54,21.24,10.6,4.48,0
20231104:1311,34.15,17.99,10.43,5.45,0
20231104:1411,16.59,12.71,9.4,6.55,0
20231104:1511,5.85,5.85,8.7,7.31,0
20231104:1611,0,0,8.47,6.48,0
20231104:1711,0,0,8.79,5.17,0
20231104:1811,0,0,9.4,4.83,0
20231104:1911,0,0,9.3,4.69,0
20231104:2011,0,0,9.53,4.83,0
20231104:2111,0,0,9.74,4.83,0
20231104:2211,0,0,9.79,4.76,0
20231104:2311,0,0,9.52,4.69,0
20231105:0011,0,0,9.16,4.69,0
20231105:0111,0,0,8.77,4.55,0
20231105:0211,0,0,8.52,4.14,0
20231105:0311,0,0,8.45,3.72,0
20231105:0411,0,0,8.36,3.59,0
20231105:0511,0,0,8.49,3.52,0
20231105:0611,0,0,8.56,3.03,0
20231105:0711,20.07,3.47,8.52,2.9,0
20231105:0811,73.57,10.67,8.96,2.97,0
20231105:0911,67.84,16.42,9.74,2.97,0
20231105:1011,115.55,20.26,10.27,4.21,0
20231105:1111,80.98,21.83,10.64,4.21,0
20231105:1211,29.27,20.94,11.05,4.41,0
20231105:1311,156.81,17.7,11.11,5.66,0
20231105:1411,64.03,12.44,11.21,5.93,0
20231105:1511,35.34,5.6,10.93,6.55,0
20231105:1611,0,0,10.47,7.59,0
20231105:1711,0,0,10.34,8.21,0
20231105:1811,0,0,10.12,8.21,0
20231105:1911,0,0,10.18,7.66,0
20231105:2011,0,0,10.17,6.83,0
20231105:2111,0,0,9.77,5.86,0
20231105:2211,0,0,9.62,5.24,0
20231105:2311,0,0,9.26,5.24,0
20231106:0011,0,0,9.01,5.1,0
20231106:0111,0,0,8.81,4.97,0
20231106:0211,0,0,8.86,5.1,0
20231106:0311,0,0,8.91,5.17,0
20231106:0411,0,0,8.89,5.24,0
20231106:0511,0,0,8.9,5.52,0
20231106:0611,0,0,9.05,5.79,0
20231106:0711,18.15,3.21,8.88,5.86,0
20231106:0811,57.33,10.4,9.03,6.21,0
20231106:0911,120.39,16.13,9.49,6.62,0
20231106:1011,164.52,19.96,10.18,7.38,0
20231106:1111,170.01,21.52,10.66,8.34,0
20231106:1211,64.39,20.64,11,7.72,0
20231106:1311,91.82,17.42,11.01,7.52,0
20231106:1411,45.86,12.17,10.99,6.55,0
20231106:1511,52.07,5.35,10.77,5.59,0
20231106:1611,0,0,10.24,5.17,0
20231106:1711,0,0,9.9,4.97,0
20231106:1811,0,0,9.56,4.97,0
20231106:1911,0,0,9.17,5.1,0
20231106:2011,0,0,9.17,5.17,0
20231106:2111,0,0,9.11,5.24,0
20231106:2211,0,0,8.93,5.24,0
20231106:2311,0,0,8.7,5.17,0
20231107:0011,0,0,8.66,5.31,0
20231107:0111,0,0,8.54,5.45,0
20231107:0211,0,0,8.48,5.45,0
20231107:0311,0,0,8.57,5.17,0
20231107:0411,0,0,8.46,4.9,0
20231107:0511,0,0,8.61,4.9,0
20231107:0611,0,0,8.72,5.03,0
20231107:0711,14.33,2.94,8.03,4.83,0
20231107:0811,65.93,10.12,8.23,4.97,0
20231107:0911,69.75,15.84,8.87,6.55,0
20231107:1011,150.03,19.67,9.6,6.55,0
20231107:1111,196.88,21.22,10.13,6,0
20231107:1211,28.29,20.35,10.51,5.17,0
20231107:1311,244.13,17.14,10.93,5.31,0
20231107:1411,184.72,11.91,10.87,5.38,0
20231107:1511,42.12,5.1,10.35,5.24,0
20231107:1611,0,0,9.63,5.38,0
20231107:1711,0,0,9.26,5.03,0
20231107:1811,0,0,8.91,5.1,0
20231107:1911,0,0,8.71,5.1,0
20231107:2011,0,0,8.49,5.1,0
20231107:2111,0,0,8.41,5.1,0
20231107:2211,0,0,8.29,5.03,0
20231107:2311,0,0,8.4,4.9,0
20231108:0011,0,0,8.26,4.83,0
20231108:0111,0,0,8.13,4.9,0
20231108:0211,0,0,8.2,4.9,0
20231108:0311,0,0,8.14,4.76,0
20231108:0411,0,0,7.99,4.76,0
20231108:0511,0,0,7.96,4.9,0
20231108:0611,0,0,7.94,4.97,0
20231108:0711,10.51,2.68,7.82,5.1,0
20231108:0811,64.02,9.85,8.16,5.24,0
20231108:0911,103.2,15.56,8.74,5.38,0
20231108:1011,149.39,19.37,9.45,7.24,0
20231108:1111,98.54,20.93,10.1,6.76,0
20231108:1211,193.87,20.06,10.6,5.79,0
20231108:1311,53.66,16.86,11,5.86,0
20231108:1411,59.18,11.65,10.93,6.76,0
20231108:1511,13.66,4.86,10.55,7.1,0
20231108:1611,0,0,9.76,7.17,0
20231108:1711,0,0,9.25,7.52,0
20231108:1811,0,0,9.39,7.38,0
20231108:1911,0,0,9.36,7.31,0
20231108:2011,0,0,9.63,6.97,0
20231108:2111,0,0,9.95,6.69,0
20231108:2211,0,0,10.26,6.62,0
20231108:2311,0,0,10.45,6.48,0
20231109:0011,0,0,10.61,6.41,0
20231109:0111,0,0,10.61,6.21,0
20231109:0211,0,0,10.53,5.79,0
20231109:0311,0,0,10.56,5.38,0
20231109:0411,0,0,10.6,5.17,0
20231109:0511,0,0,10.62,4.62,0
20231109:0611,0,0,10.21,4.34,0
20231109:0711,2.87,2.43,10,4,0
20231109:0811,22.93,9.58,9.62,3.52,0
20231109:0911,98.42,15.28,9.7,3.38,0
20231109:1011,145.45,19.08,10.35,3.52,0
20231109:1111,202.9,20.64,10.75,3.93,0
20231109:1211,248.61,19.78,10.98,4.55,0
20231109:1311,151.15,16.59,10.98,4.76,0
20231109:1411,126.61,11.4,10.74,4.83,0
20231109:1511,32.14,4.63,10.41,5.31,0
20231109:1611,0,0,9.93,5.59,0
20231109:1711,0,0,9.5,5.66,0
20231109:1811,0,0,9.09,5.79,0
20231109:1911,0,0,8.72,4.97,0
20231109:2011,0,0,8.32,4.55,0
20231109:2111,0,0,7.92,4.55,0
20231109:2211,0,0,7.74,4.83,0
20231109:2311,0,0,7.41,4.97,0
20231110:0011,0,0,6.9,5.1,0
20231110:0111,0,0,6.87,5.24,0
20231110:0211,0,0,6.9,5.31,0
20231110:0311,0,0,7.15,5.45,0
20231110:0411,0,0,7.38,5.45,0
20231110:0511,0,0,7.44,5.38,0
20231110:0611,0,0,7.33,5.45,0
20231110:0711,7.64,2.17,7.47,5.17,0
20231110:0811,12.42,9.31,7.52,5.31,0
20231110:0911,78.35,15,7.66,4.69,0
20231110:1011,53.66,18.8,7.85,5.1,0
20231110:1111,45.86,20.35,8.1,4.9,0
20231110:1211,39.03,19.5,8.27,5.1,0
20231110:1311,48.78,16.33,8.44,5.17,0
20231110:1411,95.57,11.16,8.61,4.69,0
20231110:1511,47.4,4.4,8.55,4.14,0
20231110:1611,0,0,8.14,3.52,0
20231110:1711,0,0,7.69,3.03,0
20231110:1811,0,0,7.41,2.69,0
20231110:1911,0,0,7.42,2.55,0
20231110:2011,0,0,7.08,2.14,0
20231110:2111,0,0,6.88,2.07,0
20231110:2211,0,0,6.95,2.21,0
20231110:2311,0,0,6.8,2.62,0
20231111:0011,0,0,6.7,3.1,0
20231111:0111,0,0,6.77,3.66,0
20231111:0211,0,0,6.67,3.93,0
20231111:0311,0,0,6.49,4.21,0
20231111:0411,0,0,6.56,4.48,0
20231111:0511,0,0,6.56,4.55,0
20231111:0611,0,0,6.46,4.41,0
20231111:0711,0.96,1.92,6,3.86,0
20231111:0811,20.07,9.05,6.51,3.72,0
20231111:0911,107.02,14.72,7.36,3.72,0
20231111:1011,139.13,18.52,8.19,3.66,0
20231111:1111,161.76,20.07,8.76,3.93,0
20231111:1211,244.36,19.23,9.19,4.9,0
20231111:1311,184.14,16.07,9.51,4.62,0
20231111:1411,25.37,10.92,9.44,4.07,0
20231111:1511,29.63,4.17,8.91,3.79,0
20231111:1611,0,0,8.09,3.45,0
20231111:1711,0,0,7.57,3.38,0
20231111:1811,0,0,7.01,3.24,0
20231111:1911,0,0,6.85,2.97,0
20231111:2011,0,0,6.14,2.83,0
20231111:2111,0,0,5.77,2.55,0
20231111:2211,0,0,5.22,2.62,0
20231111:2311,0,0,5.16,2.62,0
20231112:0011,0,0,5.24,2.55,0
20231112:0111,0,0,5.23,2.34,0
20231112:0211,0,0,5.01,2.28,0
20231112:0311,0,0,4.72,2.62,0
20231112:0411,0,0,4.65,2.76,0
20231112:0511,0,0,4.59,2.41,0
20231112:0611,0,0,4.18,2.34,0
20231112:0711,4.78,1.67,4.71,2.28,0
20231112:0811,50.64,8.79,4.97,2.28,0
20231112:0911,89.82,14.45,6.16,2.21,0
20231112:1011,119.28,18.24,7.37,2.34,0
20231112:1111,194.82,19.8,8.25,2.34,0
20231112:1211,209.32,18.96,8.9,2.48,0
20231112:1311,133.44,15.82,9.39,2.69,0
20231112:1411,206.19,10.68,9.37,2.62,0
20231112:1511,32.62,3.96,8.77,2.21,0
20231112:1611,0,0,7.56,2.14,0
20231112:1711,0,0,6.65,2.14,0
20231112:1811,0,0,6.08,2.07,0
20231112:1911,0,0,5.66,2.28,0
20231112:2011,0,0,5,2.14,0
20231112:2111,0,0,4.53,2.07,0
20231112:2211,0,0,4.19,1.93,0
20231112:2311,0,0,3.94,2,0
20231113:0011,0,0,3.6,2.14,0
20231113:0111,0,0,3.47,2.21,0
20231113:0211,0,0,3.62,2.28,0
20231113:0311,0,0,4.08,2.55,0
20231113:0411,0,0,4.26,2.9,0
20231113:0511,0,0,4.6,2.97,0
20231113:0611,0,0,5.09,3.17,0
20231113:0711,1.91,1.42,5.09,3.52,0
20231113:0811,21.98,8.53,6,3.66,0
20231113:0911,38.22,14.19,7.26,3.72,0
20231113:1011,70.25,17.97,8.38,3.86,0
20231113:1111,28.29,19.53,9.51,5.52,0
20231113:1211,89.76,18.7,10.02,6.48,0
20231113:1311,20.49,15.57,11.03,6.07,0
20231113:1411,42.93,10.45,12.5,6.9,0
20231113:1511,22.37,3.75,13.54,8.14,0
20231113:1611,0,0,12.81,7.72,0
20231113:1711,0,0,11.8,7.17,0
20231113:1811,0,0,11.39,7.31,0
20231113:1911,0,0,11.61,8,0
20231113:2011,0,0,11.54,8.28,0
20231113:2111,0,0,11.51,8.34,0
20231113:2211,0,0,11.55,8.48,0
20231113:2311,0,0,11.63,8.83,0
20231114:0011,0,0,11.84,8.97,0
20231114:0111,0,0,11.58,8.83,0
20231114:0211,0,0,11.42,8.69,0
20231114:0311,0,0,11.2,8.76,0
20231114:0411,0,0,11.02,8.69,0
20231114:0511,0,0,11.01,8.34,0
20231114:0611,0,0,10.92,8,0
20231114:0711,0,0,10.88,7.72,0
20231114:0811,56.38,8.27,10.96,7.24,0
20231114:0911,86.95,13.92,11.09,7.1,0
20231114:1011,62.44,17.7,11.48,6.83,0
20231114:1111,111.13,19.26,12.3,6.21,0
20231114:1211,145.26,18.44,12.69,5.45,0
20231114:1311,78.15,15.33,12.24,6.34,0
20231114:1411,34.15,10.23,11.59,5.86,0
20231114:1511,9.76,3.54,11.03,5.03,0
20231114:1611,0,0,10.52,4.34,0
20231114:1711,0,0,10.21,3.79,0
20231114:1811,0,0,9.82,3.24,0
20231114:1911,0,0,9.89,3.59,0
20231114:2011,0,0,9.78,3.93,0
20231114:2111,0,0,9.59,3.79,0
20231114:2211,0,0,9.33,3.72,0
20231114:2311,0,0,9.11,3.72,0
20231115:0011,0,0,9.1,3.86,0
20231115:0111,0,0,8.94,3.79,0
20231115:0211,0,0,8.59,3.45,0
20231115:0311,0,0,8.45,3.24,0
20231115:0411,0,0,8.2,3.1,0
20231115:0511,0,0,8.23,3.17,0
20231115:0611,0,0,8.08,3.31,0
20231115:0711,0,0,8.79,3.59,0
20231115:0811,43,8.02,8.91,3.79,0
20231115:0911,21.02,13.66,9.52,4.28,0
20231115:1011,70.25,17.44,10.05,4.69,0
20231115:1111,150.48,19,10.47,4.9,0
20231115:1211,40.98,18.19,10.94,4.83,0
20231115:1311,216.85,15.1,11.01,5.31,0
20231115:1411,117.5,10.01,10.46,6.14,0
20231115:1511,26.83,3.34,9.93,5.52,0
20231115:1611,0,0,9.42,5.38,0
20231115:1711,0,0,8.98,5.45,0
20231115:1811,0,0,9.13,5.59,0
20231115:1911,0,0,9.5,5.86,0
20231115:2011,0,0,9.62,6,0
20231115:2111,0,0,9.35,5.79,0
20231115:2211,0,0,9.19,5.72,0
20231115:2311,0,0,8.92,5.66,0
20231116:0011,0,0,8.92,5.45,0
20231116:0111,0,0,8.81,4.69,0
20231116:0211,0,0,8.34,3.72,0
20231116:0311,0,0,8.02,2.9,0
20231116:0411,0,0,7.61,2.07,0
20231116:0511,0,0,6.83,1.66,0
20231116:0611,0,0,6.09,1.1,0
20231116:0711,0,0,5.35,0.97,0
20231116:0811,46.82,7.77,5.83,0.34,0
20231116:0911,70.71,13.41,6.52,0.55,0
20231116:1011,134.95,17.18,8.04,1.1,0
20231116:1111,143.11,18.75,8.53,1.52,0
20231116:1211,165.59,17.95,8.61,1.86,0
20231116:1311,125.66,14.87,8.51,2,0
20231116:1411,85.76,9.8,8.32,1.93,0
20231116:1511,25.19,3.15,7.74,2.21,0
20231116:1611,0,0,6.85,2.48,0
20231116:1711,0,0,6.19,2.55,0
20231116:1811,0,0,5.68,2.48,0
20231116:1911,0,0,5.43,2.21,0
20231116:2011,0,0,4.97,2.07,0
20231116:2111,0,0,4.5,1.72,0
20231116:2211,0,0,3.8,1.52,0
20231116:2311,0,0,3.38,1.31,0
20231117:0011,0,0,3.34,1.17,0
20231117:0111,0,0,2.87,1.38,0
20231117:0211,0,0,2.36,1.66,0
20231117:0311,0,0,2.12,1.79,0
20231117:0411,0,0,1.94,1.79,0
20231117:0511,0,0,1.92,1.66,0
20231117:0611,0,0,2.02,1.66,0
20231117:0711,0,0,2,1.72,0
20231117:0811,50.64,7.53,2.64,1.59,0
20231117:0911,96.51,13.16,3.95,1.72,0
20231117:1011,130.69,16.93,5.06,1.93,0
20231117:1111,140.07,18.5,6.29,1.66,0
20231117:1211,169.78,17.71,7.41,1.79,0
20231117:1311,170.95,14.65,7.92,1.72,0
20231117:1411,180.27,9.6,8,1.38,0
20231117:1511,48.05,2.96,7.37,1.45,0
20231117:1611,0,0,6.07,1.86,0
20231117:1711,0,0,4.66,1.93,0
20231117:1811,0,0,3.53,2.07,0
20231117:1911,0,0,2.81,2.34,0
20231117:2011,0,0,2.76,2.07,0
20231117:2111,0,0,2.37,2.21,0
20231117:2211,0,0,2.21,2.41,0
20231117:2311,0,0,2.39,2.41,0
20231118:0011,0,0,2.69,2.34,0
20231118:0111,0,0,2.96,2.34,0
20231118:0211,0,0,3.11,2.41,0
20231118:0311,0,0,3.52,2.48,0
20231118:0411,0,0,3.95,2.69,0
20231118:0511,0,0,4.18,2.83,0
20231118:0611,0,0,4.12,3.03,0
20231118:0711,0,0,4.59,3.38,0
20231118:0811,28.67,7.29,4.87,3.66,0
20231118:0911,43,12.91,5.42,3.86,0
20231118:1011,50.73,16.68,5.98,4,0
20231118:1111,36.1,18.25,6.51,4.55,0
20231118:1211,35.12,17.48,6.83,4.83,0
20231118:1311,32.2,14.43,7.11,5.45,0
20231118:1411,17.56,9.4,7.33,6.14,0
20231118:1511,4.88,2.78,7.42,6.41,0
20231118:1611,0,0,7.6,6.34,0
20231118:1711,0,0,7.94,6,0
20231118:1811,0,0,8.44,5.45,0
20231118:1911,0,0,8.21,5.03,0
20231118:2011,0,0,9.22,4.62,0
20231118:2111,0,0,10.78,4.83,0
20231118:2211,0,0,11.92,5.24,0
20231118:2311,0,0,12.36,5.66,0
20231119:0011,0,0,12.58,5.79,0
20231119:0111,0,0,12.86,6.69,0
20231119:0211,0,0,12.65,6.76,0
20231119:0311,0,0,12.33,6.69,0
20231119:0411,0,0,11.82,6.34,0
20231119:0511,0,0,11.49,6.41,0
20231119:0611,0,0,10.99,6.34,0
20231119:0711,0,0,10.58,6.41,0
20231119:0811,36.31,7.05,10.62,6.41,0
20231119:0911,91.73,12.67,11.24,6.62,0
20231119:1011,115.02,16.43,11.86,6.55,0
20231119:1111,24.39,18.02,12.24,6.62,0
20231119:1211,23.42,17.25,12.32,7.03,0
20231119:1311,72.29,14.22,12.43,6.55,0
20231119:1411,20.49,9.21,11.76,6.76,0
20231119:1511,3.9,2.61,11.41,5.93,0
20231119:1611,0,0,11.03,5.45,0
20231119:1711,0,0,10.89,4.97,0
20231119:1811,0,0,10.71,5.1,0
20231119:1911,0,0,10.71,5.79,0
20231119:2011,0,0,10.93,6.21,0
20231119:2111,0,0,11.4,7.1,0
20231119:2211,0,0,11.47,6.9,0
20231119:2311,0,0,11.58,6.41,0
20231120:0011,0,0,11.52,6.07,0
20231120:0111,0,0,11.34,6,0
20231120:0211,0,0,11.22,5.93,0
20231120:0311,0,0,11.07,5.86,0
20231120:0411,0,0,10.86,5.72,0
20231120:0511,0,0,10.67,5.52,0
20231120:0611,0,0,10.51,5.24,0
20231120:0711,0,0,10.38,5.03,0
20231120:0811,40.13,6.82,10.11,4.83,0
20231120:0911,88.86,12.43,9.92,4.9,0
20231120:1011,58.54,16.2,10.13,4.55,0
20231120:1111,159.08,17.78,10.65,4.07,0
20231120:1211,212.9,17.03,11.07,4.21,0
20231120:1311,211.72,14.02,11.04,3.79,0
20231120:1411,109.94,9.02,10.95,3.72,0
20231120:1511,8.78,2.44,10.23,2.97,0
20231120:1611,0,0,9.2,2.62,0
20231120:1711,0,0,8.8,2.41,0
20231120:1811,0,0,8.11,2.48,0
20231120:1911,0,0,7.46,2.14,0
20231120:2011,0,0,7.13,2.07,0
20231120:2111,0,0,6.68,2,0
20231120:2211,0,0,6.47,2.07,0
20231120:2311,0,0,6.19,1.93,0
20231121:0011,0,0,6.19,1.72,0
20231121:0111,0,0,6.03,1.86,0
20231121:0211,0,0,5.83,1.86,0
20231121:0311,0,0,6.02,1.52,0
20231121:0411,0,0,6.36,1.1,0
20231121:0511,0,0,6.87,0.83,0
20231121:0611,0,0,7.35,1.24,0
20231121:0711,0,0,7.97,1.72,0
20231121:0811,36.31,6.59,8.4,2.41,0
20231121:0911,34.4,12.2,8.74,3.31,0
20231121:1011,110.83,15.96,8.82,3.45,0
20231121:1111,45.86,17.56,9,3.24,0
20231121:1211,80.98,16.82,8.97,2.9,0
20231121:1311,80.19,13.82,8.72,3.24,0
20231121:1411,56.02,8.84,8.47,3.59,0
20231121:1511,6.83,2.28,7.9,3.79,0
20231121:1611,0,0,7.13,3.31,0
20231121:1711,0,0,6.54,3.03,0
20231121:1811,0,0,5.89,2.9,0
20231121:1911,0,0,5.34,2.9,0
20231121:2011,0,0,4.63,2.69,0
20231121:2111,0,0,3.92,2.62,0
20231121:2211,0,0,3.34,2.48,0
20231121:2311,0,0,2.81,2.28,0
20231122:0011,0,0,2.2,2.21,0
20231122:0111,0,0,1.56,2.07,0
20231122:0211,0,0,0.97,2.07,0
20231122:0311,0,0,0.35,1.93,0
20231122:0411,0,0,-0.19,1.66,0
20231122:0511,0,0,-0.57,1.52,0
20231122:0611,0,0,-0.85,1.17,0
20231122:0711,0,0,-0.69,1.66,0
20231122:0811,28.67,6.36,0.12,1.72,0
20231122:0911,82.17,11.97,1.75,1.86,0
20231122:1011,111.42,15.74,3.01,2.55,0
20231122:1111,153.3,17.34,3.91,3.1,0
20231122:1211,204.95,16.61,4.57,3.24,0
20231122:1311,74.24,13.63,5.13,4.07,0
20231122:1411,40,8.67,5.25,3.79,0
20231122:1511,3.9,2.12,5.22,3.93,0
20231122:1611,0,0,5.1,4.34,0
20231122:1711,0,0,5.15,4.62,0
20231122:1811,0,0,5.42,4.83,0
20231122:1911,0,0,5.81,5.52,0
20231122:2011,0,0,6.35,5.72,0
20231122:2111,0,0,7.05,5.59,0
20231122:2211,0,0,7.65,5.31,0
20231122:2311,0,0,8.28,5.17,0
20231123:0011,0,0,8.99,5.1,0
20231123:0111,0,0,9.65,5.1,0
20231123:0211,0,0,10.14,5.17,0
20231123:0311,0,0,10.49,5.45,0
20231123:0411,0,0,10.64,5.72,0
20231123:0511,0,0,10.59,5.93,0
20231123:0611,0,0,10.48,5.93,0
20231123:0711,0,0,10.82,6.21,0
20231123:0811,33.44,6.14,10.96,6.48,0
20231123:0911,71.66,11.75,11.31,6.69,0
20231123:1011,67.15,15.51,11.7,7.03,0
20231123:1111,80.98,17.12,12.08,6.62,0
20231123:1211,92.4,16.41,12.21,7.03,0
20231123:1311,27.32,13.44,12.01,8.14,0
20231123:1411,28.29,8.51,11.84,8.07,0
20231123:1511,0.98,1.98,11.74,8.07,0
20231123:1611,0,0,11.82,7.93,0
20231123:1711,0,0,12.02,8.07,0
20231123:1811,0,0,11.83,8.55,0
20231123:1911,0,0,11.45,7.66,0
20231123:2011,0,0,10.75,7.52,0
20231123:2111,0,0,9.92,7.24,0
20231123:2211,0,0,8.87,7.31,0
20231123:2311,0,0,7.98,6.76,0
20231124:0011,0,0,7.52,6,0
20231124:0111,0,0,7.42,5.66,0
20231124:0211,0,0,7.32,5.79,0
20231124:0311,0,0,6.84,6,0
20231124:0411,0,0,6.48,6.07,0
20231124:0511,0,0,6.1,6.28,0
20231124:0611,0,0,5.73,6,0
20231124:0711,0,0,5.74,6.28,0
20231124:0811,16.24,5.93,5.54,6.28,0
20231124:0911,75.49,11.53,5.95,6.34,0
20231124:1011,114.85,15.3,6.32,6.83,0
20231124:1111,147.02,16.91,6.69,7.24,0
20231124:1211,22.44,16.21,6.24,7.52,0
20231124:1311,34.15,13.26,6.57,7.59,0
20231124:1411,31.22,8.35,6.19,8.83,0
20231124:1511,0.98,1.83,5.78,9.45,0
20231124:1611,0,0,5.21,9.17,0
20231124:1711,0,0,5.41,8.14,0
20231124:1811,0,0,5.56,8.48,0
20231124:1911,0,0,4.92,8.21,0
20231124:2011,0,0,4.62,6,0
20231124:2111,0,0,4.35,4.14,0
20231124:2211,0,0,4.43,3.31,0
20231124:2311,0,0,4.41,3.52,0
20231125:0011,0,0,4.63,3.93,0
20231125:0111,0,0,4.86,4.21,0
20231125:0211,0,0,4.86,4.07,0
20231125:0311,0,0,4.69,4.21,0
20231125:0411,0,0,4.82,4.48,0
20231125:0511,0,0,4.87,4.41,0
20231125:0611,0,0,5.08,4.76,0
20231125:0711,0,0,5.03,4.97,0
20231125:0811,35.35,5.72,5.2,4.48,0
20231125:0911,23.89,11.32,5.8,4.41,0
20231125:1011,109.15,15.09,6.31,4.83,0
20231125:1111,36.1,16.71,6.78,5.24,0
20231125:1211,200.76,16.02,7.35,4.97,0
20231125:1311,25.37,13.09,7.6,4.9,0
20231125:1411,153.41,8.19,7.22,4.55,0
20231125:1511,0.98,1.7,6.69,3.72,0
20231125:1611,0,0,5.64,3.17,0
20231125:1711,0,0,5.18,2.83,0
20231125:1811,0,0,4.42,2.62,0
20231125:1911,0,0,3.63,2.28,0
20231125:2011,0,0,3.15,2,0
20231125:2111,0,0,2.44,1.86,0
20231125:2211,0,0,1.97,1.93,0
20231125:2311,0,0,1.95,1.93,0
20231126:0011,0,0,1.71,2.28,0
20231126:0111,0,0,1.93,2.48,0
20231126:0211,0,0,2.65,2.62,0
20231126:0311,0,0,3.09,2.83,0
20231126:0411,0,0,3.67,2.9,0
20231126:0511,0,0,3.74,2.83,0
20231126:0611,0,0,4.14,2.76,0
20231126:0711,0,0,4.19,2.62,0
20231126:0811,30.58,5.51,4.54,2.76,0
20231126:0911,80.26,11.11,5.29,2.69,0
20231126:1011,96.77,14.88,6.12,2.55,0
20231126:1111,138.14,16.51,6.78,2.69,0
20231126:1211,57.56,15.84,7.21,2.9,0
20231126:1311,49.76,12.93,7.06,3.03,0
20231126:1411,35.12,8.05,6.79,2.83,0
20231126:1511,5.85,1.57,6.35,2.62,0
20231126:1611,0,0,5.8,2.48,0
20231126:1711,0,0,5.52,2.41,0
20231126:1811,0,0,5.53,2.55,0
20231126:1911,0,0,5.77,2.55,0
20231126:2011,0,0,5.7,2.69,0
20231126:2111,0,0,5.43,3.1,0
20231126:2211,0,0,5.1,3.38,0
20231126:2311,0,0,4.74,3.45,0
20231127:0011,0,0,4.67,3.38,0
20231127:0111,0,0,4.59,3.31,0
20231127:0211,0,0,4.68,3.45,0
20231127:0311,0,0,4.72,3.79,0
20231127:0411,0,0,4.68,4.14,0
20231127:0511,0,0,4.48,4.34,0
20231127:0611,0,0,4,4.55,0
20231127:0711,0,0,3.17,4.14,0
20231127:0811,20.07,5.31,2.34,3.72,0
20231127:0911,17.2,10.91,1.97,3.72,0
20231127:1011,35.12,14.68,2.1,3.59,0
20231127:1111,46.83,16.32,2.38,3.31,0
20231127:1211,44.88,15.66,2.67,3.17,0
20231127:1311,30.25,12.77,2.92,3.31,0
20231127:1411,20.49,7.91,2.93,3.45,0
20231127:1511,0.98,1.45,2.7,3.86,0
20231127:1611,0,0,2.25,4.21,0
20231127:1711,0,0,1.81,4.48,0
20231127:1811,0,0,1.38,4.55,0
20231127:1911,0,0,1.74,4.76,0
20231127:2011,0,0,1.87,5.31,0
20231127:2111,0,0,1.96,5.93,0
20231127:2211,0,0,1.94,6,0
20231127:2311,0,0,1.7,6,0
20231128:0011,0,0,1.5,6,0
20231128:0111,0,0,1.26,5.86,0
20231128:0211,0,0,0.97,5.59,0
20231128:0311,0,0,0.7,5.17,0
20231128:0411,0,0,0.32,4.83,0
20231128:0511,0,0,-0.05,4.48,0
20231128:0611,0,0,-0.36,4.14,0
20231128:0711,0,0,-0.64,3.45,0
20231128:0811,30.58,5.11,-0.89,2.55,0
20231128:0911,61.15,10.71,-0.2,1.86,0
20231128:1011,49.83,14.49,0.92,2.69,0
20231128:1111,136.96,16.14,1.5,2.41,0
20231128:1211,184.08,15.49,1.98,2.21,0
20231128:1311,84.21,12.62,2.17,2,0
20231128:1411,143.83,7.78,2.32,1.52,0
20231128:1511,0,0,1.9,1.45,0
20231128:1611,0,0,0.56,2.48,0
20231128:1711,0,0,-0.22,3.1,0
20231128:1811,0,0,-0.06,3.93,0
20231128:1911,0,0,1.1,4.97,0
20231128:2011,0,0,1.68,5.52,0
20231128:2111,0,0,2.03,5.59,0
20231128:2211,0,0,2.26,5.24,0
20231128:2311,0,0,2.39,5.1,0
20231129:0011,0,0,2.35,5.31,0
20231129:0111,0,0,2.31,5.66,0
20231129:0211,0,0,2.25,5.93,0
20231129:0311,0,0,2.43,6.14,0
20231129:0411,0,0,2.6,6,0
20231129:0511,0,0,2.87,5.38,0
20231129:0611,0,0,2.67,4.55,0
20231129:0711,0,0,2.84,3.79,0
20231129:0811,30.58,4.92,2.24,4,0
20231129:0911,64.97,10.52,2.36,3.93,0
20231129:1011,68.53,14.31,2.63,3.38,0
20231129:1111,139.77,15.96,2.84,2.76,0
20231129:1211,118.84,15.33,3,2.34,0
20231129:1311,66.41,12.48,3.02,2.07,0
20231129:1411,62.71,7.65,2.92,1.93,0
20231129:1511,0,0,2.53,1.72,0
20231129:1611,0,0,1.71,1.72,0
20231129:1711,0,0,0.8,1.72,0
20231129:1811,0,0,-0.32,1.66,0
20231129:1911,0,0,-0.83,1.79,0
20231129:2011,0,0,-1.33,1.86,0
20231129:2111,0,0,-1.95,1.93,0
20231129:2211,0,0,-2.28,1.66,0
20231129:2311,0,0,-2.04,1.31,0
20231130:0011,0,0,-1.53,0.9,0
20231130:0111,0,0,-1.78,0.41,0
20231130:0211,0,0,-1.77,0.34,0
20231130:0311,0,0,-3.08,0.76,0
20231130:0411,0,0,-3.37,0.69,0
20231130:0511,0,0,-3.13,0.41,0
20231130:0611,0,0,-3.04,0.41,0
20231130:0711,0,0,-2,0.62,0
20231130:0811,28.67,4.73,-1.45,0.34,0
20231130:0911,52.55,10.33,-1.06,0.41,0
20231130:1011,65.37,14.13,-0.06,0.83,0
20231130:1111,64.39,15.79,0.78,1.03,0
20231130:1211,53.66,15.18,1.59,1.17,0
20231130:1311,38.05,12.34,1.95,0.97,0
20231130:1411,18.54,7.53,1.76,0.48,0
20231130:1511,0,0,1.42,0.21,0
20231130:1611,0,0,0.87,0.14,0
20231130:1711,0,0,0.31,0.21,0
20231130:1811,0,0,-0.09,0.55,0
20231130:1911,0,0,-0.92,1.31,0
20231130:2011,0,0,-0.76,1.31,0
20231130:2111,0,0,-0.64,1.38,0
20231130:2211,0,0,-0.56,1.38,0
20231130:2311,0,0,-0.47,1.52,0
20231201:0011,0,0,-0.64,1.79,0
20231201:0111,0,0,-0.62,2,0
20231201:0211,0,0,-0.64,2.14,0
20231201:0311,0,0,-0.82,2.34,0
20231201:0411,0,0,-1.26,2.55,0
20231201:0511,0,0,-1.63,2.28,0
20231201:0611,0,0,-2.35,2.41,0
20231201:0711,0,0,-2.65,1.86,0
20231201:0811,28.67,4.55,-2.78,2,0
20231201:0911,74.53,10.15,-2.32,2.41,0
20231201:1011,82.56,13.95,-1.83,2.55,0
20231201:1111,126.5,15.63,-1.01,2.48,0
20231201:1211,178.27,15.03,-0.41,2.55,0
20231201:1311,192.78,12.21,-0.25,2.28,0
20231201:1411,131.71,7.42,-0.24,2.41,0
20231201:1511,0,0,-1.03,2.07,0
20231201:1611,0,0,-2.06,2.21,0
20231201:1711,0,0,-2.68,2.07,0
20231201:1811,0,0,-3.12,1.79,0
20231201:1911,0,0,-2.1,1.31,0
20231201:2011,0,0,-1.83,1.17,0
20231201:2111,0,0,-1.94,0.97,0
20231201:2211,0,0,-1.67,0.76,0
20231201:2311,0,0,-1.41,0.62,0
20231202:0011,0,0,-1.33,0.34,0
20231202:0111,0,0,-1.38,0.07,0
20231202:0211,0,0,-1.59,0.41,0
20231202:0311,0,0,-2.48,0.97,0
20231202:0411,0,0,-3.54,1.45,0
20231202:0511,0,0,-3.32,1.59,0
20231202:0611,0,0,-3.59,1.93,0
20231202:0711,0,0,-2.58,2,0
20231202:0811,23.89,4.38,-2.2,2.07,0
20231202:0911,64.97,9.98,-1.22,2.07,0
20231202:1011,92.74,13.78,0.02,2.28,0
20231202:1111,118.75,15.47,1.01,2.48,0
20231202:1211,71.22,14.89,1.53,2.62,0
20231202:1311,40,12.08,1.87,2.62,0
20231202:1411,44.66,7.32,1.72,2.34,0
20231202:1511,0,0,0.7,2.48,0
20231202:1611,0,0,-0.25,2.69,0
20231202:1711,0,0,-0.78,2.76,0
20231202:1811,0,0,-0.74,2.83,0
20231202:1911,0,0,0.36,2.9,0
20231202:2011,0,0,0.53,2.9,0
20231202:2111,0,0,0.6,2.83,0
20231202:2211,0,0,0.5,2.83,0
20231202:2311,0,0,0.25,2.83,0
20231203:0011,0,0,0.1,2.69,0
20231203:0111,0,0,-0.27,2.62,0
20231203:0211,0,0,-0.46,2.62,0
20231203:0311,0,0,-0.17,2.55,0
20231203:0411,0,0,-0.11,2.48,0
20231203:0511,0,0,0.13,2.55,0
20231203:0611,0,0,0.16,2.76,0
20231203:0711,0,0,-0.01,2.83,0
20231203:0811,25.8,4.21,-0.32,2.9,0
20231203:0911,66.89,9.81,-0.09,2.83,0
20231203:1011,86.14,13.62,0.77,3.38,0
20231203:1111,120.16,15.32,1.77,4.48,0
20231203:1211,164.72,14.75,2.13,4.21,0
20231203:1311,107.46,11.97,2.24,3.66,0
20231203:1411,17.56,7.22,2.12,3.79,0
20231203:1511,0,0,1.7,3.79,0
20231203:1611,0,0,1.07,4.34,0
20231203:1711,0,0,0.83,4.76,0
20231203:1811,0,0,0.66,4.97,0
20231203:1911,0,0,0.78,4.97,0
20231203:2011,0,0,0.51,5.03,0
20231203:2111,0,0,0.34,5.03,0
20231203:2211,0,0,0.28,5.03,0
20231203:2311,0,0,0.27,4.83,0
20231204:0011,0,0,0.37,4.41,0
20231204:0111,0,0,0.68,4.07,0
20231204:0211,0,0,0.98,3.86,0
20231204:0311,0,0,1.32,3.72,0
20231204:0411,0,0,1.31,3.72,0
20231204:0511,0,0,1.17,3.86,0
20231204:0611,0,0,0.99,4,0
20231204:0711,0,0,1.25,4.48,0
20231204:0811,5.73,4.04,1.32,4.55,0
20231204:0911,67.84,9.65,1.71,4.55,0
20231204:1011,93.57,13.47,2.39,4.62,0
20231204:1111,119.74,15.18,2.99,4.76,0
20231204:1211,117.92,14.63,3.25,4.62,0
20231204:1311,53.66,11.86,3.27,4.55,0
20231204:1411,14.63,7.13,3.08,4.48,0
20231204:1511,0,0,2.48,4.48,0
20231204:1611,0,0,1.98,4.48,0
20231204:1711,0,0,1.36,4.41,0
20231204:1811,0,0,0.99,4.48,0
20231204:1911,0,0,0.62,4.28,0
20231204:2011,0,0,0.52,4.21,0
20231204:2111,0,0,0.58,4.07,0
20231204:2211,0,0,0.6,4.14,0
20231204:2311,0,0,0.63,4.14,0
20231205:0011,0,0,0.68,4.21,0
20231205:0111,0,0,0.78,4.14,0
20231205:0211,0,0,0.78,4.07,0
20231205:0311,0,0,0.7,4,0
20231205:0411,0,0,0.67,3.86,0
20231205:0511,0,0,0.61,3.79,0
20231205:0611,0,0,0.58,3.72,0
20231205:0711,0,0,0.91,3.24,0
20231205:0811,22.93,3.88,0.95,3.17,0
20231205:0911,33.44,9.49,1.1,2.97,0
20231205:1011,73.74,13.32,1.24,3.03,0
20231205:1111,45.86,15.04,1.47,3.17,0
20231205:1211,46.83,14.51,1.55,3.03,0
20231205:1311,29.27,11.76,1.38,3.03,0
20231205:1411,16.59,7.04,1.13,3.1,0
20231205:1511,0,0,0.86,2.83,0
20231205:1611,0,0,0.61,2.69,0
20231205:1711,0,0,0.34,2.55,0
20231205:1811,0,0,0.29,2.55,0
20231205:1911,0,0,0.3,2.41,0
20231205:2011,0,0,0.32,2.41,0
20231205:2111,0,0,0.31,2.41,0
20231205:2211,0,0,0.26,2.41,0
20231205:2311,0,0,0.27,2.41,0
20231206:0011,0,0,0.63,2.41,0
20231206:0111,0,0,0.9,2.34,0
20231206:0211,0,0,1.31,2.34,0
20231206:0311,0,0,1.63,2.34,0
20231206:0411,0,0,1.91,2.41,0
20231206:0511,0,0,2.13,2.55,0
20231206:0611,0,0,2.34,2.62,0
20231206:0711,0,0,2.11,2.21,0
20231206:0811,19.11,3.73,2.27,2.21,0
20231206:0911,24.84,9.34,2.65,2.14,0
20231206:1011,52.55,13.18,3.66,2.21,0
20231206:1111,46.83,14.92,4.72,2.55,0
20231206:1211,73.17,14.39,5.18,2.83,0
20231206:1311,18.54,11.66,5.3,3.03,0
20231206:1411,26.34,6.97,4.91,2.83,0
20231206:1511,0,0,4.07,2.69,0
20231206:1611,0,0,2.69,2.62,0
20231206:1711,0,0,1.78,2.48,0
20231206:1811,0,0,1.18,2.41,0
20231206:1911,0,0,0.69,2.34,0
20231206:2011,0,0,0.12,2.28,0
20231206:2111,0,0,-0.35,2.28,0
20231206:2211,0,0,-0.8,2.34,0
20231206:2311,0,0,-1.22,2.41,0
20231207:0011,0,0,-1.44,2.41,0
20231207:0111,0,0,-1.78,2.21,0
20231207:0211,0,0,-2.14,2.14,0
20231207:0311,0,0,-2.48,2.14,0
20231207:0411,0,0,-2.6,2.07,0
20231207:0511,0,0,-2.72,1.93,0
20231207:0611,0,0,-2.45,1.66,0
20231207:0711,0,0,-2.69,2.21,0
20231207:0811,18.15,3.58,-2.62,2.28,0
20231207:0911,63.06,9.2,-1.29,2,0
20231207:1011,66.89,13.04,0.66,2.34,0
20231207:1111,77.33,14.79,2,2.55,0
20231207:1211,59.52,14.29,2.7,2.83,0
20231207:1311,98.19,11.58,3.08,3.1,0
20231207:1411,50.42,6.9,2.93,3.03,0
20231207:1511,0,0,1.99,3.24,0
20231207:1611,0,0,1.2,3.72,0
20231207:1711,0,0,1.1,4.14,0
20231207:1811,0,0,1.03,4.41,0
20231207:1911,0,0,0.78,4.41,0
20231207:2011,0,0,0.73,4.76,0
20231207:2111,0,0,0.69,4.83,0
20231207:2211,0,0,0.73,4.69,0
20231207:2311,0,0,0.98,4.41,0
20231208:0011,0,0,1.2,4.41,0
20231208:0111,0,0,1.38,4.28,0
20231208:0211,0,0,1.57,4,0
20231208:0311,0,0,1.55,3.72,0
20231208:0411,0,0,1.51,3.52,0
20231208:0511,0,0,1.28,3.45,0
20231208:0611,0,0,1.12,3.45,0
20231208:0711,0,0,1.36,3.1,0
20231208:0811,14.33,3.44,1.65,2.9,0
20231208:0911,64.02,9.06,2.05,2.62,0
20231208:1011,63.06,12.92,2.65,2.48,0
20231208:1111,64.39,14.68,3.23,2.28,0
20231208:1211,66.35,14.19,4.19,1.93,0
20231208:1311,14.63,11.5,4.96,2,0
20231208:1411,12.68,6.84,5.65,2.28,0
20231208:1511,0,0,6.23,2.69,0
20231208:1611,0,0,6.66,3.17,0
20231208:1711,0,0,7.17,3.45,0
20231208:1811,0,0,7.48,3.66,0
20231208:1911,0,0,7.4,3.86,0
20231208:2011,0,0,7.52,4.07,0
20231208:2111,0,0,7.78,4.28,0
20231208:2211,0,0,7.86,4.28,0
20231208:2311,0,0,7.85,4.28,0
20231209:0011,0,0,7.84,4.34,0
20231209:0111,0,0,7.71,4.48,0
20231209:0211,0,0,7.78,4.48,0
20231209:0311,0,0,7.67,4.48,0
20231209:0411,0,0,7.65,4.69,0
20231209:0511,0,0,7.56,4.76,0
20231209:0611,0,0,7.43,4.83,0
20231209:0711,0,0,5.67,4.76,0
20231209:0811,17.2,3.3,5.66,4.97,0
20231209:0911,54.46,8.93,5.91,5.17,0
20231209:1011,56.38,12.8,6.5,5.52,0
20231209:1111,92.54,14.57,7.09,5.79,0
20231209:1211,65.37,14.1,7.54,5.93,0
20231209:1311,29.27,11.43,7.83,6.28,0
20231209:1411,14.63,6.78,7.5,6.76,0
20231209:1511,0,0,7.19,7.59,0
20231209:1611,0,0,6.73,7.93,0
20231209:1711,0,0,6.38,7.17,0
20231209:1811,0,0,6.95,5.59,0
20231209:1911,0,0,8.56,5.79,0
20231209:2011,0,0,9.78,6.48,0
20231209:2111,0,0,9.68,6.9,0
20231209:2211,0,0,9.07,6.69,0
20231209:2311,0,0,8.4,6.83,0
20231210:0011,0,0,8.05,7.1,0
20231210:0111,0,0,8.14,7.45,0
20231210:0211,0,0,7.78,7.93,0
20231210:0311,0,0,7.53,8.62,0
20231210:0411,0,0,7.66,9.1,0
20231210:0511,0,0,7.88,9.24,0
20231210:0611,0,0,8.19,9.45,0
20231210:0711,0,0,8.39,9.24,0
20231210:0811,10.51,3.17,8.38,8.97,0
20231210:0911,29.62,8.81,8.38,8.28,0
20231210:1011,51.6,12.68,8.57,8,0
20231210:1111,107.81,14.47,8.69,7.72,0
20231210:1211,25.37,14.02,8.98,6.55,0
20231210:1311,116.14,11.36,9.12,5.93,0
20231210:1411,15.61,6.73,8.89,5.45,0
20231210:1511,0,0,8.53,4.41,0
20231210:1611,0,0,8.52,4.28,0
20231210:1711,0,0,8.83,5.52,0
20231210:1811,0,0,8.29,5.17,0
20231210:1911,0,0,7.99,5.17,0
20231210:2011,0,0,8.57,6.34,0
20231210:2111,0,0,10.08,8.62,0
20231210:2211,0,0,9.86,8,0
20231210:2311,0,0,9.32,6.55,0
20231211:0011,0,0,8.79,5.93,0
20231211:0111,0,0,8.53,5.66,0
20231211:0211,0,0,8.51,5.93,0
20231211:0311,0,0,8.41,6.41,0
20231211:0411,0,0,8.85,6.83,0
20231211:0511,0,0,9.03,6.69,0
20231211:0611,0,0,8.83,7.03,0
20231211:0711,0,0,8.86,7.17,0
20231211:0811,9.56,3.04,8.92,7.1,0
20231211:0911,32.49,8.69,9.03,7.66,0
20231211:1011,34.4,12.58,8.88,8.21,0
20231211:1111,40.98,14.38,8.85,7.86,0
20231211:1211,114.04,13.94,8.85,7.59,0
20231211:1311,104.99,11.3,8.72,7.1,0
20231211:1411,57.05,6.69,8.34,6.41,0
20231211:1511,0,0,7.99,5.66,0
20231211:1611,0,0,7.72,5.1,0
20231211:1711,0,0,7.43,4.34,0
20231211:1811,0,0,7.26,3.66,0
20231211:1911,0,0,6.66,3.38,0
20231211:2011,0,0,6.22,3.1,0
20231211:2111,0,0,6.11,2.97,0
20231211:2211,0,0,5.82,2.97,0
20231211:2311,0,0,5.73,2.97,0
20231212:0011,0,0,5.96,2.69,0
20231212:0111,0,0,5.78,2.34,0
20231212:0211,0,0,5.92,2.34,0
20231212:0311,0,0,6.18,2.28,0
20231212:0411,0,0,6.43,2.21,0
20231212:0511,0,0,6.58,2.28,0
20231212:0611,0,0,6.64,2.41,0
20231212:0711,0,0,5.44,2.48,0
20231212:0811,4.78,2.93,5.06,2.62,0
20231212:0911,47.78,8.58,5.56,2.69,0
20231212:1011,52.55,12.48,6.53,2.76,0
20231212:1111,109.29,14.3,7.52,3.17,0
20231212:1211,78.63,13.88,8.06,3.31,0
20231212:1311,77.18,11.25,8.57,3.31,0
20231212:1411,6.83,6.66,8.29,3.24,0
20231212:1511,0,0,8.05,3.24,0
20231212:1611,0,0,8.05,3.1,0
20231212:1711,0,0,8.07,2.76,0
20231212:1811,0,0,8.02,2.34,0
20231212:1911,0,0,9.17,3.45,0
20231212:2011,0,0,9.24,3.45,0
20231212:2111,0,0,8.96,2.97,0
20231212:2211,0,0,8.35,2.76,0
20231212:2311,0,0,7.95,2.9,0
20231213:0011,0,0,7.56,2.9,0
20231213:0111,0,0,7.32,3.1,0
20231213:0211,0,0,7.32,3.24,0
20231213:0311,0,0,7.25,3.1,0
20231213:0411,0,0,6.97,2.97,0
20231213:0511,0,0,6.88,2.76,0
20231213:0611,0,0,6.95,2.48,0
20231213:0711,0,0,6.63,2,0
20231213:0811,11.47,2.81,6.39,1.86,0
20231213:0911,58.29,8.48,6.26,1.59,0
20231213:1011,85.04,12.38,7.15,1.24,0
20231213:1111,106.95,14.22,8.31,1.31,0
20231213:1211,118.05,13.82,8.45,0.97,0
20231213:1311,126.67,11.21,8.56,0.55,0
20231213:1411,74.9,6.64,8.48,0.97,0
20231213:1511,0,0,8.22,1.72,0
20231213:1611,0,0,7.49,2.34,0
20231213:1711,0,0,6.93,2.76,0
20231213:1811,0,0,6.8,3.24,0
20231213:1911,0,0,6.56,3.31,0
20231213:2011,0,0,5.99,3.1,0
20231213:2111,0,0,5.46,3.17,0
20231213:2211,0,0,5.04,3.38,0
20231213:2311,0,0,4.74,3.72,0
20231214:0011,0,0,4.59,3.52,0
20231214:0111,0,0,4.48,3.31,0
20231214:0211,0,0,4.34,3.1,0
20231214:0311,0,0,4.2,2.9,0
20231214:0411,0,0,4.07,2.69,0
20231214:0511,0,0,3.83,2.41,0
20231214:0611,0,0,3.53,2.21,0
20231214:0711,0,0,4.23,2.07,0
20231214:0811,2.87,2.71,4.24,1.59,0
20231214:0911,31.53,8.38,4.4,1.38,0
20231214:1011,28.67,12.3,4.6,1.31,0
20231214:1111,54.64,14.15,5.14,1.66,0
20231214:1211,124.26,13.76,5.32,2.07,0
20231214:1311,103.71,11.18,5.52,2.07,0
20231214:1411,22.44,6.62,5.47,1.38,0
20231214:1511,0,0,5.05,1.45,0
20231214:1611,0,0,4.14,2,0
20231214:1711,0,0,3.59,2.21,0
20231214:1811,0,0,3.88,2.28,0
20231214:1911,0,0,4.43,2.48,0
20231214:2011,0,0,4.69,2.62,0
20231214:2111,0,0,4.85,2.69,0
20231214:2211,0,0,5.05,2.9,0
20231214:2311,0,0,5.32,3.1,0
20231215:0011,0,0,5.64,3.24,0
20231215:0111,0,0,5.95,3.24,0
20231215:0211,0,0,6.14,3.03,0
20231215:0311,0,0,6.27,2.83,0
20231215:0411,0,0,6.41,2.69,0
20231215:0511,0,0,6.39,2.62,0
20231215:0611,0,0,6.14,2.69,0
20231215:0711,0,0,5.12,2.83,0
20231215:0811,2.87,2.61,4.96,2.9,0
20231215:0911,57.33,8.29,5.53,2.83,0
20231215:1011,58.29,12.22,6.65,2.76,0
20231215:1111,90.57,14.09,7.67,2.55,0
20231215:1211,120.87,13.72,8.32,2.97,0
20231215:1311,62.45,11.15,8.61,3.03,0
20231215:1411,25.37,6.61,8.49,3.24,0
20231215:1511,0,0,7.8,2.97,0
20231215:1611,0,0,7,2.9,0
20231215:1711,0,0,6.54,2.9,0
20231215:1811,0,0,6.35,2.83,0
20231215:1911,0,0,5.68,3.24,0
20231215:2011,0,0,5.48,3.1,0
20231215:2111,0,0,5.19,3.1,0
20231215:2211,0,0,4.92,3.24,0
20231215:2311,0,0,4.8,3.45,0
20231216:0011,0,0,4.69,3.66,0
20231216:0111,0,0,4.63,3.86,0
20231216:0211,0,0,4.58,4,0
20231216:0311,0,0,4.56,4,0
20231216:0411,0,0,4.57,4,0
20231216:0511,0,0,4.67,4,0
20231216:0611,0,0,4.88,4,0
20231216:0711,0,0,5.45,4.07,0
20231216:0811,2.87,2.52,6.17,3.86,0
20231216:0911,9.56,8.21,6.95,3.79,0
20231216:1011,21.98,12.15,7.62,3.86,0
20231216:1111,104.68,14.03,8.27,3.93,0
20231216:1211,28.29,13.68,8.68,4.07,0
20231216:1311,22.44,11.13,9,4.62,0
20231216:1411,12.68,6.6,9.16,4.62,0
20231216:1511,0,0,9.02,4.55,0
20231216:1611,0,0,8.91,4.48,0
20231216:1711,0,0,8.92,4.62,0
20231216:1811,0,0,8.92,4.83,0
20231216:1911,0,0,8.89,4.97,0
20231216:2011,0,0,9.08,4.9,0
20231216:2111,0,0,9.19,4.83,0
20231216:2211,0,0,9.25,4.76,0
20231216:2311,0,0,9.14,4.83,0
20231217:0011,0,0,9.1,4.83,0
20231217:0111,0,0,8.98,4.76,0
20231217:0211,0,0,8.91,4.62,0
20231217:0311,0,0,8.86,4.48,0
20231217:0411,0,0,8.84,4.34,0
20231217:0511,0,0,8.71,4.34,0
20231217:0611,0,0,8.65,4.62,0
20231217:0711,0,0,8.55,4.76,0
20231217:0811,1.91,2.43,8.55,4.9,0
20231217:0911,19.11,8.13,8.7,5.24,0
20231217:1011,48.73,12.09,8.85,5.93,0
20231217:1111,75.3,13.98,8.86,5.86,0
20231217:1211,132.88,13.65,8.94,5.72,0
20231217:1311,151.7,11.12,8.97,5.31,0
20231217:1411,97.07,6.61,8.81,5.93,0
20231217:1511,0,0,8.32,5.45,0
20231217:1611,0,0,7.74,5.24,0
20231217:1711,0,0,7.35,5.17,0
20231217:1811,0,0,6.98,5.1,0
20231217:1911,0,0,6.78,5.1,0
20231217:2011,0,0,6.42,5.1,0
20231217:2111,0,0,6.22,5.1,0
20231217:2211,0,0,5.99,5.03,0
20231217:2311,0,0,6,5.03,0
20231218:0011,0,0,6.22,5.1,0
20231218:0111,0,0,6.57,5.24,0
20231218:0211,0,0,6.83,5.24,0
20231218:0311,0,0,7.07,5.1,0
20231218:0411,0,0,6.99,4.83,0
20231218:0511,0,0,6.81,4.62,0
20231218:0611,0,0,6.66,4.62,0
20231218:0711,0,0,7.07,5.1,0
20231218:0811,1.91,2.35,7.05,5.24,0
20231218:0911,8.6,8.06,7.26,5.38,0
20231218:1011,21.98,12.03,7.45,4.83,0
20231218:1111,28.29,13.94,7.59,6.21,0
20231218:1211,17.56,13.63,7.9,5.52,0
20231218:1311,55.6,11.11,8.06,5.52,0
20231218:1411,13.66,6.62,8.05,6.07,0
20231218:1511,0,0,7.78,5.86,0
20231218:1611,0,0,7.49,5.72,0
20231218:1711,0,0,7.32,5.86,0
20231218:1811,0,0,7.42,6,0
20231218:1911,0,0,6.67,5.93,0
20231218:2011,0,0,6.62,6.21,0
20231218:2111,0,0,6.81,6.14,0
20231218:2211,0,0,7.02,6.07,0
20231218:2311,0,0,7.13,5.93,0
20231219:0011,0,0,7.12,6,0
20231219:0111,0,0,7.05,5.79,0
20231219:0211,0,0,7.07,5.72,0
20231219:0311,0,0,7.31,5.66,0
20231219:0411,0,0,7.65,5.79,0
20231219:0511,0,0,7.93,6.14,0
20231219:0611,0,0,8.09,6.21,0
20231219:0711,0,0,8.03,5.86,0
20231219:0811,1.91,2.28,8.54,6.07,0
20231219:0911,21.02,8,8.97,6,0
20231219:1011,38.22,11.98,9.22,5.86,0
20231219:1111,21.46,13.91,9.33,5.38,0
20231219:1211,49.76,13.61,9.32,4.41,0
20231219:1311,32.2,11.12,9.2,3.38,0
20231219:1411,26.34,6.64,9.01,2.55,0
20231219:1511,0,0,8.63,2.28,0
20231219:1611,0,0,8.59,2.14,0
20231219:1711,0,0,8.67,2.14,0
20231219:1811,0,0,8.7,2.76,0
20231219:1911,0,0,8.1,3.72,0
20231219:2011,0,0,7.62,3.45,0
20231219:2111,0,0,7.2,3.24,0
20231219:2211,0,0,6.76,3.45,0
20231219:2311,0,0,6.28,4,0
20231220:0011,0,0,6.05,4.48,0
20231220:0111,0,0,5.96,4.76,0
20231220:0211,0,0,6,5.03,0
20231220:0311,0,0,6.03,5.45,0
20231220:0411,0,0,6.09,5.79,0
20231220:0511,0,0,6.08,6.07,0
20231220:0611,0,0,6.24,6.41,0
20231220:0711,0,0,6.61,6.62,0
20231220:0811,1.91,2.21,6.91,6.9,0
20231220:0911,14.33,7.95,7.09,6.97,0
20231220:1011,86,11.94,7.45,6.9,0
20231220:1111,18.54,13.89,7.68,6.55,0
20231220:1211,37.08,13.61,7.9,5.93,0
20231220:1311,57.55,11.13,7.81,6.34,0
20231220:1411,58.44,6.66,7.78,5.52,0
20231220:1511,0,0,7.56,5.24,0
20231220:1611,0,0,7.27,5.03,0
20231220:1711,0,0,7.23,5.66,0
20231220:1811,0,0,7.73,6.28,0
20231220:1911,0,0,8.24,7.31,0
20231220:2011,0,0,8.54,7.52,0
20231220:2111,0,0,8.84,7.45,0
20231220:2211,0,0,9.06,7.31,0
20231220:2311,0,0,9.26,6.9,0
20231221:0011,0,0,9.35,6.34,0
20231221:0111,0,0,9.44,6.14,0
20231221:0211,0,0,9.52,6.41,0
20231221:0311,0,0,9.62,6.83,0
20231221:0411,0,0,9.74,7.31,0
20231221:0511,0,0,9.92,8.55,0
20231221:0611,0,0,9.97,8.41,0
20231221:0711,0,0,9.8,8.76,0
20231221:0811,1.91,2.15,9.69,8.97,0
20231221:0911,45.86,7.9,9.95,9.38,0
20231221:1011,71.66,11.91,10.35,10.14,0
20231221:1111,18.54,13.87,10.43,10.97,0
20231221:1211,31.22,13.61,10.25,10.55,0
20231221:1311,17.56,11.14,10.04,10.83,0
20231221:1411,6.83,6.69,9.37,10.83,0
20231221:1511,0,0,8.23,10.34,0
20231221:1611,0,0,7.53,9.38,0
20231221:1711,0,0,7.35,8.69,0
20231221:1811,0,0,7.07,8.28,0
20231221:1911,0,0,7.38,8.28,0
20231221:2011,0,0,7.21,8.34,0
20231221:2111,0,0,6.89,8.62,0
20231221:2211,0,0,6.55,8,0
20231221:2311,0,0,6.35,8.41,0
20231222:0011,0,0,6.36,8.34,0
20231222:0111,0,0,6.05,8.14,0
20231222:0211,0,0,5.71,8.14,0
20231222:0311,0,0,5.5,7.59,0
20231222:0411,0,0,5.54,7.45,0
20231222:0511,0,0,5.54,7.86,0
20231222:0611,0,0,5.58,7.52,0
20231222:0711,0,0,6.54,6.48,0
20231222:0811,3.82,2.1,6.39,5.93,0
20231222:0911,47.78,7.86,6.31,5.52,0
20231222:1011,14.33,11.88,6.85,5.31,0
20231222:1111,31.22,13.86,7.07,5.52,0
20231222:1211,21.46,13.62,7.3,6.07,0
20231222:1311,30.25,11.17,7.65,6.69,0
20231222:1411,36.88,6.73,8.04,7.93,0
20231222:1511,0,0,7.8,8.76,0
20231222:1611,0,0,7.5,7.93,0
20231222:1711,0,0,7.34,7.38,0
20231222:1811,0,0,7.22,7.38,0
20231222:1911,0,0,7.07,6.62,0
20231222:2011,0,0,7.22,6.83,0
20231222:2111,0,0,6.85,6.76,0
20231222:2211,0,0,6.44,6.34,0
20231222:2311,0,0,6.31,6,0
20231223:0011,0,0,6.18,5.45,0
20231223:0111,0,0,6.06,4.9,0
20231223:0211,0,0,6.21,4.41,0
20231223:0311,0,0,6.05,3.45,0
20231223:0411,0,0,6.17,2.97,0
20231223:0511,0,0,7.69,6.48,0
20231223:0611,0,0,8.98,10.34,0
20231223:0711,0,0,8.94,10.34,0
20231223:0811,1.91,2.05,9.28,9.79,0
20231223:0911,15.29,7.82,9.5,9.45,0
20231223:1011,27.71,11.87,9.59,9.24,0
20231223:1111,27.32,13.86,9.7,8.97,0
20231223:1211,66.35,13.63,9.65,8.62,0
20231223:1311,27.32,11.2,9.92,8.34,0
20231223:1411,14.63,6.78,10.03,7.93,0
20231223:1511,0,0,10.02,7.59,0
20231223:1611,0,0,9.98,7.31,0
20231223:1711,0,0,9.87,6.97,0
20231223:1811,0,0,9.82,6.97,0
20231223:1911,0,0,9.41,7.17,0
20231223:2011,0,0,9.49,7.38,0
20231223:2111,0,0,9.51,7.52,0
20231223:2211,0,0,9.38,7.52,0
20231223:2311,0,0,9.3,7.59,0
20231224:0011,0,0,9.11,7.38,0
20231224:0111,0,0,8.95,7.24,0
20231224:0211,0,0,9.18,7.17,0
20231224:0311,0,0,9.4,7.17,0
20231224:0411,0,0,9.65,7.31,0
20231224:0511,0,0,9.97,7.24,0
20231224:0611,0,0,10.24,7.03,0
20231224:0711,0,0,10.09,6.83,0
20231224:0811,0.96,2.02,10.38,6.69,0
20231224:0911,17.2,7.8,10.75,6.83,0
20231224:1011,29.62,11.86,11.25,7.17,0
20231224:1111,17.56,13.87,11.64,7.31,0
20231224:1211,32.2,13.66,11.78,7.66,0
20231224:1311,13.66,11.24,11.62,8,0
20231224:1411,9.76,6.84,11.68,8.34,0
20231224:1511,0,0,11.72,8.83,0
20231224:1611,0,0,11.54,8.9,0
20231224:1711,0,0,11.57,8.76,0
20231224:1811,0,0,11.8,8.55,0
20231224:1911,0,0,11.98,9.17,0
20231224:2011,0,0,12.01,9.17,0
20231224:2111,0,0,11.8,8.69,0
20231224:2211,0,0,11.64,8.48,0
20231224:2311,0,0,11.64,8.34,0
20231225:0011,0,0,11.36,8.69,0
20231225:0111,0,0,11.27,8.55,0
20231225:0211,0,0,10.91,8.28,0
20231225:0311,0,0,10.62,8,0
20231225:0411,0,0,10.41,7.59,0
20231225:0511,0,0,10.18,6.9,0
20231225:0611,0,0,9.8,6.14,0
20231225:0711,0,0,10.07,6.34,0
20231225:0811,2.87,1.98,9.87,5.52,0
20231225:0911,52.55,7.78,9.83,4.76,0
20231225:1011,79.31,11.85,10.21,4.97,0
20231225:1111,19.51,13.88,10.57,5.03,0
20231225:1211,40.98,13.69,10.61,5.17,0
20231225:1311,70.14,11.29,10.66,5.1,0
20231225:1411,18.54,6.9,10.56,5.38,0
20231225:1511,0,0,10.29,4.28,0
20231225:1611,0,0,10.06,4.14,0
20231225:1711,0,0,10.11,5.03,0
20231225:1811,0,0,10.13,6,0
20231225:1911,0,0,10.58,5.86,0
20231225:2011,0,0,10.68,5.66,0
20231225:2111,0,0,10.58,5.31,0
20231225:2211,0,0,10.55,5.31,0
20231225:2311,0,0,10.7,6.76,0
20231226:0011,0,0,10.72,7.79,0
20231226:0111,0,0,10.69,7.93,0
20231226:0211,0,0,10.33,8.21,0
20231226:0311,0,0,9.58,7.45,0
20231226:0411,0,0,8.92,6.62,0
20231226:0511,0,0,8.46,6.48,0
20231226:0611,0,0,7.88,6.28,0
20231226:0711,0,0,7.65,6.41,0
20231226:0811,8.6,1.96,7.65,6.55,0
20231226:0911,45.86,7.77,7.81,6.69,0
20231226:1011,71.66,11.86,8.37,7.1,0
20231226:1111,93.46,13.91,8.69,8.41,0
20231226:1211,43.9,13.73,8.73,8.97,0
20231226:1311,61.43,11.35,8.62,7.86,0
20231226:1411,43.44,6.97,8.23,6.48,0
20231226:1511,0,0,7.53,5.1,0
20231226:1611,0,0,6.9,4.34,0
20231226:1711,0,0,6.42,3.86,0
20231226:1811,0,0,6.07,3.45,0
20231226:1911,0,0,6.42,3.1,0
20231226:2011,0,0,6.09,2.69,0
20231226:2111,0,0,5.44,2.28,0
20231226:2211,0,0,4.87,2.28,0
20231226:2311,0,0,4.68,2.28,0
20231227:0011,0,0,4.46,2,0
20231227:0111,0,0,4.25,2,0
20231227:0211,0,0,3.49,2,0
20231227:0311,0,0,3.01,1.93,0
20231227:0411,0,0,3.27,2.14,0
20231227:0511,0,0,3.8,2.34,0
20231227:0611,0,0,4.34,2.69,0
20231227:0711,0,0,4.97,3.17,0
20231227:0811,1.91,1.94,5.34,3.66,0
20231227:0911,20.07,7.76,5.73,4.07,0
20231227:1011,28.67,11.87,6.07,4.34,0
20231227:1111,48.78,13.93,6.63,4.34,0
20231227:1211,49.76,13.78,7.53,4.34,0
20231227:1311,29.27,11.41,8.35,4.83,0
20231227:1411,19.51,7.04,8.6,5.17,0
20231227:1511,0,0,8.67,5.59,0
20231227:1611,0,0,8.68,5.72,0
20231227:1711,0,0,8.74,5.72,0
20231227:1811,0,0,8.67,5.93,0
20231227:1911,0,0,8.38,6.69,0
20231227:2011,0,0,8.61,7.31,0
20231227:2111,0,0,8.87,7.72,0
20231227:2211,0,0,9.14,7.66,0
20231227:2311,0,0,9.85,7.59,0
20231228:0011,0,0,10.4,7.38,0
20231228:0111,0,0,10.44,7.31,0
20231228:0211,0,0,10.42,7.38,0
20231228:0311,0,0,10.3,7.59,0
20231228:0411,0,0,10.18,7.93,0
20231228:0511,0,0,10.16,8.21,0
20231228:0611,0,0,10.08,8.41,0
20231228:0711,0,0,10.05,8.69,0
20231228:0811,0.96,1.93,10.06,8.9,0
20231228:0911,48.73,7.77,10.33,8.83,0
20231228:1011,63.06,11.89,10.66,8.76,0
20231228:1111,70.25,13.97,10.82,8.62,0
20231228:1211,88.89,13.83,11,8.55,0
20231228:1311,53.66,11.48,11.02,8.48,0
20231228:1411,31.22,7.12,10.74,8.21,0
20231228:1511,0,0,10.51,8,0
20231228:1611,0,0,10.39,8,0
20231228:1711,0,0,10.21,8.07,0
20231228:1811,0,0,10.16,8.34,0
20231228:1911,0,0,10.56,8.55,0
20231228:2011,0,0,10.68,8.76,0
20231228:2111,0,0,10.51,8.9,0
20231228:2211,0,0,10.09,8.76,0
20231228:2311,0,0,9.95,8.69,0
20231229:0011,0,0,9.72,8.55,0
20231229:0111,0,0,9.58,8.69,0
20231229:0211,0,0,9.45,8.76,0
20231229:0311,0,0,9.24,8.21,0
20231229:0411,0,0,8.88,7.79,0
20231229:0511,0,0,8.78,7.72,0
20231229:0611,0,0,8.78,7.52,0
20231229:0711,0,0,9.11,7.66,0
20231229:0811,6.69,1.93,8.86,7.79,0
20231229:0911,13.38,7.78,9.28,7.72,0
20231229:1011,64.97,11.92,9.43,7.45,0
20231229:1111,108.35,14.02,9.74,7.24,0
20231229:1211,127.1,13.89,10.11,7.24,0
20231229:1311,110.89,11.56,9.79,6.76,0
20231229:1411,90.37,7.21,9.91,6.55,0
20231229:1511,0,0,9.29,5.79,0
20231229:1611,0,0,8.82,5.03,0
20231229:1711,0,0,8.27,4.55,0
20231229:1811,0,0,7.81,4.14,0
20231229:1911,0,0,7.89,4.48,0
20231229:2011,0,0,7.76,4.83,0
20231229:2111,0,0,7.17,5.52,0
20231229:2211,0,0,7.09,6,0
20231229:2311,0,0,6.74,6.41,0
20231230:0011,0,0,6.94,6.07,0
20231230:0111,0,0,6.79,6.07,0
20231230:0211,0,0,6.45,5.93,0
20231230:0311,0,0,6.23,5.86,0
20231230:0411,0,0,6.09,5.66,0
20231230:0511,0,0,5.92,5.52,0
20231230:0611,0,0,5.91,5.38,0
20231230:0711,0,0,5.97,5.24,0
20231230:0811,8.6,1.93,5.78,5.03,0
20231230:0911,38.22,7.79,6.21,4.9,0
20231230:1011,83.13,11.95,6.93,4.83,0
20231230:1111,111.19,14.07,7.78,4.21,0
20231230:1211,64.39,13.96,8.45,5.31,0
20231230:1311,49.76,11.64,8.71,4.62,0
20231230:1411,50.6,7.31,8.72,3.79,0
20231230:1511,0,0,8.72,4.34,0
20231230:1611,0,0,8.48,5.03,0
20231230:1711,0,0,8.25,5.17,0
20231230:1811,0,0,8.35,5.17,0
20231230:1911,0,0,8.64,5.17,0
20231230:2011,0,0,8.88,5.03,0
20231230:2111,0,0,9.29,5.17,0
20231230:2211,0,0,9.47,5.38,0
20231230:2311,0,0,9.49,5.59,0
20231231:0011,0,0,9.5,5.72,0
20231231:0111,0,0,9.48,5.79,0
20231231:0211,0,0,9.35,5.86,0
20231231:0311,0,0,8.94,5.79,0
20231231:0411,0,0,8.77,5.86,0
20231231:0511,0,0,8.62,6,0
20231231:0611,0,0,8.62,6.21,0
20231231:0711,0,0,8.64,6.48,0
20231231:0811,1.91,1.94,8.74,6.76,0
20231231:0911,45.86,7.82,9.1,7.03,0
20231231:1011,47.78,11.99,8.96,7.03,0
20231231:1111,54.64,14.13,8.5,6.97,0
20231231:1211,65.37,14.04,8.43,7.03,0
20231231:1311,53.66,11.73,8.64,6.83,0
20231231:1411,7.81,7.41,8.48,6.62,0
20231231:1511,0,0,8.17,6.21,0
20231231:1611,0,0,8.15,6.41,0
20231231:1711,0,0,8.2,6.76,0
20231231:1811,0,0,7.78,6.69,0
20231231:1911,0,0,8.34,6.83,0
20231231:2011,0,0,8.3,6.97,0
20231231:2111,0,0,7.99,6.83,0
20231231:2211,0,0,7.63,6.69,0
20231231:2311,0,0,7.63,6.76,0
,,,,,
G(i): Global irradiance on the inclined plane (plane of the array) (W/m2),,,,,
H_sun: Sun height (degree),,,,,
T2m: 2-m air temperature (degree Celsius),,,,,
WS10m: 10-m total wind speed (m/s),,,,,
Int: 1 means solar radiation values are reconstructed,,,,,
,,,,,
,,,,,
,,,,,
PVGIS (c) European Union, 2001-2025,,,,
